### N=256
50.00000 50.00000 50.00000 50.00000 50.00000 50.00000 50.00000 50.00000 50.00000 50.00000 50.00000 50.00000 50.00000 50.00000 50.00000 50.00000 50.00000 50.00000 50.00000 50.00000 50.00000 50.00000 50.00000 50.00000 50.00000 50.00000 50.00000 50.00000 50.00000 50.00000 50.00000 50.00000 50.00000 50.00000 50.00000 50.00000 50.00000 50.00000 50.00000 50.00000 50.00000 50.00000 50.00000 50.00000 50.00000 50.00000 50.00000 50.00000 50.00000 50.00000 50.00000 50.00000 50.00000 50.00000 50.00000 50.00000 50.00000 50.00000 50.00000 50.00000 50.00000 50.00000 50.00000 50.00000 50.00000 50.00000 50.00000 50.00000 50.00000 50.00000 50.00000 50.00000 50.00000 50.00000 50.00000 50.00000 50.00000 50.00000 50.00000 50.00000 50.00000 50.00000 50.00000 50.00000 50.00000 50.00000 50.00000 50.00000 50.00000 50.00000 50.00000 50.00000 50.00000 50.00000 50.00000 50.00000 50.00000 50.00000 50.00000 50.00000 50.00000 50.00000 50.00000 50.00000 50.00000 50.00000 50.00000 50.00000 50.00000 50.00000 50.00000 50.00000 50.00000 50.00000 50.00000 50.00000 50.00000 50.00000 50.00000 50.00000 50.00000 50.00000 50.00000 50.00000 50.00000 50.00000 50.00000 50.00000 50.00000 50.00000 50.00000 50.00000 50.00000 50.00000 50.00000 50.00000 50.00000 50.00000 50.00000 50.00000 50.00000 50.00000 50.00000 50.00000 50.00000 50.00000 50.00000 50.00000 50.00000 50.00000 50.00000 50.00000 50.00000 50.00000 50.00000 50.00000 50.00000 50.00000 50.00000 50.00000 50.00000 50.00000 50.00000 50.00000 50.00000 50.00000 50.00000 50.00000 50.00000 50.00000 50.00000 50.00000 50.00000 50.00000 50.00000 50.00000 50.00000 50.00000 50.00000 50.00000 50.00000 50.00000 50.00000 50.00000 50.00000 50.00000 50.00000 50.00000 50.00000 50.00000 50.00000 50.00000 50.00000 50.00000 50.00000 50.00000 50.00000 50.00000 50.00000 50.00000 50.00000 50.00000 50.00000 50.00000 50.00000 50.00000 50.00000 50.00000 50.00000 50.00000 50.00000 50.00000 50.00000 50.00000 50.00000 50.00000 50.00000 50.00000 50.00000 50.00000 50.00000 50.00000 50.00000 50.00000 50.00000 50.00000 50.00000 50.00000 50.00000 50.00000 50.00000 50.00000 50.00000 50.00000 50.00000 50.00000 50.00000 50.00000 50.00000 50.00000 50.00000 50.00000 50.00000 50.00000 50.00000 50.00000 50.00000 50.00000 50.00000 50.00000 50.00000 50.00000 50.00000 50.00000 50.00000 50.00000 
100.00000 74.99874 65.11484 60.46566 57.91971 56.34997 55.29390 54.53682 53.96795 53.52495 53.17019 52.87964 52.63728 52.43199 52.25584 52.10300 51.96911 51.85081 51.74550 51.65115 51.56610 51.48902 51.41883 51.35463 51.29567 51.24132 51.19105 51.14440 51.10098 51.06047 51.02256 50.98701 50.95360 50.92213 50.89243 50.86434 50.83773 50.81249 50.78850 50.76566 50.74390 50.72312 50.70326 50.68426 50.66605 50.64859 50.63181 50.61569 50.60017 50.58522 50.57081 50.55690 50.54346 50.53047 50.51789 50.50572 50.49392 50.48247 50.47136 50.46057 50.45008 50.43988 50.42994 50.42027 50.41084 50.40164 50.39267 50.38391 50.37534 50.36697 50.35879 50.35078 50.34293 50.33525 50.32771 50.32033 50.31308 50.30596 50.29897 50.29210 50.28535 50.27870 50.27217 50.26573 50.25940 50.25315 50.24700 50.24092 50.23493 50.22902 50.22318 50.21742 50.21172 50.20608 50.20051 50.19499 50.18953 50.18413 50.17877 50.17346 50.16820 50.16299 50.15781 50.15267 50.14757 50.14251 50.13747 50.13247 50.12750 50.12255 50.11763 50.11273 50.10785 50.10299 50.09815 50.09333 50.08852 50.08372 50.07894 50.07416 50.06939 50.06463 50.05988 50.05512 50.05037 50.04562 50.04087 50.03611 50.03135 50.02659 50.02181 50.01703 50.01224 50.00744 50.00262 49.99779 49.99294 49.98807 49.98319 49.97828 49.97335 49.96839 49.96341 49.95840 49.95337 49.94830 49.94320 49.93806 49.93288 49.92767 49.92242 49.91712 49.91178 49.90640 49.90096 49.89548 49.88994 49.88435 49.87869 49.87298 49.86721 49.86137 49.85546 49.84948 49.84343 49.83730 49.83109 49.82480 49.81842 49.81195 49.80538 49.79872 49.79196 49.78509 49.77811 49.77102 49.76381 49.75647 49.74900 49.74140 49.73366 49.72577 49.71773 49.70952 49.70115 49.69261 49.68388 49.67496 49.66584 49.65651 49.64697 49.63719 49.62717 49.61690 49.60637 49.59556 49.58445 49.57303 49.56129 49.54921 49.53677 49.52394 49.51071 49.49706 49.48295 49.46837 49.45327 49.43763 49.42142 49.40460 49.38712 49.36895 49.35002 49.33030 49.30971 49.28821 49.26570 49.24213 49.21739 49.19139 49.16403 49.13519 49.10472 49.07248 49.03829 49.00197 48.96328 48.92198 48.87778 48.83034 48.77927 48.72412 48.66436 48.59935 48.52836 48.45047 48.36461 48.26944 48.16332 48.04420 47.90948 47.75582 47.57884 47.37273 47.12954 46.83817 46.48257 46.03874 45.46904 44.71112 43.65421 42.08364 39.53685 34.88684 25.00210 0.00000 
100.00000 84.88011 74.99494 68.82811 64.86319 62.18628 60.28881 58.88542 57.81004 56.96167 56.27615 55.71109 55.23748 54.83485 54.48838 54.18707 53.92261 53.68861 53.48006 53.29300 53.12422 52.97116 52.83168 52.70403 52.58673 52.47856 52.37847 52.28556 52.19906 52.11832 52.04277 51.97189 51.90526 51.84249 51.78323 51.72720 51.67411 51.62373 51.57584 51.53026 51.48680 51.44532 51.40567 51.36773 51.33136 51.29648 51.26298 51.23077 51.19977 51.16991 51.14111 51.11332 51.08647 51.06051 51.03539 51.01106 50.98748 50.96461 50.94241 50.92084 50.89988 50.87948 50.85963 50.84029 50.82144 50.80306 50.78513 50.76761 50.75050 50.73377 50.71740 50.70139 50.68571 50.67034 50.65528 50.64051 50.62602 50.61179 50.59782 50.58408 50.57058 50.55730 50.54424 50.53137 50.51870 50.50621 50.49391 50.48177 50.46979 50.45797 50.44630 50.43476 50.42337 50.41210 50.40095 50.38993 50.37901 50.36820 50.35749 50.34688 50.33636 50.32593 50.31558 50.30531 50.29511 50.28498 50.27492 50.26491 50.25497 50.24508 50.23523 50.22544 50.21568 50.20597 50.19629 50.18664 50.17703 50.16744 50.15787 50.14832 50.13878 50.12926 50.11975 50.11024 50.10074 50.09124 50.08174 50.07223 50.06271 50.05318 50.04364 50.03408 50.02449 50.01489 50.00525 49.99559 49.98590 49.97616 49.96639 49.95658 49.94672 49.93681 49.92685 49.91684 49.90676 49.89663 49.88643 49.87615 49.86581 49.85538 49.84488 49.83429 49.82362 49.81285 49.80198 49.79101 49.77994 49.76875 49.75745 49.74603 49.73448 49.72280 49.71099 49.69904 49.68693 49.67468 49.66226 49.64968 49.63692 49.62399 49.61087 49.59755 49.58403 49.57029 49.55634 49.54216 49.52774 49.51307 49.49814 49.48295 49.46747 49.45169 49.43561 49.41921 49.40248 49.38540 49.36795 49.35012 49.33189 49.31325 49.29416 49.27462 49.25460 49.23407 49.21302 49.19141 49.16921 49.14639 49.12293 49.09879 49.07392 49.04829 49.02186 48.99457 48.96638 48.93724 48.90708 48.87584 48.84346 48.80985 48.77494 48.73864 48.70084 48.66145 48.62035 48.57741 48.53248 48.48541 48.43604 48.38415 48.32955 48.27200 48.21121 48.14690 48.07873 48.00630 47.92918 47.84687 47.75880 47.66431 47.56263 47.45286 47.33396 47.20470 47.06361 46.90892 46.73853 46.54983 46.33964 46.10401 45.83791 45.53495 45.18682 44.78254 44.30727 43.74055 43.05337 42.20334 41.12629 39.72123 37.82209 35.14350 31.17692 25.00841 15.12157 0.00000 
100.00000 89.52675 81.15673 74.98862 70.51868 67.24314 64.78964 62.90601 61.42512 60.23553 59.26166 58.45110 57.76671 57.18156 56.67575 56.23428 55.84567 55.50097 55.19314 54.91655 54.66664 54.43971 54.23270 54.04306 53.86867 53.70773 53.55871 53.42030 53.29139 53.17100 53.05829 52.95253 52.85306 52.75933 52.67083 52.58711 52.50777 52.43247 52.36088 52.29272 52.22774 52.16569 52.10638 52.04960 51.99520 51.94299 51.89285 51.84464 51.79824 51.75353 51.71042 51.66880 51.62860 51.58972 51.55210 51.51566 51.48034 51.44608 51.41282 51.38051 51.34910 51.31854 51.28880 51.25983 51.23158 51.20404 51.17716 51.15091 51.12527 51.10019 51.07567 51.05167 51.02816 51.00513 50.98256 50.96042 50.93870 50.91737 50.89642 50.87584 50.85560 50.83569 50.81610 50.79681 50.77782 50.75910 50.74065 50.72245 50.70449 50.68677 50.66927 50.65198 50.63489 50.61799 50.60128 50.58475 50.56838 50.55218 50.53612 50.52021 50.50444 50.48879 50.47327 50.45787 50.44258 50.42739 50.41230 50.39730 50.38238 50.36755 50.35279 50.33810 50.32348 50.30891 50.29440 50.27993 50.26551 50.25113 50.23678 50.22245 50.20816 50.19388 50.17961 50.16536 50.15111 50.13686 50.12261 50.10835 50.09408 50.07979 50.06548 50.05114 50.03677 50.02236 50.00792 49.99343 49.97889 49.96430 49.94964 49.93493 49.92014 49.90529 49.89035 49.87533 49.86023 49.84502 49.82972 49.81432 49.79881 49.78318 49.76743 49.75155 49.73554 49.71939 49.70310 49.68665 49.67004 49.65327 49.63633 49.61920 49.60189 49.58438 49.56666 49.54874 49.53059 49.51222 49.49360 49.47474 49.45561 49.43622 49.41654 49.39658 49.37631 49.35572 49.33480 49.31354 49.29192 49.26993 49.24755 49.22477 49.20157 49.17792 49.15382 49.12924 49.10416 49.07855 49.05240 49.02568 48.99836 48.97042 48.94182 48.91254 48.88253 48.85177 48.82022 48.78784 48.75458 48.72040 48.68525 48.64908 48.61183 48.57344 48.53385 48.49298 48.45077 48.40713 48.36197 48.31520 48.26672 48.21641 48.16416 48.10982 48.05326 47.99433 47.93283 47.86859 47.80140 47.73101 47.65719 47.57963 47.49803 47.41203 47.32123 47.22519 47.12341 47.01532 46.90027 46.77752 46.64625 46.50547 46.35406 46.19072 46.01393 45.82188 45.61244 45.38309 45.13074 44.85170 44.54142 44.19427 43.80319 43.35925 42.85096 42.26333 41.57645 40.76340 39.78703 38.59495 37.11156 35.22543 32.76941 29.49136 25.01891 18.84830 10.47576 0.00000 
100.00000 92.07018 85.11658 79.45098 74.97977 71.47797 68.72058 66.52386 64.74890 63.29368 62.08385 61.06494 60.19668 59.44892 58.79877 58.22864 57.72480 57.27646 56.87498 56.51341 56.18608 55.88835 55.61634 55.36685 55.13716 54.92497 54.72833 54.54555 54.37519 54.21599 54.06687 53.92686 53.79513 53.67094 53.55364 53.44263 53.33740 53.23750 53.14249 53.05202 52.96573 52.88334 52.80455 52.72912 52.65682 52.58744 52.52080 52.45670 52.39501 52.33556 52.27822 52.22287 52.16939 52.11768 52.06762 52.01914 51.97214 51.92654 51.88228 51.83928 51.79747 51.75680 51.71720 51.67863 51.64103 51.60435 51.56856 51.53361 51.49946 51.46607 51.43341 51.40144 51.37014 51.33947 51.30940 51.27992 51.25098 51.22257 51.19466 51.16724 51.14028 51.11376 51.08766 51.06197 51.03666 51.01172 50.98713 50.96289 50.93896 50.91535 50.89203 50.86899 50.84622 50.82371 50.80144 50.77941 50.75760 50.73600 50.71460 50.69340 50.67238 50.65153 50.63085 50.61032 50.58994 50.56970 50.54959 50.52960 50.50972 50.48995 50.47028 50.45070 50.43121 50.41180 50.39245 50.37317 50.35395 50.33478 50.31566 50.29657 50.27751 50.25848 50.23947 50.22047 50.20148 50.18249 50.16350 50.14449 50.12547 50.10642 50.08734 50.06823 50.04908 50.02988 50.01063 49.99132 49.97194 49.95249 49.93296 49.91334 49.89364 49.87384 49.85393 49.83391 49.81378 49.79352 49.77313 49.75260 49.73192 49.71109 49.69010 49.66894 49.64760 49.62608 49.60436 49.58245 49.56031 49.53796 49.51538 49.49256 49.46949 49.44615 49.42255 49.39866 49.37448 49.34999 49.32519 49.30005 49.27457 49.24873 49.22251 49.19591 49.16890 49.14147 49.11360 49.08528 49.05648 49.02718 48.99737 48.96702 48.93611 48.90461 48.87250 48.83976 48.80635 48.77225 48.73742 48.70184 48.66545 48.62824 48.59016 48.55117 48.51122 48.47027 48.42826 48.38515 48.34088 48.29538 48.24860 48.20045 48.15088 48.09980 48.04712 47.99275 47.93659 47.87854 47.81847 47.75627 47.69180 47.62491 47.55545 47.48323 47.40807 47.32975 47.24806 47.16273 47.07350 46.98006 46.88207 46.77916 46.67091 46.55686 46.43649 46.30923 46.17441 46.03129 45.87904 45.71671 45.54320 45.35725 45.15743 44.94205 44.70915 44.45644 44.18121 43.88023 43.54966 43.18482 42.78007 42.32845 41.82133 41.24790 40.59445 39.84337 38.97180 37.94957 36.73641 35.27787 33.49956 31.29950 28.53877 25.03362 20.55907 14.89012 7.93317 0.00000 
100.00000 93.63739 87.78844 82.71893 78.47146 74.96840 72.09086 69.71997 67.75292 66.10645 64.71512 63.52813 62.50617 61.61868 60.84178 60.15669 59.54845 59.00508 58.51691 58.07603 57.67593 57.31125 56.97748 56.67084 56.38815 56.12667 55.88408 55.65838 55.44783 55.25092 55.06633 54.89292 54.72967 54.57567 54.43014 54.29237 54.16172 54.03762 53.91957 53.80712 53.69984 53.59737 53.49936 53.40550 53.31552 53.22916 53.14618 53.06637 52.98953 52.91548 52.84404 52.77507 52.70843 52.64397 52.58157 52.52113 52.46253 52.40568 52.35048 52.29685 52.24470 52.19397 52.14457 52.09645 52.04954 52.00379 51.95913 51.91551 51.87289 51.83122 51.79046 51.75056 51.71149 51.67320 51.63567 51.59886 51.56273 51.52726 51.49242 51.45819 51.42452 51.39141 51.35882 51.32673 51.29513 51.26399 51.23328 51.20300 51.17312 51.14363 51.11450 51.08573 51.05729 51.02917 51.00136 50.97384 50.94660 50.91962 50.89289 50.86641 50.84015 50.81411 50.78827 50.76263 50.73717 50.71188 50.68675 50.66178 50.63695 50.61225 50.58768 50.56322 50.53887 50.51461 50.49045 50.46636 50.44235 50.41839 50.39450 50.37065 50.34684 50.32307 50.29931 50.27558 50.25185 50.22812 50.20439 50.18065 50.15688 50.13308 50.10925 50.08537 50.06144 50.03745 50.01340 49.98927 49.96506 49.94075 49.91636 49.89185 49.86723 49.84249 49.81762 49.79261 49.76746 49.74215 49.71667 49.69102 49.66519 49.63917 49.61295 49.58651 49.55985 49.53297 49.50584 49.47845 49.45081 49.42289 49.39468 49.36617 49.33735 49.30820 49.27872 49.24888 49.21868 49.18809 49.15711 49.12571 49.09389 49.06161 49.02887 48.99565 48.96192 48.92766 48.89286 48.85749 48.82152 48.78494 48.74772 48.70983 48.67123 48.63191 48.59183 48.55095 48.50925 48.46668 48.42320 48.37879 48.33338 48.28694 48.23941 48.19076 48.14091 48.08981 48.03741 47.98362 47.92840 47.87165 47.81330 47.75326 47.69144 47.62775 47.56207 47.49430 47.42430 47.35195 47.27711 47.19962 47.11931 47.03600 46.94949 46.85958 46.76602 46.66856 46.56691 46.46078 46.34981 46.23365 46.11187 45.98402 45.84958 45.70801 45.55865 45.40081 45.23369 45.05640 44.86791 44.66708 44.45258 44.22292 43.97635 43.71088 43.42418 43.11352 42.77571 42.40698 42.00282 41.55786 41.06560 40.51814 39.90579 39.21657 38.43555 37.54392 36.51781 35.32667 33.93118 32.28054 30.30932 27.93425 25.05254 21.54529 17.29363 12.21994 6.36680 0.00000 
100.00000 94.69093 89.68085 85.16486 81.21874 77.83329 74.95449 72.51222 70.43637 68.66408 67.14204 65.82631 64.68118 63.67783 62.79300 62.00789 61.30722 60.67852 60.11155 59.59785 59.13038 58.70324 58.31148 57.95090 57.61792 57.30948 57.02295 56.75606 56.50682 56.27351 56.05462 55.84882 55.65494 55.47194 55.29890 55.13499 54.97947 54.83170 54.69107 54.55704 54.42915 54.30693 54.19001 54.07801 53.97061 53.86750 53.76840 53.67307 53.58127 53.49278 53.40740 53.32495 53.24527 53.16819 53.09357 53.02128 52.95118 52.88316 52.81712 52.75294 52.69053 52.62980 52.57068 52.51307 52.45691 52.40212 52.34864 52.29641 52.24537 52.19547 52.14664 52.09885 52.05205 52.00618 51.96122 51.91711 51.87383 51.83133 51.78958 51.74856 51.70821 51.66853 51.62947 51.59102 51.55314 51.51581 51.47901 51.44272 51.40690 51.37154 51.33663 51.30213 51.26804 51.23433 51.20099 51.16799 51.13533 51.10299 51.07095 51.03919 51.00771 50.97648 50.94550 50.91475 50.88422 50.85390 50.82377 50.79382 50.76405 50.73443 50.70496 50.67563 50.64643 50.61734 50.58836 50.55947 50.53067 50.50195 50.47329 50.44469 50.41614 50.38763 50.35914 50.33067 50.30222 50.27376 50.24530 50.21682 50.18832 50.15978 50.13119 50.10256 50.07386 50.04509 50.01624 49.98730 49.95827 49.92912 49.89986 49.87047 49.84095 49.81128 49.78145 49.75146 49.72129 49.69094 49.66039 49.62963 49.59865 49.56745 49.53600 49.50430 49.47234 49.44009 49.40756 49.37473 49.34158 49.30810 49.27427 49.24009 49.20553 49.17059 49.13524 49.09947 49.06325 49.02659 48.98944 48.95180 48.91365 48.87496 48.83571 48.79589 48.75546 48.71440 48.67269 48.63029 48.58719 48.54335 48.49874 48.45333 48.40709 48.35997 48.31194 48.26297 48.21301 48.16201 48.10993 48.05673 48.00234 47.94672 47.88980 47.83153 47.77184 47.71067 47.64792 47.58354 47.51744 47.44952 47.37969 47.30784 47.23388 47.15768 47.07912 46.99807 46.91436 46.82786 46.73839 46.64578 46.54981 46.45028 46.34695 46.23957 46.12787 46.01154 45.89026 45.76365 45.63133 45.49286 45.34774 45.19546 45.03541 44.86693 44.68930 44.50168 44.30316 44.09270 43.86912 43.63110 43.37713 43.10548 42.81419 42.50096 42.16317 41.79776 41.40115 40.96915 40.49680 39.97820 39.40633 38.77271 38.06710 37.27705 36.38726 35.37894 34.22884 32.90812 31.38109 29.60380 27.52294 25.07565 22.19184 18.80137 14.85023 10.32920 5.31410 0.00000 
100.00000 95.44548 91.07919 87.04090 83.40535 80.19155 77.38159 74.93806 72.81625 70.97146 69.36266 67.95388 66.71441 65.61846 64.64450 63.77464 62.99402 62.29023 61.65293 61.07345 60.54448 60.05985 59.61430 59.20334 58.82314 58.47038 58.14219 57.83609 57.54988 57.28169 57.02982 56.79281 56.56934 56.35825 56.15852 55.96921 55.78949 55.61863 55.45595 55.30084 55.15276 55.01121 54.87574 54.74593 54.62140 54.50182 54.38686 54.27624 54.16969 54.06696 53.96782 53.87207 53.77951 53.68996 53.60325 53.51923 53.43775 53.35868 53.28188 53.20725 53.13467 53.06404 52.99526 52.92824 52.86290 52.79915 52.73691 52.67613 52.61672 52.55863 52.50180 52.44616 52.39167 52.33826 52.28591 52.23455 52.18414 52.13465 52.08603 52.03824 51.99125 51.94502 51.89953 51.85473 51.81060 51.76711 51.72424 51.68195 51.64022 51.59902 51.55833 51.51814 51.47841 51.43913 51.40027 51.36182 51.32375 51.28606 51.24871 51.21170 51.17500 51.13861 51.10250 51.06666 51.03107 50.99572 50.96060 50.92570 50.89099 50.85646 50.82211 50.78792 50.75387 50.71996 50.68618 50.65250 50.61893 50.58544 50.55203 50.51869 50.48540 50.45216 50.41895 50.38576 50.35259 50.31941 50.28623 50.25302 50.21979 50.18652 50.15319 50.11981 50.08635 50.05281 50.01917 49.98544 49.95158 49.91761 49.88349 49.84923 49.81481 49.78022 49.74545 49.71048 49.67531 49.63993 49.60431 49.56846 49.53235 49.49597 49.45931 49.42236 49.38509 49.34751 49.30959 49.27132 49.23268 49.19365 49.15423 49.11439 49.07411 49.03338 48.99218 48.95049 48.90829 48.86556 48.82227 48.77841 48.73395 48.68887 48.64314 48.59673 48.54963 48.50179 48.45319 48.40381 48.35360 48.30253 48.25057 48.19767 48.14381 48.08894 48.03301 47.97598 47.91780 47.85842 47.79779 47.73585 47.67253 47.60779 47.54155 47.47373 47.40427 47.33308 47.26009 47.18519 47.10829 47.02929 46.94808 46.86455 46.77856 46.68998 46.59867 46.50448 46.40723 46.30674 46.20283 46.09528 45.98387 45.86835 45.74846 45.62389 45.49435 45.35949 45.21892 45.07225 44.91900 44.75870 44.59079 44.41466 44.22965 44.03502 43.82992 43.61345 43.38457 43.14211 42.88477 42.61108 42.31936 42.00770 41.67395 41.31559 40.92978 40.51319 40.06198 39.57167 39.03701 38.45182 37.80880 37.09926 36.31288 35.43725 34.45751 33.35576 32.11048 30.69588 29.08125 27.23063 25.10297 22.65359 19.83778 16.61812 12.97671 8.93255 4.56038 0.00000 
100.00000 96.01182 92.14951 88.51420 85.17020 82.14595 79.44228 77.04217 74.91910 73.04286 71.38327 69.91212 68.60412 67.43709 66.39190 65.45217 64.60397 63.83544 63.13649 62.49854 61.91426 61.37738 60.88252 60.42504 60.00093 59.60671 59.23935 58.89620 58.57495 58.27353 57.99017 57.72324 57.47135 57.23321 57.00771 56.79383 56.59066 56.39738 56.21326 56.03762 55.86985 55.70942 55.55580 55.40856 55.26725 55.13152 55.00099 54.87534 54.75429 54.63755 54.52486 54.41600 54.31074 54.20888 54.11024 54.01464 53.92191 53.83191 53.74449 53.65951 53.57687 53.49643 53.41808 53.34174 53.26729 53.19465 53.12374 53.05447 52.98676 52.92054 52.85575 52.79232 52.73019 52.66930 52.60960 52.55103 52.49354 52.43709 52.38163 52.32712 52.27352 52.22079 52.16888 52.11777 52.06742 52.01780 51.96888 51.92062 51.87300 51.82598 51.77955 51.73368 51.68833 51.64350 51.59914 51.55525 51.51180 51.46877 51.42614 51.38389 51.34200 51.30045 51.25922 51.21831 51.17768 51.13732 51.09723 51.05737 51.01774 50.97832 50.93910 50.90006 50.86118 50.82246 50.78388 50.74543 50.70709 50.66886 50.63071 50.59263 50.55462 50.51666 50.47873 50.44084 50.40295 50.36507 50.32717 50.28926 50.25131 50.21331 50.17526 50.13713 50.09892 50.06062 50.02221 49.98368 49.94503 49.90623 49.86727 49.82815 49.78884 49.74934 49.70964 49.66971 49.62955 49.58915 49.54848 49.50754 49.46630 49.42477 49.38291 49.34072 49.29818 49.25526 49.21197 49.16827 49.12416 49.07961 49.03460 48.98912 48.94314 48.89665 48.84962 48.80203 48.75386 48.70508 48.65568 48.60562 48.55487 48.50342 48.45124 48.39828 48.34453 48.28994 48.23449 48.17815 48.12086 48.06260 48.00332 47.94299 47.88155 47.81896 47.75517 47.69013 47.62379 47.55608 47.48695 47.41633 47.34416 47.27036 47.19486 47.11757 47.03842 46.95731 46.87415 46.78883 46.70124 46.61128 46.51881 46.42371 46.32583 46.22501 46.12111 46.01395 45.90333 45.78905 45.67091 45.54866 45.42205 45.29080 45.15463 45.01320 44.86616 44.71313 44.55370 44.38740 44.21374 44.03215 43.84205 43.64275 43.43353 43.21356 42.98193 42.73764 42.47955 42.20640 41.91678 41.60909 41.28152 40.93203 40.55830 40.15769 39.72716 39.26323 38.76191 38.21854 37.62775 36.98327 36.27777 35.50267 34.64789 33.70156 32.64976 31.47610 30.16146 28.68366 27.01741 25.13450 23.00474 20.59795 17.88758 14.85663 11.50592 7.86391 3.99489 0.00000 
100.00000 96.45229 92.99282 89.69621 86.61530 83.77978 81.19940 78.86926 76.77511 74.89761 73.21543 71.70723 70.35286 69.13388 68.03383 67.03818 66.13427 65.31107 64.55905 63.86995 63.23663 62.65289 62.11336 61.61337 61.14883 60.71618 60.31230 59.93443 59.58016 59.24734 58.93407 58.63866 58.35960 58.09554 57.84529 57.60774 57.38193 57.16698 56.96208 56.76651 56.57962 56.40079 56.22950 56.06524 55.90754 55.75600 55.61023 55.46986 55.33458 55.20408 55.07808 54.95632 54.83857 54.72459 54.61419 54.50717 54.40335 54.30256 54.20464 54.10945 54.01685 53.92671 53.83891 53.75334 53.66988 53.58844 53.50892 53.43124 53.35530 53.28103 53.20835 53.13718 53.06748 52.99915 52.93216 52.86642 52.80191 52.73855 52.67629 52.61510 52.55493 52.49572 52.43744 52.38006 52.32352 52.26780 52.21285 52.15865 52.10517 52.05236 52.00021 51.94868 51.89775 51.84738 51.79756 51.74825 51.69944 51.65109 51.60319 51.55572 51.50865 51.46197 51.41565 51.36967 51.32401 51.27867 51.23361 51.18882 51.14428 51.09998 51.05590 51.01203 50.96834 50.92482 50.88146 50.83825 50.79516 50.75218 50.70930 50.66651 50.62379 50.58112 50.53849 50.49590 50.45332 50.41074 50.36814 50.32553 50.28287 50.24016 50.19739 50.15453 50.11159 50.06854 50.02537 49.98206 49.93861 49.89500 49.85122 49.80724 49.76307 49.71867 49.67405 49.62917 49.58404 49.53863 49.49292 49.44691 49.40057 49.35389 49.30685 49.25943 49.21162 49.16340 49.11475 49.06565 49.01608 48.96602 48.91545 48.86434 48.81268 48.76045 48.70761 48.65414 48.60003 48.54523 48.48974 48.43350 48.37651 48.31872 48.26010 48.20063 48.14026 48.07896 48.01669 47.95342 47.88910 47.82369 47.75714 47.68940 47.62044 47.55018 47.47859 47.40560 47.33115 47.25517 47.17761 47.09838 47.01742 46.93464 46.84996 46.76329 46.67453 46.58360 46.49037 46.39474 46.29658 46.19577 46.09218 45.98564 45.87602 45.76314 45.64682 45.52687 45.40308 45.27523 45.14309 45.00639 44.86485 44.71818 44.56605 44.40810 44.24395 44.07319 43.89534 43.70992 43.51639 43.31413 43.10250 42.88077 42.64815 42.40375 42.14660 41.87562 41.58959 41.28717 40.96686 40.62697 40.26559 39.88059 39.46954 39.02970 38.55793 38.05069 37.50388 36.91284 36.27219 35.57574 34.81635 33.98576 33.07444 32.07136 30.96387 29.73743 28.37558 26.85990 25.17022 23.28521 21.18354 18.84588 16.25796 13.41490 10.32645 7.02228 3.55526 0.00000 
100.00000 96.80453 93.67328 90.66250 87.81502 85.15847 82.70627 80.46037 78.41448 76.55704 74.87359 73.34852 71.96621 70.71176 69.57135 68.53246 67.58384 66.71552 65.91869 65.18559 64.50942 63.88419 63.30467 62.76624 62.26483 61.79688 61.35923 60.94907 60.56392 60.20159 59.86011 59.53771 59.23284 58.94407 58.67015 58.40992 58.16236 57.92652 57.70157 57.48673 57.28130 57.08465 56.89617 56.71535 56.54168 56.37472 56.21405 56.05929 55.91008 55.76611 55.62705 55.49264 55.36262 55.23673 55.11477 54.99651 54.88176 54.77034 54.66207 54.55680 54.45438 54.35466 54.25752 54.16282 54.07045 53.98030 53.89227 53.80626 53.72217 53.63992 53.55942 53.48060 53.40337 53.32768 53.25345 53.18061 53.10911 53.03889 52.96989 52.90207 52.83536 52.76972 52.70512 52.64149 52.57880 52.51701 52.45608 52.39598 52.33666 52.27810 52.22025 52.16309 52.10660 52.05072 51.99545 51.94075 51.88660 51.83296 51.77982 51.72715 51.67492 51.62312 51.57172 51.52070 51.47004 51.41972 51.36972 51.32001 51.27059 51.22142 51.17250 51.12381 51.07532 51.02703 50.97890 50.93094 50.88311 50.83541 50.78782 50.74032 50.69290 50.64554 50.59823 50.55094 50.50368 50.45642 50.40914 50.36183 50.31448 50.26708 50.21960 50.17203 50.12436 50.07658 50.02866 49.98059 49.93236 49.88395 49.83535 49.78654 49.73751 49.68824 49.63870 49.58890 49.53880 49.48840 49.43767 49.38660 49.33517 49.28337 49.23116 49.17854 49.12549 49.07197 49.01798 48.96350 48.90849 48.85294 48.79683 48.74012 48.68281 48.62485 48.56623 48.50691 48.44688 48.38609 48.32453 48.26215 48.19893 48.13484 48.06983 48.00387 47.93692 47.86895 47.79990 47.72975 47.65843 47.58591 47.51214 47.43705 47.36061 47.28275 47.20341 47.12252 47.04003 46.95585 46.86992 46.78216 46.69249 46.60081 46.50704 46.41108 46.31283 46.21217 46.10899 46.00317 45.89457 45.78305 45.66847 45.55067 45.42947 45.30470 45.17615 45.04362 44.90689 44.76571 44.61982 44.46895 44.31280 44.15103 43.98329 43.80921 43.62837 43.44032 43.24456 43.04057 42.82775 42.60548 42.37305 42.12969 41.87455 41.60670 41.32511 41.02864 40.71602 40.38584 40.03653 39.66634 39.27329 38.85520 38.40958 37.93363 37.42419 36.87770 36.29008 35.65674 34.97243 34.23116 33.42613 32.54960 31.59274 30.54559 29.39691 28.13416 26.74354 25.21015 23.51837 21.65258 19.59833 17.34406 14.88348 12.21855 9.36269 6.34351 3.20386 0.00000 
100.00000 97.09255 94.23329 91.46547 88.82382 86.33282 84.00683 81.85146 79.86540 78.04248 76.37338 74.84705 73.45170 72.17558 71.00737 69.93646 68.95311 68.04848 67.21459 66.44430 65.73125 65.06979 64.45489 63.88207 63.34738 62.84729 62.37866 61.93869 61.52488 61.13500 60.76706 60.41926 60.08997 59.77776 59.48131 59.19943 58.93105 58.67518 58.43095 58.19755 57.97422 57.76031 57.55519 57.35830 57.16911 56.98715 56.81197 56.64317 56.48036 56.32321 56.17138 56.02458 55.88252 55.74495 55.61163 55.48233 55.35684 55.23496 55.11650 55.00131 54.88920 54.78004 54.67367 54.56997 54.46880 54.37005 54.27361 54.17936 54.08721 53.99706 53.90882 53.82241 53.73774 53.65474 53.57334 53.49346 53.41504 53.33801 53.26232 53.18791 53.11472 53.04270 52.97181 52.90198 52.83318 52.76537 52.69849 52.63251 52.56740 52.50311 52.43960 52.37685 52.31482 52.25347 52.19278 52.13271 52.07324 52.01434 51.95598 51.89813 51.84077 51.78388 51.72742 51.67138 51.61574 51.56046 51.50553 51.45093 51.39663 51.34262 51.28888 51.23538 51.18212 51.12905 51.07618 51.02349 50.97094 50.91853 50.86624 50.81405 50.76195 50.70991 50.65793 50.60598 50.55404 50.50211 50.45016 50.39818 50.34616 50.29407 50.24190 50.18963 50.13725 50.08475 50.03210 49.97928 49.92629 49.87310 49.81970 49.76607 49.71219 49.65806 49.60363 49.54891 49.49387 49.43850 49.38277 49.32666 49.27016 49.21324 49.15589 49.09809 49.03980 48.98102 48.92171 48.86186 48.80144 48.74043 48.67880 48.61652 48.55357 48.48992 48.42554 48.36040 48.29448 48.22773 48.16013 48.09165 48.02224 47.95187 47.88050 47.80810 47.73461 47.66000 47.58422 47.50723 47.42897 47.34939 47.26844 47.18607 47.10220 47.01679 46.92976 46.84105 46.75058 46.65828 46.56407 46.46786 46.36956 46.26908 46.16632 46.06117 45.95353 45.84326 45.73026 45.61437 45.49547 45.37340 45.24800 45.11909 44.98650 44.85003 44.70947 44.56458 44.41515 44.26089 44.10155 43.93681 43.76635 43.58984 43.40688 43.21708 43.02000 42.81515 42.60201 42.38003 42.14858 41.90699 41.65453 41.39038 41.11366 40.82339 40.51851 40.19781 39.86001 39.50363 39.12708 38.72855 38.30605 37.85734 37.37994 36.87104 36.32751 35.74583 35.12202 34.45162 33.72961 32.95033 32.10742 31.19375 30.20134 29.12134 27.94402 26.65877 25.25428 23.71879 22.04051 20.20841 18.21315 16.04856 13.71336 11.21313 8.56225 5.78519 2.91669 0.00000 
100.00000 97.33238 94.70184 92.14228 89.68196 87.34214 85.13679 83.07323 81.15317 79.37410 77.73041 76.21458 74.81797 73.53150 72.34607 71.25290 70.24368 69.31070 68.44689 67.64577 66.90151 66.20884 65.56302 64.95979 64.39534 63.86624 63.36943 62.90214 62.46190 62.04648 61.65387 61.28227 60.93004 60.59570 60.27791 59.97545 59.68722 59.41221 59.14951 58.89827 58.65773 58.42719 58.20599 57.99355 57.78932 57.59280 57.40352 57.22105 57.04500 56.87499 56.71068 56.55177 56.39794 56.24893 56.10448 55.96434 55.82830 55.69615 55.56768 55.44272 55.32108 55.20262 55.08716 54.97458 54.86474 54.75750 54.65274 54.55036 54.45024 54.35229 54.25640 54.16248 54.07045 53.98022 53.89171 53.80485 53.71957 53.63580 53.55348 53.47253 53.39291 53.31456 53.23742 53.16145 53.08658 53.01278 52.94000 52.86819 52.79731 52.72733 52.65820 52.58989 52.52235 52.45556 52.38948 52.32408 52.25932 52.19518 52.13162 52.06863 52.00616 51.94419 51.88271 51.82167 51.76106 51.70085 51.64101 51.58154 51.52239 51.46356 51.40501 51.34673 51.28870 51.23089 51.17329 51.11588 51.05863 51.00153 50.94456 50.88770 50.83093 50.77424 50.71759 50.66099 50.60440 50.54782 50.49122 50.43458 50.37790 50.32114 50.26430 50.20735 50.15028 50.09306 50.03570 49.97815 49.92041 49.86246 49.80428 49.74584 49.68714 49.62816 49.56886 49.50925 49.44928 49.38895 49.32824 49.26711 49.20556 49.14356 49.08108 49.01811 48.95462 48.89059 48.82599 48.76080 48.69499 48.62854 48.56141 48.49359 48.42503 48.35572 48.28561 48.21468 48.14290 48.07023 47.99663 47.92207 47.84650 47.76990 47.69222 47.61340 47.53342 47.45222 47.36976 47.28598 47.20082 47.11424 47.02618 46.93657 46.84535 46.75245 46.65781 46.56134 46.46298 46.36263 46.26022 46.15564 46.04881 45.93963 45.82798 45.71376 45.59684 45.47710 45.35440 45.22860 45.09955 44.96708 44.83103 44.69120 44.54742 44.39945 44.24710 44.09010 43.92822 43.76117 43.58866 43.41038 43.22597 43.03508 42.83732 42.63224 42.41939 42.19826 41.96832 41.72896 41.47955 41.21938 40.94769 40.66364 40.36631 40.05470 39.72770 39.38410 39.02256 38.64161 38.23960 37.81474 37.36501 36.88819 36.38180 35.84309 35.26899 34.65608 34.00054 33.29811 32.54407 31.73314 30.85947 29.91663 28.89752 27.79442 26.59905 25.30262 23.89603 22.37020 20.71650 18.92739 16.99730 14.92367 12.70826 10.35837 7.88798 5.31833 2.67770 0.00000 
100.00000 97.53514 95.09941 92.71984 90.41961 88.21699 86.12497 84.15148 82.29998 80.57032 78.95958 77.46289 76.07411 74.78637 73.59252 72.48538 71.45800 70.50377 69.61648 68.79038 68.02018 67.30104 66.62855 65.99873 65.40794 64.85291 64.33067 63.83855 63.37410 62.93514 62.51968 62.12592 61.75221 61.39708 61.05917 60.73724 60.43017 60.13694 59.85660 59.58830 59.33125 59.08471 58.84803 58.62059 58.40182 58.19120 57.98825 57.79251 57.60358 57.42106 57.24460 57.07387 56.90855 56.74835 56.59301 56.44227 56.29589 56.15365 56.01536 55.88080 55.74980 55.62218 55.49779 55.37646 55.25806 55.14246 55.02951 54.91910 54.81112 54.70545 54.60200 54.50066 54.40135 54.30396 54.20843 54.11467 54.02260 53.93215 53.84325 53.75583 53.66984 53.58521 53.50188 53.41980 53.33892 53.25918 53.18053 53.10293 53.02634 52.95070 52.87598 52.80214 52.72914 52.65694 52.58550 52.51479 52.44478 52.37543 52.30671 52.23859 52.17104 52.10403 52.03754 51.97153 51.90598 51.84086 51.77615 51.71182 51.64784 51.58420 51.52088 51.45784 51.39506 51.33253 51.27022 51.20811 51.14618 51.08441 51.02277 50.96126 50.89984 50.83850 50.77723 50.71599 50.65477 50.59355 50.53231 50.47103 50.40970 50.34830 50.28680 50.22518 50.16344 50.10154 50.03947 49.97721 49.91474 49.85205 49.78910 49.72589 49.66238 49.59857 49.53442 49.46993 49.40506 49.33979 49.27411 49.20799 49.14141 49.07434 49.00677 48.93865 48.86998 48.80073 48.73086 48.66036 48.58918 48.51732 48.44473 48.37138 48.29725 48.22230 48.14650 48.06982 47.99221 47.91365 47.83409 47.75349 47.67181 47.58902 47.50506 47.41988 47.33345 47.24571 47.15661 47.06609 46.97410 46.88058 46.78546 46.68868 46.59017 46.48986 46.38767 46.28353 46.17735 46.06904 45.95852 45.84568 45.73043 45.61265 45.49223 45.36905 45.24298 45.11390 44.98165 44.84608 44.70704 44.56434 44.41782 44.26728 44.11250 43.95328 43.78936 43.62051 43.44646 43.26691 43.08155 42.89006 42.69208 42.48721 42.27506 42.05517 41.82705 41.59020 41.34403 41.08795 40.82127 40.54329 40.25321 39.95018 39.63325 39.30140 38.95350 38.58833 38.20454 37.80063 37.37498 36.92579 36.45105 35.94859 35.41598 34.85053 34.24928 33.60896 32.92594 32.19622 31.41541 30.57867 29.68071 28.71578 27.67768 26.55979 25.35515 24.05661 22.65701 21.14948 19.52789 17.78735 15.92497 13.94058 11.83765 9.62411 7.31296 4.92245 2.47580 0.00000 
100.00000 97.70876 95.44083 93.21807 91.05965 88.98124 86.99463 85.10774 83.32495 81.64762 80.07471 78.60330 77.22920 75.94736 74.75224 73.63810 72.59918 71.62990 70.72489 69.87909 69.08778 68.34657 67.65143 66.99863 66.38479 65.80679 65.26181 64.74727 64.26081 63.80031 63.36380 62.94951 62.55582 62.18124 61.82444 61.48416 61.15929 60.84877 60.55166 60.26709 59.99424 59.73238 59.48083 59.23896 59.00617 58.78194 58.56576 58.35718 58.15575 57.96108 57.77280 57.59055 57.41403 57.24292 57.07694 56.91582 56.75933 56.60723 56.45929 56.31532 56.17513 56.03852 55.90534 55.77542 55.64860 55.52475 55.40373 55.28542 55.16968 55.05641 54.94549 54.83682 54.73031 54.62586 54.52338 54.42279 54.32400 54.22694 54.13153 54.03771 53.94540 53.85455 53.76509 53.67696 53.59011 53.50448 53.42002 53.33668 53.25440 53.17316 53.09289 53.01356 52.93513 52.85755 52.78080 52.70482 52.62958 52.55505 52.48120 52.40799 52.33539 52.26336 52.19189 52.12093 52.05047 51.98046 51.91090 51.84174 51.77296 51.70454 51.63645 51.56867 51.50118 51.43394 51.36694 51.30016 51.23357 51.16714 51.10087 51.03472 50.96868 50.90272 50.83682 50.77096 50.70513 50.63929 50.57344 50.50754 50.44159 50.37555 50.30941 50.24315 50.17675 50.11019 50.04344 49.97649 49.90931 49.84189 49.77420 49.70622 49.63793 49.56931 49.50033 49.43098 49.36123 49.29105 49.22043 49.14934 49.07775 49.00564 48.93298 48.85976 48.78593 48.71148 48.63637 48.56058 48.48407 48.40682 48.32880 48.24997 48.17029 48.08975 48.00829 47.92588 47.84248 47.75806 47.67258 47.58599 47.49824 47.40930 47.31911 47.22762 47.13479 47.04057 46.94488 46.84769 46.74892 46.64851 46.54640 46.44252 46.33679 46.22914 46.11949 46.00776 45.89385 45.77768 45.65914 45.53814 45.41456 45.28830 45.15923 45.02722 44.89214 44.75386 44.61221 44.46704 44.31817 44.16544 44.00864 43.84758 43.68204 43.51178 43.33657 43.15613 42.97019 42.77845 42.58058 42.37624 42.16506 41.94663 41.72054 41.48632 41.24346 40.99144 40.72967 40.45752 40.17431 39.87930 39.57169 39.25061 38.91510 38.56413 38.19657 37.81119 37.40662 36.98141 36.53391 36.06237 35.56483 35.03915 34.48299 33.89377 33.26865 32.60454 31.89803 31.14543 30.34269 29.48543 28.56892 27.58810 26.53763 25.41189 24.20516 22.91168 21.52592 20.04283 18.45822 16.76917 14.97465 13.07601 11.07764 8.98747 6.81728 4.58274 2.30302 0.00000 
100.00000 97.85907 95.73708 93.65195 91.61967 89.65370 87.76458 85.95990 84.24444 82.62052 81.08832 79.64640 78.29204 77.02164 75.83100 74.71559 73.67073 72.69176 71.77408 70.91332 70.10528 69.34605 68.63196 67.95958 67.32578 66.72765 66.16251 65.62790 65.12158 64.64147 64.18569 63.75250 63.34030 62.94764 62.57318 62.21569 61.87404 61.54719 61.23418 60.93414 60.64625 60.36975 60.10396 59.84823 59.60197 59.36463 59.13569 58.91468 58.70116 58.49471 58.29495 58.10152 57.91409 57.73235 57.55600 57.38476 57.21838 57.05663 56.89926 56.74607 56.59686 56.45144 56.30963 56.17126 56.03617 55.90422 55.77526 55.64915 55.52577 55.40500 55.28673 55.17083 55.05722 54.94579 54.83645 54.72910 54.62367 54.52008 54.41823 54.31807 54.21952 54.12251 54.02697 53.93285 53.84008 53.74861 53.65839 53.56935 53.48145 53.39463 53.30886 53.22409 53.14027 53.05735 52.97531 52.89409 52.81367 52.73400 52.65505 52.57677 52.49915 52.42214 52.34572 52.26985 52.19449 52.11963 52.04524 51.97128 51.89772 51.82455 51.75172 51.67923 51.60704 51.53512 51.46346 51.39202 51.32079 51.24973 51.17884 51.10808 51.03743 50.96686 50.89637 50.82592 50.75549 50.68506 50.61461 50.54411 50.47355 50.40291 50.33215 50.26127 50.19023 50.11902 50.04761 49.97599 49.90412 49.83199 49.75958 49.68686 49.61381 49.54040 49.46662 49.39243 49.31782 49.24276 49.16722 49.09118 49.01461 48.93748 48.85977 48.78146 48.70250 48.62288 48.54256 48.46151 48.37971 48.29710 48.21368 48.12939 48.04421 47.95810 47.87101 47.78292 47.69378 47.60355 47.51218 47.41964 47.32587 47.23082 47.13445 47.03671 46.93754 46.83687 46.73467 46.63085 46.52537 46.41815 46.30912 46.19821 46.08534 45.97043 45.85340 45.73416 45.61262 45.48867 45.36223 45.23317 45.10139 44.96676 44.82916 44.68846 44.54452 44.39718 44.24629 44.09168 43.93318 43.77060 43.60373 43.43237 43.25629 43.07525 42.88900 42.69725 42.49973 42.29612 42.08608 41.86926 41.64528 41.41373 41.17416 40.92610 40.66904 40.40243 40.12568 39.83815 39.53914 39.22792 38.90365 38.56547 38.21242 37.84346 37.45747 37.05322 36.62936 36.18445 35.71689 35.22496 34.70675 34.16020 33.58307 32.97289 32.32701 31.64250 30.91623 30.14478 29.32449 28.45143 27.52143 26.53008 25.47283 24.34500 23.14190 21.85902 20.49216 19.03771 17.49297 15.85648 14.12844 12.31117 10.40944 8.43085 6.38595 4.28819 2.15356 0.00000 
100.00000 97.99044 95.99648 94.03298 92.11339 90.24930 88.45008 86.72283 85.07242 83.50168 82.01166 80.60193 79.27092 78.01615 76.83452 75.72252 74.67640 73.69231 72.76637 71.89481 71.07398 70.30040 69.57076 68.88196 68.23111 67.61552 67.03267 66.48026 65.95613 65.45832 64.98500 64.53449 64.10525 63.69584 63.30496 62.93138 62.57400 62.23177 61.90375 61.58905 61.28685 60.99641 60.71703 60.44804 60.18886 59.93891 59.69769 59.46470 59.23949 59.02165 58.81077 58.60650 58.40848 58.21639 58.02994 57.84884 57.67282 57.50164 57.33505 57.17285 57.01481 56.86075 56.71048 56.56382 56.42062 56.28070 56.14393 56.01016 55.87926 55.75111 55.62558 55.50256 55.38195 55.26363 55.14752 55.03351 54.92152 54.81146 54.70326 54.59682 54.49209 54.38898 54.28744 54.18738 54.08876 53.99151 53.89556 53.80088 53.70740 53.61507 53.52384 53.43366 53.34449 53.25629 53.16900 53.08258 52.99701 52.91223 52.82821 52.74491 52.66230 52.58034 52.49900 52.41824 52.33803 52.25834 52.17915 52.10041 52.02210 51.94420 51.86667 51.78948 51.71262 51.63605 51.55974 51.48367 51.40783 51.33217 51.25667 51.18132 51.10609 51.03095 50.95588 50.88085 50.80585 50.73085 50.65582 50.58075 50.50561 50.43037 50.35502 50.27953 50.20388 50.12805 50.05200 49.97573 49.89920 49.82239 49.74527 49.66783 49.59004 49.51188 49.43331 49.35431 49.27487 49.19494 49.11451 49.03354 48.95202 48.86991 48.78718 48.70380 48.61975 48.53498 48.44948 48.36321 48.27613 48.18821 48.09942 48.00971 47.91906 47.82742 47.73475 47.64102 47.54617 47.45017 47.35296 47.25451 47.15477 47.05367 46.95118 46.84723 46.74176 46.63473 46.52606 46.41569 46.30356 46.18959 46.07371 45.95585 45.83592 45.71384 45.58952 45.46287 45.33378 45.20217 45.06792 44.93092 44.79106 44.64819 44.50220 44.35295 44.20029 44.04406 43.88409 43.72023 43.55227 43.38004 43.20331 43.02188 42.83550 42.64393 42.44691 42.24415 42.03536 41.82021 41.59836 41.36945 41.13308 40.88883 40.63626 40.37488 40.10416 39.82357 39.53248 39.23026 38.91620 38.58956 38.24952 37.89520 37.52565 37.13983 36.73664 36.31485 35.87316 35.41015 34.92425 34.41381 33.87700 33.31183 32.71619 32.08774 31.42399 30.72224 29.97960 29.19297 28.35906 27.47438 26.53528 25.53798 24.47863 23.35336 22.15844 20.89035 19.54598 18.12289 16.61947 15.03532 13.37148 11.63079 9.81811 7.94055 6.00748 4.03049 2.02305 0.00000 
100.00000 98.10621 96.22543 94.37009 92.55162 90.78002 89.06360 87.40892 85.82073 84.30212 82.85469 81.47876 80.17356 78.93751 77.76841 76.66358 75.62006 74.63469 73.70427 72.82558 71.99544 71.21080 70.46871 69.76639 69.10119 68.47064 67.87240 67.30432 66.76437 66.25067 65.76150 65.29522 64.85036 64.42552 64.01942 63.63088 63.25879 62.90214 62.55999 62.23145 61.91571 61.61202 61.31969 61.03805 60.76650 60.50448 60.25145 60.00693 59.77047 59.54162 59.31999 59.10521 58.89693 58.69480 58.49854 58.30783 58.12242 57.94205 57.76647 57.59545 57.42879 57.26628 57.10772 56.95294 56.80177 56.65403 56.50959 56.36830 56.23000 56.09459 55.96192 55.83189 55.70437 55.57927 55.45648 55.33589 55.21743 55.10100 54.98650 54.87388 54.76303 54.65390 54.54641 54.44048 54.33606 54.23309 54.13149 54.03121 53.93220 53.83440 53.73776 53.64223 53.54776 53.45430 53.36181 53.27024 53.17955 53.08970 53.00065 52.91237 52.82480 52.73792 52.65169 52.56608 52.48105 52.39656 52.31260 52.22911 52.14608 52.06348 51.98127 51.89942 51.81791 51.73671 51.65578 51.57512 51.49467 51.41443 51.33437 51.25445 51.17466 51.09496 51.01534 50.93576 50.85621 50.77666 50.69708 50.61746 50.53775 50.45795 50.37803 50.29796 50.21772 50.13728 50.05663 49.97572 49.89455 49.81308 49.73129 49.64916 49.56666 49.48375 49.40043 49.31665 49.23239 49.14763 49.06233 48.97647 48.89002 48.80295 48.71523 48.62682 48.53770 48.44783 48.35718 48.26571 48.17340 48.08020 47.98607 47.89099 47.79490 47.69777 47.59956 47.50022 47.39971 47.29799 47.19499 47.09069 46.98502 46.87792 46.76936 46.65926 46.54756 46.43422 46.31915 46.20230 46.08359 45.96295 45.84030 45.71556 45.58865 45.45949 45.32797 45.19400 45.05748 44.91831 44.77637 44.63155 44.48372 44.33275 44.17851 44.02085 43.85962 43.69466 43.52580 43.35286 43.17565 42.99397 42.80760 42.61633 42.41990 42.21807 42.01056 41.79709 41.57735 41.35100 41.11771 40.87709 40.62875 40.37227 40.10717 39.83298 39.54918 39.25519 38.95041 38.63420 38.30585 37.96461 37.60967 37.24016 36.85513 36.45358 36.03439 35.59639 35.13829 34.65871 34.15617 33.62904 33.07559 32.49396 31.88211 31.23788 30.55896 29.84287 29.08696 28.28845 27.44440 26.55174 25.60732 24.60792 23.55033 22.43139 21.24815 19.99794 18.67854 17.28838 15.82671 14.29384 12.69137 11.02239 9.29166 7.50574 5.67294 3.80326 1.90813 0.00000 
100.00000 98.20899 96.42892 94.67034 92.94299 91.25555 89.61540 88.02852 86.49945 85.03139 83.62625 82.28484 81.00704 79.79194 78.63803 77.54334 76.50555 75.52214 74.59046 73.70778 72.87140 72.07864 71.32691 70.61370 69.93663 69.29344 68.68198 68.10025 67.54634 67.01851 66.51509 66.03454 65.57544 65.13645 64.71633 64.31392 63.92815 63.55802 63.20261 62.86104 62.53252 62.21629 61.91165 61.61797 61.33462 61.06104 60.79671 60.54112 60.29382 60.05437 59.82237 59.59744 59.37921 59.16736 58.96157 58.76154 58.56699 58.37767 58.19332 58.01371 57.83862 57.66784 57.50118 57.33845 57.17947 57.02408 56.87211 56.72343 56.57787 56.43532 56.29564 56.15870 56.02439 55.89260 55.76323 55.63616 55.51131 55.38859 55.26789 55.14915 55.03227 54.91718 54.80381 54.69208 54.58193 54.47329 54.36609 54.26028 54.15579 54.05258 53.95058 53.84974 53.75001 53.65135 53.55370 53.45701 53.36126 53.26638 53.17234 53.07910 52.98662 52.89485 52.80377 52.71334 52.62351 52.53427 52.44556 52.35736 52.26964 52.18236 52.09550 52.00902 51.92289 51.83709 51.75158 51.66633 51.58132 51.49653 51.41192 51.32746 51.24313 51.15890 51.07475 50.99065 50.90658 50.82250 50.73839 50.65424 50.57000 50.48566 50.40119 50.31656 50.23175 50.14674 50.06149 49.97599 49.89020 49.80410 49.71766 49.63086 49.54367 49.45605 49.36799 49.27946 49.19042 49.10085 49.01072 48.92000 48.82865 48.73665 48.64396 48.55055 48.45640 48.36145 48.26569 48.16907 48.07155 47.97310 47.87369 47.77326 47.67178 47.56921 47.46549 47.36060 47.25447 47.14707 47.03834 46.92823 46.81668 46.70365 46.58907 46.47288 46.35502 46.23543 46.11403 45.99076 45.86555 45.73831 45.60897 45.47745 45.34365 45.20749 45.06887 44.92768 44.78384 44.63722 44.48771 44.33518 44.17952 44.02059 43.85824 43.69232 43.52269 43.34917 43.17159 42.98976 42.80350 42.61258 42.41680 42.21593 42.00971 41.79789 41.58018 41.35630 41.12594 40.88875 40.64438 40.39246 40.13258 39.86430 39.58718 39.30071 39.00437 38.69760 38.37978 38.05028 37.70838 37.35336 36.98440 36.60064 36.20116 35.78495 35.35096 34.89802 34.42489 33.93025 33.41266 32.87059 32.30239 31.70629 31.08040 30.42272 29.73111 29.00331 28.23693 27.42947 26.57834 25.68087 24.73435 23.73607 22.68337 21.57372 20.40483 19.17471 17.88187 16.52539 15.10515 13.62197 12.07777 10.47574 8.82042 7.11780 5.37527 3.60148 1.80622 0.00000 
100.00000 98.30081 96.61093 94.93934 93.29445 91.68379 90.11393 88.59030 87.11718 85.69773 84.33406 83.02732 81.77782 80.58518 79.44843 78.36618 77.33666 76.35787 75.42763 74.54370 73.70374 72.90546 72.14657 71.42487 70.73820 70.08451 69.46184 68.86834 68.30226 67.76193 67.24580 66.75242 66.28042 65.82852 65.39553 64.98033 64.58187 64.19919 63.83138 63.47759 63.13703 62.80895 62.49267 62.18755 61.89296 61.60836 61.33321 61.06702 60.80932 60.55968 60.31768 60.08295 59.85512 59.63386 59.41883 59.20976 59.00634 58.80831 58.61542 58.42744 58.24414 58.06529 57.89072 57.72021 57.55359 57.39070 57.23136 57.07542 56.92275 56.77318 56.62660 56.48288 56.34189 56.20352 56.06767 55.93422 55.80308 55.67414 55.54733 55.42255 55.29971 55.17875 55.05957 54.94211 54.82629 54.71204 54.59931 54.48802 54.37812 54.26954 54.16223 54.05614 53.95120 53.84738 53.74462 53.64286 53.54208 53.44221 53.34323 53.24507 53.14771 53.05110 52.95521 52.85999 52.76541 52.67143 52.57802 52.48514 52.39275 52.30084 52.20935 52.11827 52.02755 51.93717 51.84710 51.75731 51.66777 51.57844 51.48931 51.40034 51.31150 51.22277 51.13412 51.04552 50.95694 50.86837 50.77976 50.69110 50.60235 50.51349 50.42450 50.33534 50.24600 50.15643 50.06662 49.97654 49.88616 49.79546 49.70439 49.61295 49.52110 49.42880 49.33604 49.24278 49.14899 49.05464 48.95970 48.86414 48.76793 48.67103 48.57341 48.47504 48.37588 48.27590 48.17506 48.07331 47.97064 47.86698 47.76231 47.65658 47.54975 47.44178 47.33261 47.22221 47.11052 46.99749 46.88307 46.76721 46.64984 46.53092 46.41039 46.28817 46.16421 46.03844 45.91078 45.78117 45.64953 45.51578 45.37983 45.24161 45.10101 44.95795 44.81233 44.66403 44.51297 44.35901 44.20205 44.04196 43.87860 43.71183 43.54152 43.36751 43.18964 43.00774 42.82162 42.63111 42.43599 42.23606 42.03110 41.82087 41.60512 41.38358 41.15598 40.92200 40.68135 40.43367 40.17861 39.91578 39.64479 39.36520 39.07653 38.77831 38.47001 38.15105 37.82084 37.47874 37.12405 36.75604 36.37392 35.97684 35.56390 35.13412 34.68647 34.21983 33.73301 33.22474 32.69364 32.13827 31.55707 30.94840 30.31049 29.64150 28.93946 28.20233 27.42797 26.61415 25.75862 24.85905 23.91314 22.91863 21.87335 20.77530 19.62273 18.41422 17.14883 15.82616 14.44654 13.01112 11.52201 9.98236 8.39648 6.76979 5.10884 3.42120 1.71525 0.00000 
100.00000 98.38334 96.77465 95.18166 93.61166 92.07124 90.56624 89.10157 87.68123 86.30830 84.98495 83.71255 82.49174 81.32251 80.20435 79.13629 78.11704 77.14503 76.21852 75.33562 74.49441 73.69288 72.92906 72.20100 71.50678 70.84455 70.21253 69.60903 69.03241 68.48115 67.95377 67.44892 66.96530 66.50168 66.05694 65.62998 65.21982 64.82550 64.44614 64.08092 63.72905 63.38982 63.06254 62.74658 62.44133 62.14623 61.86077 61.58443 61.31677 61.05734 60.80573 60.56156 60.32447 60.09411 59.87016 59.65231 59.44029 59.23381 59.03263 58.83650 58.64519 58.45848 58.27618 58.09808 57.92400 57.75376 57.58720 57.42417 57.26450 57.10806 56.95471 56.80432 56.65677 56.51193 56.36970 56.22997 56.09263 55.95758 55.82474 55.69401 55.56529 55.43852 55.31361 55.19049 55.06907 54.94929 54.83108 54.71438 54.59911 54.48523 54.37267 54.26137 54.15128 54.04235 53.93452 53.82775 53.72198 53.61717 53.51328 53.41025 53.30806 53.20664 53.10597 53.00600 52.90670 52.80803 52.70994 52.61241 52.51540 52.41888 52.32280 52.22715 52.13187 52.03695 51.94235 51.84804 51.75399 51.66016 51.56654 51.47308 51.37976 51.28656 51.19343 51.10036 51.00732 50.91427 50.82118 50.72804 50.63481 50.54147 50.44798 50.35432 50.26046 50.16637 50.07202 49.97739 49.88245 49.78717 49.69151 49.59545 49.49897 49.40202 49.30458 49.20662 49.10811 49.00902 48.90930 48.80894 48.70790 48.60613 48.50362 48.40032 48.29619 48.19121 48.08532 47.97850 47.87070 47.76188 47.65200 47.54101 47.42888 47.31554 47.20097 47.08510 46.96790 46.84929 46.72924 46.60768 46.48456 46.35982 46.23339 46.10521 45.97521 45.84333 45.70949 45.57361 45.43562 45.29544 45.15297 45.00813 44.86083 44.71097 44.55845 44.40316 44.24499 44.08382 43.91953 43.75199 43.58108 43.40663 43.22851 43.04657 42.86063 42.67052 42.47605 42.27705 42.07330 41.86458 41.65067 41.43134 41.20632 40.97535 40.73814 40.49439 40.24378 39.98597 39.72060 39.44728 39.16561 38.87515 38.57545 38.26600 37.94629 37.61575 37.27380 36.91979 36.55304 36.17284 35.77840 35.36891 34.94347 34.50116 34.04097 33.56183 33.06259 32.54204 31.99890 31.43178 30.83924 30.21974 29.57167 28.89331 28.18290 27.43858 26.65846 25.84057 24.98293 24.08357 23.14054 22.15196 21.11611 20.03140 18.89656 17.71062 16.47305 15.18388 13.84372 12.45396 11.01677 9.53523 8.01334 6.45602 4.86911 3.25921 1.63359 0.00000 
100.00000 98.45788 96.92265 95.40101 93.89928 92.42328 90.97820 89.56850 88.19788 86.86928 85.58489 84.34620 83.15407 82.00879 80.91016 79.85760 78.85018 77.88670 76.96578 76.08588 75.24538 74.44259 73.67580 72.94329 72.24337 71.57438 70.93472 70.32283 69.73722 69.17647 68.63922 68.12419 67.63016 67.15598 66.70055 66.26285 65.84192 65.43684 65.04676 64.67088 64.30845 63.95874 63.62110 63.29490 62.97954 62.67448 62.37918 62.09317 61.81598 61.54717 61.28634 61.03310 60.78709 60.54795 60.31538 60.08906 59.86870 59.65403 59.44479 59.24074 59.04164 58.84727 58.65743 58.47192 58.29055 58.11314 57.93953 57.76954 57.60303 57.43985 57.27986 57.12293 56.96893 56.81774 56.66924 56.52332 56.37989 56.23882 56.10004 55.96344 55.82894 55.69644 55.56588 55.43716 55.31021 55.18497 55.06135 54.93929 54.81873 54.69960 54.58185 54.46540 54.35021 54.23622 54.12338 54.01163 53.90093 53.79122 53.68247 53.57461 53.46762 53.36144 53.25603 53.15135 53.04737 52.94404 52.84132 52.73917 52.63757 52.53647 52.43584 52.33564 52.23584 52.13641 52.03731 51.93851 51.83998 51.74169 51.64360 51.54569 51.44792 51.35027 51.25270 51.15518 51.05769 50.96020 50.86267 50.76508 50.66739 50.56959 50.47163 50.37349 50.27515 50.17656 50.07771 49.97856 49.87908 49.77925 49.67903 49.57839 49.47730 49.37573 49.27365 49.17102 49.06782 48.96401 48.85956 48.75442 48.64858 48.54199 48.43461 48.32642 48.21737 48.10741 47.99653 47.88466 47.77178 47.65784 47.54279 47.42659 47.30919 47.19055 47.07062 46.94934 46.82667 46.70255 46.57692 46.44972 46.32090 46.19040 46.05814 45.92407 45.78811 45.65019 45.51023 45.36817 45.22391 45.07738 44.92848 44.77713 44.62322 44.46666 44.30735 44.14517 43.98001 43.81175 43.64026 43.46542 43.28708 43.10510 42.91934 42.72962 42.53578 42.33765 42.13503 41.92774 41.71556 41.49829 41.27568 41.04749 40.81347 40.57335 40.32684 40.07363 39.81341 39.54583 39.27053 38.98713 38.69522 38.39436 38.08410 37.76396 37.43340 37.09188 36.73881 36.37357 35.99549 35.60386 35.19794 34.77691 34.33993 33.88609 33.41443 32.92391 32.41347 31.88195 31.32812 30.75071 30.14837 29.51967 28.86312 28.17718 27.46024 26.71065 25.92671 25.10672 24.24897 23.35176 22.41347 21.43258 20.40770 19.33765 18.22149 17.05864 15.84890 14.59257 13.29052 11.94422 10.55589 9.12846 7.66562 6.17187 4.65236 3.11293 1.55991 0.00000 
100.00000 98.52554 97.05707 95.60043 94.16117 92.74441 91.35479 89.99635 88.67251 87.38605 86.13913 84.93329 83.76955 82.64840 81.56992 80.53378 79.53937 78.58581 77.67201 76.79674 75.95865 75.15631 74.38825 73.65299 72.94903 72.27489 71.62913 71.01034 70.41716 69.84829 69.30246 68.77847 68.27519 67.79152 67.32643 66.87895 66.44816 66.03318 65.63319 65.24741 64.87511 64.51560 64.16822 63.83237 63.50746 63.19295 62.88832 62.59309 62.30681 62.02904 61.75937 61.49742 61.24282 60.99524 60.75435 60.51983 60.29141 60.06881 59.85176 59.64002 59.43335 59.23154 59.03436 58.84163 58.65315 58.46874 58.28822 58.11144 57.93823 57.76845 57.60196 57.43861 57.27828 57.12085 56.96620 56.81421 56.66477 56.51779 56.37315 56.23078 56.09057 55.95243 55.81629 55.68206 55.54966 55.41902 55.29006 55.16272 55.03692 54.91261 54.78971 54.66818 54.54794 54.42895 54.31114 54.19447 54.07888 53.96432 53.85075 53.73811 53.62636 53.51546 53.40536 53.29601 53.18738 53.07943 52.97211 52.86540 52.75924 52.65360 52.54844 52.44374 52.33945 52.23554 52.13197 52.02872 51.92574 51.82301 51.72049 51.61815 51.51596 51.41389 51.31191 51.20998 51.10807 51.00616 50.90422 50.80220 50.70009 50.59785 50.49546 50.39288 50.29008 50.18703 50.08370 49.98006 49.87608 49.77172 49.66697 49.56177 49.45611 49.34995 49.24326 49.13600 49.02814 48.91965 48.81049 48.70062 48.59001 48.47863 48.36643 48.25338 48.13944 48.02456 47.90871 47.79185 47.67393 47.55490 47.43473 47.31336 47.19076 47.06686 46.94162 46.81498 46.68690 46.55731 46.42616 46.29339 46.15893 46.02273 45.88471 45.74481 45.60296 45.45908 45.31309 45.16492 45.01448 44.86169 44.70645 44.54867 44.38826 44.22511 44.05911 43.89015 43.71812 43.54290 43.36434 43.18233 42.99672 42.80737 42.61411 42.41679 42.21523 42.00926 41.79869 41.58332 41.36294 41.13733 40.90625 40.66947 40.42673 40.17774 39.92224 39.65989 39.39040 39.11341 38.82857 38.53549 38.23377 37.92297 37.60265 37.27232 36.93147 36.57955 36.21600 35.84019 35.45149 35.04919 34.63258 34.20087 33.75325 33.28884 32.80673 32.30594 31.78544 31.24415 30.68093 30.09458 29.48385 28.84744 28.18397 27.49205 26.77024 26.01706 25.23102 24.41064 23.55445 22.66103 21.72902 20.75720 19.74448 18.68999 17.59312 16.45354 15.27133 14.04700 12.78154 11.47653 10.13411 8.75707 7.34884 5.91345 4.45554 2.98025 1.49312 0.00000 
100.00000 98.58721 97.17967 95.78248 94.40054 93.03840 91.70020 90.38960 89.10976 87.86329 86.65227 85.47829 84.34244 83.24536 82.18732 81.16823 80.18772 79.24515 78.33972 77.47042 76.63616 75.83574 75.06791 74.33139 73.62486 72.94701 72.29657 71.67224 71.07281 70.49706 69.94385 69.41205 68.90059 68.40847 67.93470 67.47837 67.03859 66.61453 66.20540 65.81046 65.42898 65.06032 64.70382 64.35889 64.02498 63.70153 63.38806 63.08407 62.78913 62.50279 62.22467 61.95437 61.69154 61.43584 61.18693 60.94452 60.70831 60.47803 60.25342 60.03423 59.82021 59.61116 59.40685 59.20709 59.01168 58.82044 58.63318 58.44976 58.27001 58.09377 57.92090 57.75127 57.58474 57.42119 57.26049 57.10253 56.94720 56.79440 56.64401 56.49595 56.35012 56.20643 56.06479 55.92513 55.78735 55.65138 55.51715 55.38459 55.25363 55.12419 54.99622 54.86965 54.74443 54.62048 54.49777 54.37622 54.25580 54.13644 54.01810 53.90072 53.78426 53.66868 53.55393 53.43995 53.32672 53.21419 53.10232 52.99106 52.88038 52.77024 52.66060 52.55143 52.44268 52.33432 52.22632 52.11865 52.01125 51.90412 51.79720 51.69047 51.58389 51.47743 51.37106 51.26475 51.15846 51.05217 50.94583 50.83943 50.73292 50.62628 50.51948 50.41248 50.30525 50.19777 50.08999 49.98189 49.87344 49.76460 49.65534 49.54563 49.43543 49.32471 49.21344 49.10158 48.98910 48.87596 48.76212 48.64756 48.53223 48.41609 48.29910 48.18123 48.06244 47.94268 47.82191 47.70009 47.57717 47.45311 47.32787 47.20138 47.07361 46.94451 46.81401 46.68207 46.54863 46.41364 46.27702 46.13874 45.99871 45.85687 45.71316 45.56751 45.41984 45.27007 45.11813 44.96394 44.80740 44.64844 44.48696 44.32286 44.15604 43.98640 43.81383 43.63822 43.45944 43.27737 43.09189 42.90285 42.71011 42.51353 42.31294 42.10819 41.89909 41.68548 41.46715 41.24390 41.01554 40.78183 40.54254 40.29742 40.04622 39.78867 39.52446 39.25331 38.97489 38.68885 38.39485 38.09249 37.78139 37.46111 37.13120 36.79120 36.44060 36.07887 35.70544 35.31971 34.92107 34.50884 34.08231 33.64074 33.18335 32.70929 32.21771 31.70766 31.17820 30.62829 30.05687 29.46283 28.84503 28.20225 27.53327 26.83682 26.11161 25.35633 24.56968 23.75038 22.89717 22.00887 21.08437 20.12270 19.12303 18.08473 17.00744 15.89107 14.73589 13.54254 12.31214 11.04624 9.74695 8.41689 7.05920 5.67756 4.27610 2.85939 1.43232 0.00000 
100.00000 98.64365 97.29191 95.94929 94.62012 93.30845 92.01800 90.75210 89.51364 88.30507 87.12839 85.98517 84.87654 83.80328 82.76577 81.76411 80.79811 79.86738 78.97128 78.10906 77.27983 76.48258 75.71628 74.97980 74.27200 73.59175 72.93788 72.30926 71.70477 71.12331 70.56382 70.02527 69.50667 69.00707 68.52555 68.06124 67.61330 67.18095 66.76344 66.36003 65.97005 65.59286 65.22784 64.87442 64.53203 64.20016 63.87831 63.56602 63.26283 62.96834 62.68215 62.40387 62.13314 61.86964 61.61303 61.36301 61.11929 60.88160 60.64967 60.42325 60.20212 59.98604 59.77480 59.56820 59.36604 59.16814 58.97432 58.78442 58.59826 58.41571 58.23661 58.06083 57.88822 57.71867 57.55204 57.38823 57.22711 57.06859 56.91255 56.75890 56.60754 56.45838 56.31133 56.16631 56.02323 55.88201 55.74259 55.60487 55.46880 55.33431 55.20133 55.06979 54.93963 54.81080 54.68323 54.55686 54.43165 54.30754 54.18448 54.06241 53.94129 53.82108 53.70171 53.58316 53.46537 53.34829 53.23190 53.11615 53.00098 52.88638 52.77229 52.65868 52.54552 52.43275 52.32035 52.20829 52.09652 51.98501 51.87372 51.76263 51.65169 51.54088 51.43016 51.31950 51.20886 51.09821 50.98752 50.87676 50.76589 50.65488 50.54370 50.43231 50.32069 50.20880 50.09661 49.98409 49.87119 49.75790 49.64417 49.52997 49.41526 49.30002 49.18421 49.06778 48.95071 48.83296 48.71449 48.59527 48.47524 48.35439 48.23266 48.11001 47.98641 47.86181 47.73616 47.60943 47.48156 47.35252 47.22224 47.09069 46.95781 46.82354 46.68784 46.55066 46.41192 46.27158 46.12957 45.98583 45.84029 45.69289 45.54356 45.39223 45.23881 45.08324 44.92543 44.76530 44.60276 44.43772 44.27008 44.09976 43.92664 43.75063 43.57160 43.38945 43.20404 43.01527 42.82299 42.62707 42.42735 42.22370 42.01595 41.80394 41.58748 41.36641 41.14052 40.90962 40.67349 40.43191 40.18465 39.93146 39.67208 39.40623 39.13364 38.85400 38.56698 38.27226 37.96947 37.65825 37.33818 37.00887 36.66986 36.32069 35.96087 35.58988 35.20717 34.81216 34.40425 33.98278 33.54708 33.09644 32.63011 32.14728 31.64714 31.12882 30.59140 30.03393 29.45542 28.85486 28.23117 27.58327 26.91004 26.21035 25.48304 24.72696 23.94099 23.12402 22.27499 21.39292 20.47691 19.52620 18.54019 17.51847 16.46084 15.36742 14.23860 13.07515 11.87821 10.64935 9.39057 8.10433 6.79352 5.46148 4.11192 2.74891 1.37676 0.00000 
100.00000 98.69547 97.39502 96.10264 94.82219 93.55728 92.31127 91.08716 89.88763 88.71496 87.57105 86.45744 85.37530 84.32543 83.30836 82.32431 81.37326 80.45495 79.56897 78.71472 77.89150 77.09849 76.33481 75.59951 74.89161 74.21009 73.55394 72.92215 72.31369 71.72759 71.16285 70.61855 70.09375 69.58758 69.09918 68.62772 68.17243 67.73255 67.30736 66.89617 66.49834 66.11324 65.74028 65.37890 65.02856 64.68875 64.35900 64.03885 63.72785 63.42560 63.13171 62.84580 62.56752 62.29654 62.03253 61.77519 61.52424 61.27939 61.04040 60.80700 60.57897 60.35608 60.13811 59.92487 59.71614 59.51176 59.31154 59.11532 58.92292 58.73420 58.54901 58.36721 58.18865 58.01322 57.84079 57.67123 57.50443 57.34029 57.17870 57.01956 56.86276 56.70822 56.55584 56.40554 56.25724 56.11085 55.96630 55.82351 55.68241 55.54292 55.40499 55.26854 55.13351 54.99985 54.86748 54.73635 54.60641 54.47760 54.34986 54.22316 54.09743 53.97262 53.84869 53.72560 53.60329 53.48172 53.36085 53.24064 53.12104 53.00201 52.88351 52.76550 52.64795 52.53081 52.41405 52.29764 52.18152 52.06567 51.95006 51.83464 51.71938 51.60424 51.48920 51.37422 51.25926 51.14429 51.02928 50.91419 50.79899 50.68364 50.56812 50.45238 50.33640 50.22014 50.10357 49.98665 49.86935 49.75163 49.63346 49.51481 49.39564 49.27591 49.15558 49.03463 48.91301 48.79069 48.66762 48.54377 48.41910 48.29357 48.16713 48.03975 47.91138 47.78198 47.65150 47.51990 47.38714 47.25315 47.11789 46.98132 46.84338 46.70402 46.56317 46.42079 46.27682 46.13119 45.98384 45.83472 45.68374 45.53085 45.37597 45.21902 45.05994 44.89865 44.73505 44.56906 44.40061 44.22958 44.05590 43.87946 43.70015 43.51786 43.33249 43.14392 42.95202 42.75667 42.55774 42.35507 42.14853 41.93797 41.72322 41.50412 41.28049 41.05215 40.81891 40.58056 40.33688 40.08767 39.83269 39.57168 39.30439 39.03055 38.74988 38.46206 38.16679 37.86374 37.55254 37.23284 36.90423 36.56632 36.21867 35.86083 35.49231 35.11261 34.72120 34.31751 33.90097 33.47095 33.02680 32.56784 32.09335 31.60259 31.09477 30.56907 30.02464 29.46060 28.87604 28.27001 27.64153 26.98963 26.31328 25.61149 24.88323 24.12749 23.34330 22.52972 21.68585 20.81090 19.90414 18.96501 17.99308 16.98810 15.95005 14.87916 13.77595 12.64125 11.47621 10.28237 9.06165 7.81633 6.54908 5.26292 3.96120 2.64755 1.32582 0.00000 
100.00000 98.74321 97.49005 96.24408 95.00872 93.78722 92.58262 91.39764 90.23475 89.09608 87.98342 86.89826 85.84176 84.81480 83.81794 82.85153 81.91565 81.01021 80.13492 79.28936 78.47296 77.68508 76.92497 76.19184 75.48483 74.80307 74.14566 73.51170 72.90027 72.31049 71.74146 71.19232 70.66222 70.15033 69.65586 69.17805 68.71615 68.26945 67.83727 67.41896 67.01390 66.62148 66.24114 65.87234 65.51455 65.16730 64.83010 64.50252 64.18412 63.87450 63.57329 63.28011 62.99461 62.71647 62.44536 62.18099 61.92308 61.67134 61.42553 61.18539 60.95068 60.72119 60.49670 60.27701 60.06191 59.85123 59.64478 59.44239 59.24391 59.04917 58.85802 58.67034 58.48596 58.30478 58.12665 57.95147 57.77910 57.60945 57.44241 57.27786 57.11572 56.95589 56.79828 56.64279 56.48934 56.33786 56.18826 56.04046 55.89439 55.74999 55.60717 55.46587 55.32604 55.18760 55.05049 54.91465 54.78003 54.64658 54.51423 54.38293 54.25263 54.12329 53.99484 53.86725 53.74047 53.61445 53.48915 53.36452 53.24051 53.11710 52.99423 52.87187 52.74997 52.62850 52.50742 52.38668 52.26626 52.14611 52.02619 51.90648 51.78693 51.66752 51.54819 51.42892 51.30968 51.19042 51.07112 50.95174 50.83224 50.71259 50.59275 50.47270 50.35239 50.23179 50.11087 49.98959 49.86792 49.74582 49.62325 49.50018 49.37657 49.25239 49.12759 49.00215 48.87601 48.74916 48.62153 48.49310 48.36382 48.23365 48.10255 47.97048 47.83739 47.70323 47.56797 47.43155 47.29393 47.15505 47.01487 46.87333 46.73038 46.58597 46.44004 46.29252 46.14337 45.99252 45.83990 45.68545 45.52911 45.37079 45.21043 45.04796 44.88329 44.71635 44.54705 44.37531 44.20103 44.02412 43.84448 43.66202 43.47662 43.28818 43.09659 42.90172 42.70346 42.50166 42.29621 42.08695 41.87374 41.65642 41.43485 41.20883 40.97821 40.74280 40.50240 40.25681 40.00583 39.74921 39.48675 39.21818 38.94326 38.66171 38.37325 38.07758 37.77439 37.46335 37.14412 36.81632 36.47959 36.13352 35.77768 35.41164 35.03493 34.64705 34.24750 33.83573 33.41118 32.97325 32.52133 32.05477 31.57288 31.07496 30.56027 30.02805 29.47750 28.90781 28.31813 27.70759 27.07532 26.42042 25.74198 25.03910 24.31089 23.55648 22.77501 21.96570 21.12780 20.26067 19.36376 18.43662 17.47900 16.49079 15.47209 14.42323 13.34480 12.23767 11.10301 9.94229 8.75733 7.55026 6.32354 5.07992 3.82241 2.55428 1.27895 0.00000 
100.00000 98.78733 97.57791 96.37489 95.18138 94.00028 92.83433 91.68604 90.55766 89.45118 88.36828 87.31041 86.27871 85.27405 84.29708 83.34820 82.42761 81.53531 80.67115 79.83482 79.02591 78.24389 77.48815 76.75803 76.05280 75.37169 74.71393 74.07871 73.46521 72.87264 72.30018 71.74705 71.21246 70.69565 70.19589 69.71246 69.24467 68.79183 68.35332 67.92851 67.51680 67.11764 66.73046 66.35476 65.99002 65.63579 65.29159 64.95700 64.63160 64.31501 64.00684 63.70673 63.41435 63.12936 62.85146 62.58035 62.31574 62.05737 61.80499 61.55834 61.31719 61.08131 60.85050 60.62455 60.40326 60.18645 59.97394 59.76556 59.56114 59.36054 59.16359 58.97015 58.78009 58.59328 58.40958 58.22888 58.05106 57.87601 57.70361 57.53377 57.36638 57.20135 57.03858 56.87799 56.71949 56.56299 56.40841 56.25568 56.10472 55.95546 55.80783 55.66175 55.51717 55.37401 55.23222 55.09174 54.95250 54.81445 54.67754 54.54170 54.40689 54.27305 54.14014 54.00810 53.87690 53.74647 53.61677 53.48777 53.35941 53.23165 53.10445 52.97777 52.85157 52.72580 52.60043 52.47542 52.35072 52.22631 52.10213 51.97817 51.85437 51.73070 51.60712 51.48360 51.36011 51.23660 51.11305 50.98940 50.86564 50.74172 50.61761 50.49327 50.36867 50.24377 50.11854 49.99293 49.86692 49.74047 49.61354 49.48608 49.35808 49.22948 49.10025 48.97035 48.83975 48.70839 48.57625 48.44327 48.30942 48.17466 48.03894 47.90222 47.76445 47.62559 47.48559 47.34440 47.20197 47.05825 46.91320 46.76675 46.61885 46.46944 46.31848 46.16589 46.01163 45.85561 45.69779 45.53809 45.37644 45.21278 45.04702 44.87909 44.70892 44.53642 44.36150 44.18409 44.00408 43.82138 43.63589 43.44751 43.25614 43.06166 42.86397 42.66293 42.45842 42.25032 42.03849 41.82278 41.60305 41.37915 41.15090 40.91816 40.68073 40.43844 40.19108 39.93847 39.68039 39.41661 39.14691 38.87104 38.58875 38.29977 38.00383 37.70062 37.38983 37.07116 36.74425 36.40875 36.06429 35.71048 35.34690 34.97313 34.58871 34.19317 33.78601 33.36672 32.93476 32.48955 32.03051 31.55702 31.06843 30.56409 30.04330 29.50535 28.94951 28.37500 27.78107 27.16692 26.53174 25.87474 25.19511 24.49205 23.76477 23.01251 22.23457 21.43026 20.59899 19.74024 18.85358 17.93873 16.99552 16.02398 15.02429 13.99687 12.94236 11.86163 10.75585 9.62645 8.47512 7.30385 6.11491 4.91080 3.69425 2.46820 1.23572 0.00000 
100.00000 98.82822 97.65934 96.49622 95.34162 94.19818 93.06839 91.95454 90.85869 89.78268 88.72813 87.69640 86.68860 85.70562 84.74813 83.81660 82.91128 82.03228 81.17954 80.35288 79.55197 78.77642 78.02572 77.29934 76.59664 75.91697 75.25966 74.62399 74.00923 73.41467 72.83958 72.28323 71.74492 71.22394 70.71960 70.23124 69.75822 69.29990 68.85567 68.42495 68.00718 67.60181 67.20831 66.82621 66.45500 66.09423 65.74347 65.40229 65.07029 64.74709 64.43232 64.12563 63.82668 63.53516 63.25076 62.97319 62.70217 62.43742 62.17871 61.92578 61.67841 61.43637 61.19944 60.96743 60.74014 60.51738 60.29898 60.08477 59.87458 59.66825 59.46563 59.26659 59.07097 58.87866 58.68952 58.50342 58.32025 58.13990 57.96226 57.78722 57.61468 57.44454 57.27672 57.11110 56.94762 56.78619 56.62672 56.46913 56.31335 56.15931 56.00693 55.85614 55.70687 55.55907 55.41266 55.26758 55.12378 54.98119 54.83977 54.69944 54.56017 54.42189 54.28456 54.14813 54.01254 53.87775 53.74371 53.61037 53.47770 53.34564 53.21416 53.08320 52.95273 52.82271 52.69309 52.56383 52.43491 52.30626 52.17787 52.04968 51.92167 51.79378 51.66599 51.53826 51.41056 51.28283 51.15506 51.02719 50.89920 50.77105 50.64269 50.51411 50.38525 50.25609 50.12657 49.99668 49.86637 49.73560 49.60434 49.47255 49.34018 49.20721 49.07358 48.93927 48.80423 48.66842 48.53180 48.39432 48.25595 48.11664 47.97634 47.83502 47.69262 47.54910 47.40440 47.25849 47.11131 46.96280 46.81292 46.66161 46.50882 46.35448 46.19855 46.04095 45.88163 45.72052 45.55756 45.39267 45.22580 45.05686 44.88577 44.71248 44.53688 44.35890 44.17846 43.99546 43.80981 43.62142 43.43019 43.23600 43.03877 42.83837 42.63468 42.42760 42.21698 42.00271 41.78464 41.56263 41.33654 41.10620 40.87147 40.63216 40.38811 40.13913 39.88503 39.62560 39.36065 39.08994 38.81324 38.53033 38.24094 37.94481 37.64167 37.33122 37.01317 36.68720 36.35297 36.01014 35.65835 35.29720 34.92631 34.54526 34.15361 33.75090 33.33666 32.91040 32.47158 32.01968 31.55413 31.07436 30.57975 30.06968 29.54350 29.00056 28.44016 27.86162 27.26423 26.64726 26.00999 25.35170 24.67167 23.96921 23.24361 22.49424 21.72048 20.92179 20.09766 19.24770 18.37161 17.46918 16.54038 15.58531 14.60423 13.59761 12.56612 11.51065 10.43233 9.33252 8.21284 7.07512 5.92145 4.75411 3.57559 2.38854 1.19572 0.00000 
100.00000 98.86620 97.73502 96.60901 95.49069 94.38244 93.28652 92.20502 91.13986 90.09274 89.06517 88.05845 87.07366 86.11169 85.17323 84.25877 83.36863 82.50299 81.66187 80.84517 80.05268 79.28408 78.53899 77.81695 77.11744 76.43991 75.78375 75.14835 74.53306 73.93724 73.36024 72.80139 72.26005 71.73557 71.22733 70.73469 70.25707 69.79386 69.34451 68.90845 68.48515 68.07409 67.67479 67.28675 66.90953 66.54268 66.18577 65.83840 65.50018 65.17074 64.84973 64.53679 64.23160 63.93385 63.64324 63.35949 63.08231 62.81145 62.54665 62.28768 62.03431 61.78630 61.54347 61.30559 61.07248 60.84396 60.61984 60.39996 60.18414 59.97224 59.76411 59.55959 59.35856 59.16087 58.96640 58.77503 58.58663 58.40109 58.21831 58.03817 57.86058 57.68543 57.51263 57.34209 57.17372 57.00743 56.84314 56.68078 56.52025 56.36150 56.20444 56.04900 55.89512 55.74272 55.59176 55.44215 55.29384 55.14678 55.00090 54.85614 54.71246 54.56979 54.42809 54.28731 54.14739 54.00828 53.86994 53.73232 53.59538 53.45906 53.32333 53.18814 53.05345 52.91921 52.78538 52.65193 52.51881 52.38598 52.25340 52.12103 51.98883 51.85677 51.72481 51.59290 51.46102 51.32911 51.19716 51.06510 50.93292 50.80057 50.66801 50.53522 50.40214 50.26874 50.13499 50.00085 49.86628 49.73123 49.59568 49.45958 49.32289 49.18558 49.04760 48.90892 48.76948 48.62926 48.48820 48.34627 48.20341 48.05960 47.91477 47.76889 47.62191 47.47377 47.32444 47.17385 47.02197 46.86872 46.71408 46.55797 46.40033 46.24112 46.08028 45.91773 45.75342 45.58728 45.41925 45.24925 45.07722 44.90308 44.72675 44.54816 44.36722 44.18385 43.99797 43.80948 43.61830 43.42431 43.22743 43.02755 42.82456 42.61835 42.40880 42.19579 41.97920 41.75889 41.53473 41.30657 41.07427 40.83766 40.59660 40.35092 40.10043 39.84495 39.58430 39.31827 39.04666 38.76924 38.48580 38.19609 37.89986 37.59686 37.28682 36.96944 36.64444 36.31150 35.97030 35.62050 35.26175 34.89368 34.51589 34.12800 33.72957 33.32017 32.89934 32.46662 32.02149 31.56346 31.09199 30.60653 30.10652 29.59136 29.06047 28.51321 27.94897 27.36710 26.76696 26.14790 25.50926 24.85040 24.17068 23.46949 22.74623 22.00036 21.23134 20.43874 19.62216 18.78130 17.91596 17.02602 16.11152 15.17264 14.20970 13.22321 12.21385 11.18252 10.13029 9.05848 7.96859 6.86234 5.74165 4.60860 3.46547 2.31465 1.15863 0.00000 
100.00000 98.90158 97.80551 96.71413 95.62969 94.55437 93.49023 92.43918 91.40298 90.38324 89.38135 88.39856 87.43591 86.49427 85.57433 84.67661 83.80148 82.94917 82.11977 81.31325 80.52948 79.76824 79.02921 78.31204 77.61628 76.94147 76.28708 75.65259 75.03742 74.44100 73.86273 73.30204 72.75831 72.23097 71.71944 71.22313 70.74150 70.27398 69.82005 69.37918 68.95087 68.53463 68.12999 67.73649 67.35369 66.98117 66.61853 66.26536 65.92130 65.58598 65.25905 64.94019 64.62907 64.32540 64.02887 63.73920 63.45614 63.17941 62.90877 62.64398 62.38483 62.13108 61.88253 61.63898 61.40025 61.16613 60.93646 60.71107 60.48980 60.27248 60.05897 59.84912 59.64280 59.43987 59.24020 59.04366 58.85015 58.65953 58.47172 58.28658 58.10403 57.92397 57.74629 57.57091 57.39773 57.22667 57.05765 56.89058 56.72539 56.56199 56.40032 56.24031 56.08187 55.92496 55.76950 55.61542 55.46267 55.31118 55.16090 55.01177 54.86373 54.71673 54.57071 54.42562 54.28142 54.13805 53.99546 53.85360 53.71243 53.57190 53.43197 53.29258 53.15371 53.01530 52.87731 52.73969 52.60242 52.46544 52.32871 52.19220 52.05587 51.91967 51.78357 51.64753 51.51150 51.37545 51.23935 51.10315 50.96681 50.83030 50.69358 50.55661 50.41935 50.28176 50.14381 50.00545 49.86665 49.72737 49.58757 49.44720 49.30623 49.16462 49.02233 48.87931 48.73552 48.59093 48.44548 48.29913 48.15184 48.00357 47.85426 47.70386 47.55234 47.39965 47.24572 47.09052 46.93398 46.77606 46.61670 46.45584 46.29343 46.12940 45.96371 45.79627 45.62704 45.45594 45.28290 45.10786 44.93075 44.75148 44.56999 44.38618 44.19999 44.01132 43.82009 43.62621 43.42958 43.23010 43.02768 42.82221 42.61358 42.40167 42.18638 41.96758 41.74514 41.51893 41.28881 41.05465 40.81629 40.57359 40.32637 40.07447 39.81773 39.55595 39.28894 39.01652 38.73847 38.45458 38.16462 37.86836 37.56556 37.25596 36.93929 36.61528 36.28364 35.94406 35.59623 35.23982 34.87448 34.49986 34.11558 33.72126 33.31650 32.90086 32.47393 32.03523 31.58431 31.12068 30.64384 30.15327 29.64843 29.12880 28.59379 28.04285 27.47541 26.89086 26.28863 25.66812 25.02875 24.36995 23.69116 22.99184 22.27148 21.52960 20.76579 19.97967 19.17095 18.33940 17.48489 16.60741 15.70705 14.78403 13.83873 12.87168 11.88357 10.87527 9.84784 8.80251 7.74070 6.66401 5.57420 4.47319 3.36304 2.24594 1.12415 0.00000 
100.00000 98.93459 97.87133 96.81230 95.75958 94.71513 93.68084 92.65848 91.64966 90.65587 89.67844 88.71853 87.77715 86.85515 85.95320 85.07186 84.21152 83.37245 82.55480 81.75859 80.98377 80.23017 79.49759 78.78570 78.09417 77.42259 76.77053 76.13751 75.52304 74.92660 74.34767 73.78571 73.24019 72.71057 72.19632 71.69691 71.21181 70.74052 70.28253 69.83736 69.40453 68.98358 68.57405 68.17553 67.78758 67.40980 67.04181 66.68322 66.33367 65.99281 65.66031 65.33585 65.01911 64.70980 64.40763 64.11233 63.82363 63.54128 63.26503 62.99466 62.72994 62.47065 62.21660 61.96757 61.72338 61.48386 61.24881 61.01808 60.79150 60.56891 60.35017 60.13513 59.92365 59.71560 59.51085 59.30928 59.11076 58.91518 58.72244 58.53241 58.34501 58.16012 57.97766 57.79752 57.61963 57.44388 57.27020 57.09851 56.92872 56.76076 56.59456 56.43003 56.26712 56.10575 55.94585 55.78737 55.63023 55.47438 55.31976 55.16630 55.01396 54.86268 54.71239 54.56306 54.41462 54.26703 54.12024 53.97419 53.82884 53.68414 53.54005 53.39652 53.25351 53.11097 52.96885 52.82712 52.68573 52.54465 52.40382 52.26321 52.12277 51.98248 51.84227 51.70213 51.56200 51.42185 51.28164 51.14133 51.00088 50.86025 50.71940 50.57829 50.43688 50.29514 50.15303 50.01050 49.86751 49.72403 49.58002 49.43543 49.29022 49.14435 48.99779 48.85048 48.70238 48.55346 48.40366 48.25294 48.10126 47.94857 47.79482 47.63997 47.48396 47.32675 47.16829 47.00851 46.84738 46.68483 46.52081 46.35527 46.18814 46.01936 45.84887 45.67662 45.50253 45.32653 45.14857 44.96856 44.78643 44.60212 44.41553 44.22660 44.03524 43.84135 43.64487 43.44568 43.24370 43.03884 42.83098 42.62003 42.40587 42.18839 41.96747 41.74300 41.51484 41.28287 41.04695 40.80693 40.56267 40.31402 40.06081 39.80288 39.54006 39.27217 38.99901 38.72040 38.43613 38.14598 37.84974 37.54718 37.23806 36.92213 36.59912 36.26876 35.93078 35.58487 35.23074 34.86805 34.49649 34.11570 33.72532 33.32498 32.91429 32.49286 32.06026 31.61607 31.15984 30.69111 30.20941 29.71426 29.20516 28.68159 28.14305 27.58901 27.01894 26.43230 25.82856 25.20719 24.56768 23.90950 23.23218 22.53523 21.81824 21.08079 20.32255 19.54321 18.74256 17.92045 17.07681 16.21168 15.32522 14.41770 13.48951 12.54120 11.57347 10.58717 9.58329 8.56303 7.52770 6.47879 5.41794 4.34691 3.26758 2.18193 1.09204 0.00000 
100.00000 98.96548 97.93289 96.90417 95.88118 94.86573 93.85954 92.86423 91.88131 90.91216 89.95801 89.01998 88.09902 87.19596 86.31147 85.44611 84.60029 83.77432 82.96837 82.18254 81.41682 80.67111 79.94525 79.23901 78.55211 77.88421 77.23494 76.60388 75.99062 75.39469 74.81562 74.25295 73.70617 73.17481 72.65837 72.15637 71.66832 71.19375 70.73220 70.28320 69.84631 69.42109 69.00712 68.60399 68.21129 67.82865 67.45568 67.09203 66.73735 66.39129 66.05354 65.72379 65.40172 65.08706 64.77953 64.47885 64.18477 63.89704 63.61542 63.33969 63.06962 62.80500 62.54563 62.29132 62.04187 61.79710 61.55684 61.32093 61.08920 60.86149 60.63767 60.41757 60.20107 59.98804 59.77833 59.57184 59.36843 59.16800 58.97043 58.77562 58.58346 58.39385 58.20669 58.02190 57.83937 57.65902 57.48077 57.30453 57.13023 56.95778 56.78711 56.61815 56.45082 56.28506 56.12079 55.95796 55.79650 55.63635 55.47745 55.31973 55.16314 55.00763 54.85313 54.69960 54.54698 54.39522 54.24427 54.09408 53.94460 53.79578 53.64758 53.49995 53.35284 53.20621 53.06002 52.91421 52.76875 52.62360 52.47871 52.33403 52.18954 52.04518 51.90092 51.75672 51.61253 51.46832 51.32404 51.17965 51.03512 50.89041 50.74547 50.60027 50.45476 50.30890 50.16266 50.01600 49.86887 49.72123 49.57305 49.42427 49.27486 49.12478 48.97399 48.82243 48.67007 48.51686 48.36276 48.20772 48.05169 47.89463 47.73650 47.57723 47.41679 47.25511 47.09216 46.92787 46.76220 46.59508 46.42646 46.25628 46.08449 45.91102 45.73581 45.55880 45.37992 45.19910 45.01627 44.83137 44.64431 44.45502 44.26343 44.06945 43.87300 43.67399 43.47234 43.26795 43.06072 42.85057 42.63738 42.42105 42.20147 41.97854 41.75212 41.52211 41.28837 41.05077 40.80918 40.56345 40.31345 40.05901 39.79998 39.53619 39.26747 38.99365 38.71453 38.42994 38.13965 37.84348 37.54119 37.23257 36.91737 36.59536 36.26628 35.92987 35.58584 35.23392 34.87380 34.50517 34.12773 33.74112 33.34501 32.93904 32.52284 32.09603 31.65820 31.20895 30.74787 30.27451 29.78844 29.28921 28.77634 28.24937 27.70781 27.15120 26.57903 25.99084 25.38612 24.76442 24.12526 23.46820 22.79281 22.09868 21.38544 20.65278 19.90039 19.12807 18.33564 17.52302 16.69021 15.83730 14.96447 14.07203 13.16041 12.23015 11.28195 10.31662 9.33514 8.33861 7.32828 6.30552 5.27186 4.22892 3.17842 2.12217 1.06206 0.00000 
100.00000 98.99442 97.99060 96.99031 95.99524 95.00706 94.02735 93.05760 92.09919 91.15343 90.22147 89.30435 88.40299 87.51819 86.65062 85.80082 84.96922 84.15615 83.36183 82.58639 81.82985 81.09219 80.37330 79.67299 78.99105 78.32720 77.68112 77.05247 76.44086 75.84591 75.26719 74.70428 74.15674 73.62412 73.10598 72.60187 72.11135 71.63397 71.16931 70.71693 70.27641 69.84735 69.42935 69.02201 68.62496 68.23782 67.86024 67.49188 67.13240 66.78147 66.43878 66.10403 65.77693 65.45720 65.14457 64.83877 64.53956 64.24669 63.95993 63.67905 63.40385 63.13410 62.86962 62.61020 62.35567 62.10584 61.86054 61.61960 61.38288 61.15020 60.92143 60.69642 60.47504 60.25714 60.04261 59.83131 59.62313 59.41796 59.21568 59.01618 58.81937 58.62513 58.43337 58.24401 58.05693 57.87207 57.68933 57.50863 57.32988 57.15302 56.97796 56.80463 56.63295 56.46287 56.29431 56.12719 55.96147 55.79708 55.63395 55.47203 55.31125 55.15156 54.99291 54.83523 54.67848 54.52260 54.36755 54.21326 54.05970 53.90681 53.75454 53.60285 53.45170 53.30102 53.15079 53.00095 52.85147 52.70229 52.55337 52.40468 52.25617 52.10780 51.95952 51.81129 51.66308 51.51485 51.36654 51.21812 51.06956 50.92080 50.77181 50.62255 50.47298 50.32305 50.17273 50.02197 49.87073 49.71898 49.56667 49.41375 49.26018 49.10593 48.95095 48.79518 48.63860 48.48115 48.32279 48.16348 48.00315 47.84178 47.67930 47.51567 47.35084 47.18476 47.01737 46.84862 46.67846 46.50682 46.33366 46.15892 45.98253 45.80443 45.62456 45.44285 45.25925 45.07367 44.88606 44.69633 44.50441 44.31024 44.11372 43.91477 43.71332 43.50928 43.30255 43.09305 42.88067 42.66533 42.44691 42.22532 42.00045 41.77217 41.54038 41.30494 41.06575 40.82266 40.57555 40.32426 40.06866 39.80859 39.54390 39.27442 38.99999 38.72042 38.43554 38.14516 37.84908 37.54709 37.23898 36.92453 36.60351 36.27568 35.94079 35.59858 35.24880 34.89115 34.52536 34.15112 33.76812 33.37605 32.97457 32.56334 32.14200 31.71020 31.26755 30.81368 30.34817 29.87063 29.38064 28.87778 28.36162 27.83172 27.28764 26.72893 26.15516 25.56589 24.96068 24.33910 23.70075 23.04523 22.37217 21.68123 20.97208 20.24448 19.49818 18.73302 17.94891 17.14579 16.32372 15.48282 14.62332 13.74555 12.84994 11.93705 11.00755 10.06224 9.10204 8.12799 7.14127 6.14316 5.13507 4.11849 3.09501 2.06628 1.03403 0.00000 
100.00000 99.02159 98.04479 97.07122 96.10242 95.13993 94.18520 93.23961 92.30444 91.38090 90.47008 89.57296 88.69041 87.82321 86.97200 86.13732 85.31962 84.51924 83.73642 82.97132 82.22402 81.49452 80.78276 80.08861 79.41190 78.75241 78.10988 77.48400 76.87446 76.28090 75.70296 75.14025 74.59238 74.05896 73.53956 73.03379 72.54123 72.06148 71.59413 71.13879 70.69506 70.26257 69.84092 69.42975 69.02871 68.63743 68.25559 67.88285 67.51889 67.16340 66.81608 66.47663 66.14478 65.82025 65.50278 65.19211 64.88801 64.59023 64.29855 64.01275 63.73261 63.45794 63.18853 62.92420 62.66476 62.41004 62.15986 61.91407 61.67250 61.43501 61.20144 60.97165 60.74551 60.52288 60.30364 60.08767 59.87483 59.66503 59.45814 59.25406 59.05269 58.85393 58.65767 58.46382 58.27229 58.08300 57.89585 57.71076 57.52766 57.34646 57.16708 56.98945 56.81350 56.63916 56.46636 56.29504 56.12512 55.95654 55.78925 55.62318 55.45827 55.29446 55.13170 54.96994 54.80911 54.64917 54.49006 54.33173 54.17413 54.01721 53.86093 53.70523 53.55007 53.39540 53.24117 53.08734 52.93387 52.78072 52.62782 52.47515 52.32267 52.17032 52.01806 51.86586 51.71367 51.56145 51.40915 51.25674 51.10418 50.95142 50.79843 50.64515 50.49155 50.33759 50.18323 50.02842 49.87312 49.71729 49.56089 49.40387 49.24619 49.08781 48.92868 48.76876 48.60801 48.44636 48.28379 48.12025 47.95567 47.79003 47.62326 47.45532 47.28615 47.11571 46.94394 46.77078 46.59619 46.42010 46.24245 46.06320 45.88227 45.69960 45.51514 45.32881 45.14055 44.95029 44.75796 44.56348 44.36678 44.16779 43.96643 43.76260 43.55624 43.34725 43.13554 42.92102 42.70359 42.48317 42.25963 42.03288 41.80282 41.56932 41.33227 41.09154 40.84703 40.59858 40.34608 40.08938 39.82833 39.56279 39.29261 39.01761 38.73764 38.45251 38.16206 37.86609 37.56441 37.25681 36.94310 36.62306 36.29645 35.96304 35.62261 35.27489 34.91962 34.55654 34.18537 33.80582 33.41760 33.02039 32.61388 32.19774 31.77164 31.33522 30.88814 30.43003 29.96051 29.47920 28.98572 28.47967 27.96065 27.42825 26.88208 26.32173 25.74680 25.15688 24.55160 23.93056 23.29341 22.63981 21.96943 21.28197 20.57719 19.85487 19.11482 18.35694 17.58117 16.78751 15.97605 15.14694 14.30045 13.43690 12.55676 11.66056 10.74897 9.82274 8.88277 7.93004 6.96565 5.99079 5.00677 4.01497 3.01685 2.01392 1.00777 0.00000 
100.00000 99.04714 98.09576 97.14734 96.20330 95.26505 94.33392 93.41119 92.49807 91.59565 90.70499 89.82699 88.96249 88.11223 87.27683 86.45685 85.65271 84.86476 84.09328 83.33845 82.60038 81.87910 81.17460 80.48679 79.81554 79.16067 78.52198 77.89920 77.29207 76.70027 76.12349 75.56138 75.01359 74.47976 73.95952 73.45249 72.95831 72.47658 72.00695 71.54904 71.10249 70.66693 70.24200 69.82737 69.42268 69.02762 68.64184 68.26505 67.89692 67.53717 67.18550 66.84163 66.50530 66.17623 65.85418 65.53889 65.23013 64.92768 64.63130 64.34078 64.05592 63.77652 63.50237 63.23331 62.96914 62.70970 62.45481 62.20432 61.95806 61.71589 61.47766 61.24323 61.01247 60.78524 60.56142 60.34088 60.12350 59.90918 59.69779 59.48924 59.28342 59.08022 58.87955 58.68131 58.48542 58.29178 58.10031 57.91092 57.72353 57.53807 57.35445 57.17260 56.99245 56.81392 56.63695 56.46147 56.28742 56.11473 55.94333 55.77317 55.60418 55.43632 55.26951 55.10371 54.93885 54.77490 54.61178 54.44946 54.28788 54.12698 53.96673 53.80707 53.64795 53.48932 53.33115 53.17338 53.01597 52.85888 52.70205 52.54545 52.38902 52.23274 52.07655 51.92041 51.76428 51.60812 51.45188 51.29552 51.13900 50.98228 50.82532 50.66807 50.51049 50.35254 50.19418 50.03536 49.87604 49.71618 49.55573 49.39466 49.23291 49.07044 48.90722 48.74318 48.57829 48.41251 48.24577 48.07804 47.90927 47.73940 47.56839 47.39619 47.22274 47.04799 46.87189 46.69439 46.51542 46.33493 46.15286 45.96915 45.78375 45.59658 45.40759 45.21670 45.02385 44.82898 44.63200 44.43285 44.23145 44.02773 43.82160 43.61298 43.40179 43.18794 42.97134 42.75190 42.52952 42.30411 42.07556 41.84377 41.60862 41.37002 41.12783 40.88194 40.63223 40.37857 40.12082 39.85885 39.59251 39.32165 39.04613 38.76578 38.48044 38.18993 37.89409 37.59273 37.28565 36.97266 36.65357 36.32815 35.99618 35.65745 35.31171 34.95873 34.59826 34.23002 33.85376 33.46920 33.07605 32.67403 32.26281 31.84210 31.41158 30.97091 30.51976 30.05778 29.58463 29.09994 28.60336 28.09452 27.57304 27.03857 26.49071 25.92912 25.35342 24.76325 24.15827 23.53813 22.90253 22.25116 21.58375 20.90005 20.19985 19.48297 18.74930 17.99876 17.23132 16.44704 15.64602 14.82846 13.99462 13.14486 12.27963 11.39947 10.50501 9.59700 8.67627 7.74376 6.80049 5.84758 4.88625 3.91777 2.94348 1.96479 0.98314 0.00000 
100.00000 99.07121 98.14379 97.21907 96.29839 95.38303 94.47423 93.57317 92.68097 91.79867 90.92722 90.06751 89.22033 88.38638 87.56627 86.76053 85.96959 85.19382 84.43350 83.68883 82.95995 82.24691 81.54975 80.86840 80.20279 79.55276 78.91816 78.29876 77.69434 77.10463 76.52935 75.96819 75.42084 74.88697 74.36626 73.85836 73.36292 72.87960 72.40806 71.94794 71.49892 71.06065 70.63280 70.21504 69.80704 69.40851 69.01912 68.63857 68.26658 67.90285 67.54712 67.19911 66.85855 66.52520 66.19881 65.87914 65.56596 65.25905 64.95818 64.66316 64.37377 64.08983 63.81114 63.53752 63.26880 63.00480 62.74536 62.49032 62.23953 61.99283 61.75008 61.51115 61.27590 61.04419 60.81591 60.59093 60.36913 60.15039 59.93462 59.72169 59.51151 59.30398 59.09900 58.89647 58.69630 58.49840 58.30269 58.10908 57.91749 57.72784 57.54005 57.35405 57.16976 56.98712 56.80605 56.62649 56.44836 56.27161 56.09617 55.92198 55.74898 55.57711 55.40631 55.23653 55.06771 54.89979 54.73272 54.56646 54.40094 54.23611 54.07194 53.90836 53.74533 53.58281 53.42073 53.25907 53.09776 52.93677 52.77605 52.61556 52.45525 52.29507 52.13499 51.97496 51.81493 51.65487 51.49473 51.33446 51.17403 51.01339 50.85250 50.69132 50.52980 50.36790 50.20558 50.04280 49.87950 49.71565 49.55120 49.38612 49.22034 49.05384 48.88656 48.71846 48.54948 48.37960 48.20874 48.03688 47.86395 47.68991 47.51472 47.33830 47.16062 46.98163 46.80125 46.61945 46.43617 46.25134 46.06491 45.87681 45.68699 45.49539 45.30193 45.10655 44.90919 44.70977 44.50822 44.30447 44.09845 43.89007 43.67925 43.46593 43.25000 43.03138 42.80998 42.58572 42.35848 42.12819 41.89473 41.65800 41.41789 41.17430 40.92709 40.67617 40.42139 40.16264 39.89978 39.63268 39.36119 39.08517 38.80448 38.51894 38.22840 37.93269 37.63164 37.32508 37.01280 36.69463 36.37035 36.03978 35.70269 35.35886 35.00807 34.65008 34.28465 33.91153 33.53045 33.14117 32.74339 32.33685 31.92125 31.49629 31.06167 30.61708 30.16220 29.69671 29.22029 28.73258 28.23327 27.72200 27.19844 26.66225 26.11309 25.55061 24.97450 24.38443 23.78009 23.16118 22.52742 21.87856 21.21436 20.53462 19.83917 19.12788 18.40066 17.65747 16.89832 16.12330 15.33254 14.52625 13.70471 12.86829 12.01743 11.15267 10.27461 9.38397 8.48155 7.56823 6.64496 5.71281 4.77288 3.82637 2.87451 1.91861 0.95999 0.00000 
100.00000 99.09392 98.18910 97.28677 96.38816 95.49446 94.60681 93.72630 92.85398 91.99082 91.13773 90.29552 89.46495 88.64669 87.84133 87.04940 86.27131 85.50744 84.75807 84.02343 83.30366 82.59886 81.90907 81.23429 80.57444 79.92944 79.29913 78.68335 78.08191 77.49457 76.92108 76.36119 75.81460 75.28104 74.76019 74.25175 73.75541 73.27084 72.79773 72.33575 71.88460 71.44396 71.01350 70.59294 70.18195 69.78025 69.38754 69.00354 68.62797 68.26055 67.90102 67.54912 67.20460 66.86722 66.53673 66.21290 65.89552 65.58437 65.27923 64.97990 64.68618 64.39789 64.11484 63.83684 63.56374 63.29535 63.03152 62.77209 62.51690 62.26582 62.01870 61.77539 61.53578 61.29972 61.06710 60.83779 60.61168 60.38865 60.16859 59.95140 59.73697 59.52520 59.31599 59.10926 58.90490 58.70283 58.50296 58.30522 58.10950 57.91574 57.72386 57.53379 57.34544 57.15875 56.97365 56.79007 56.60793 56.42719 56.24777 56.06961 55.89265 55.71684 55.54210 55.36839 55.19565 55.02383 54.85286 54.68270 54.51330 54.34460 54.17655 54.00911 53.84222 53.67583 53.50991 53.34439 53.17924 53.01440 52.84983 52.68549 52.52134 52.35731 52.19338 52.02950 51.86562 51.70170 51.53770 51.37357 51.20927 51.04476 50.87998 50.71491 50.54949 50.38369 50.21746 50.05074 49.88352 49.71572 49.54732 49.37826 49.20851 49.03801 48.86673 48.69460 48.52159 48.34765 48.17273 47.99678 47.81975 47.64160 47.46226 47.28169 47.09983 46.91664 46.73205 46.54601 46.35846 46.16935 45.97862 45.78620 45.59203 45.39605 45.19819 44.99839 44.79658 44.59269 44.38664 44.17837 43.96780 43.75484 43.53943 43.32147 43.10089 42.87760 42.65150 42.42250 42.19051 41.95544 41.71717 41.47562 41.23065 40.98218 40.73008 40.47424 40.21452 39.95082 39.68299 39.41090 39.13441 38.85338 38.56766 38.27710 37.98153 37.68080 37.37472 37.06313 36.74585 36.42269 36.09345 35.75793 35.41593 35.06723 34.71162 34.34887 33.97873 33.60098 33.21536 32.82163 32.41951 32.00874 31.58904 31.16013 30.72173 30.27354 29.81526 29.34659 28.86722 28.37683 27.87513 27.36178 26.83648 26.29891 25.74877 25.18575 24.60955 24.01988 23.41647 22.79906 22.16741 21.52129 20.86051 20.18491 19.49434 18.78872 18.06798 17.33213 16.58120 15.81530 15.03459 14.23929 13.42969 12.60616 11.76914 10.91915 10.05679 9.18274 8.29774 7.40263 6.49833 5.58580 4.66609 3.74031 2.80960 1.87516 0.93821 0.00000 
100.00000 99.11538 98.23192 97.35076 96.47303 95.59983 94.73223 93.87124 93.01784 92.17292 91.33734 90.51188 89.69725 88.89409 88.10298 87.32441 86.55882 85.80656 85.06792 84.34314 83.63240 82.93580 82.25340 81.58524 80.93126 80.29141 79.66557 79.05362 78.45537 77.87064 77.29922 76.74088 76.19535 75.66239 75.14172 74.63306 74.13612 73.65062 73.17626 72.71275 72.25978 71.81707 71.38432 70.96125 70.54757 70.14300 69.74726 69.36009 68.98120 68.61036 68.24729 67.89176 67.54352 67.20233 66.86798 66.54022 66.21886 65.90367 65.59446 65.29102 64.99317 64.70071 64.41348 64.13128 63.85396 63.58134 63.31328 63.04960 62.79018 62.53485 62.28349 62.03595 61.79210 61.55182 61.31498 61.08147 60.85116 60.62394 60.39970 60.17834 59.95976 59.74385 59.53052 59.31967 59.11122 58.90506 58.70113 58.49932 58.29956 58.10177 57.90588 57.71180 57.51946 57.32879 57.13973 56.95219 56.76612 56.58145 56.39811 56.21604 56.03519 55.85548 55.67687 55.49929 55.32269 55.14701 54.97220 54.79820 54.62496 54.45244 54.28057 54.10931 53.93860 53.76841 53.59867 53.42935 53.26039 53.09176 52.92339 52.75525 52.58729 52.41946 52.25173 52.08404 51.91635 51.74862 51.58080 51.41285 51.24472 51.07638 50.90777 50.73885 50.56958 50.39991 50.22981 50.05922 49.88810 49.71640 49.54409 49.37111 49.19742 49.02298 48.84773 48.67163 48.49463 48.31669 48.13775 47.95776 47.77668 47.59446 47.41103 47.22636 47.04038 46.85304 46.66429 46.47407 46.28233 46.08899 45.89401 45.69733 45.49887 45.29858 45.09640 44.89224 44.68605 44.47776 44.26729 44.05458 43.83953 43.62208 43.40215 43.17965 42.95450 42.72662 42.49591 42.26228 42.02563 41.78588 41.54291 41.29663 41.04693 40.79370 40.53682 40.27618 40.01165 39.74312 39.47046 39.19352 38.91217 38.62628 38.33570 38.04027 37.73983 37.43424 37.12331 36.80689 36.48479 36.15683 35.82282 35.48257 35.13587 34.78253 34.42232 34.05503 33.68044 33.29830 32.90839 32.51047 32.10427 31.68955 31.26604 30.83347 30.39158 29.94009 29.47871 29.00716 28.52516 28.03241 27.52862 27.01351 26.48678 25.94815 25.39733 24.83406 24.25806 23.66907 23.06686 22.45120 21.82187 21.17869 20.52150 19.85016 19.16457 18.46466 17.75043 17.02187 16.27906 15.52212 14.75123 13.96662 13.16859 12.35752 11.53382 10.69802 9.85067 8.99244 8.12403 7.24624 6.35992 5.46597 4.56539 3.65918 2.74842 1.83421 0.91769 0.00000 
100.00000 99.13568 98.27243 97.41131 96.55336 95.69961 94.85104 94.00860 93.17320 92.34567 91.52683 90.71741 89.91808 89.12946 88.35209 87.58646 86.83299 86.09204 85.36391 84.64883 83.94699 83.25852 82.58351 81.92199 81.27395 80.63936 80.01814 79.41017 78.81531 78.23342 77.66429 77.10774 76.56354 76.03145 75.51124 75.00264 74.50541 74.01927 73.54395 73.07919 72.62470 72.18022 71.74547 71.32018 70.90409 70.49692 70.09843 69.70834 69.32641 68.95238 68.58603 68.22711 67.87538 67.53063 67.19262 66.86116 66.53602 66.21701 65.90392 65.59657 65.29476 64.99832 64.70707 64.42084 64.13947 63.86278 63.59064 63.32288 63.05935 62.79993 62.54446 62.29281 62.04486 61.80048 61.55954 61.32194 61.08754 60.85624 60.62794 60.40252 60.17988 59.95993 59.74257 59.52770 59.31523 59.10508 58.89716 58.69138 58.48765 58.28591 58.08608 57.88807 57.69181 57.49724 57.30428 57.11285 56.92291 56.73437 56.54718 56.36126 56.17657 55.99304 55.81060 55.62921 55.44880 55.26933 55.09072 54.91294 54.73592 54.55962 54.38397 54.20895 54.03448 53.86052 53.68703 53.51395 53.34123 53.16884 52.99672 52.82482 52.65311 52.48153 52.31003 52.13858 51.96713 51.79563 51.62404 51.45231 51.28040 51.10826 50.93586 50.76314 50.59006 50.41657 50.24264 50.06822 49.89325 49.71771 49.54153 49.36467 49.18710 49.00875 48.82959 48.64956 48.46862 48.28672 48.10381 47.91984 47.73476 47.54852 47.36106 47.17234 46.98229 46.79087 46.59801 46.40367 46.20778 46.01028 45.81112 45.61023 45.40755 45.20302 44.99657 44.78813 44.57763 44.36501 44.15020 43.93311 43.71367 43.49181 43.26744 43.04048 42.81086 42.57847 42.34324 42.10507 41.86386 41.61953 41.37197 41.12107 40.86674 40.60886 40.34732 40.08200 39.81279 39.53957 39.26219 38.98055 38.69449 38.40388 38.10858 37.80843 37.50330 37.19301 36.87741 36.55632 36.22959 35.89702 35.55843 35.21365 34.86246 34.50468 34.14010 33.76850 33.38968 33.00340 32.60945 32.20758 31.79756 31.37915 30.95209 30.51614 30.07104 29.61652 29.15233 28.67820 28.19385 27.69902 27.19345 26.67686 26.14899 25.60957 25.05836 24.49510 23.91955 23.33149 22.73071 22.11700 21.49018 20.85010 20.19662 19.52965 18.84911 18.15495 17.44719 16.72585 15.99104 15.24289 14.48158 13.70737 12.92055 12.12149 11.31062 10.48841 9.65544 8.81231 7.95971 7.09838 6.22912 5.35279 4.47030 3.58260 2.69068 1.79558 0.89833 0.00000 
100.00000 99.15491 98.31081 97.46868 96.62950 95.79421 94.96373 94.13893 93.32068 92.50975 91.70691 90.91285 90.12820 89.35356 88.58945 87.83635 87.09465 86.36471 85.64684 84.94128 84.24822 83.56780 82.90013 82.24526 81.60321 80.97395 80.35744 79.75360 79.16230 78.58342 78.01680 77.46226 76.91960 76.38864 75.86913 75.36086 74.86360 74.37709 73.90109 73.43535 72.97962 72.53364 72.09716 71.66992 71.25168 70.84218 70.44118 70.04843 69.66370 69.28675 68.91734 68.55526 68.20027 67.85217 67.51073 67.17576 66.84706 66.52441 66.20764 65.89656 65.59099 65.29074 64.99565 64.70556 64.42029 64.13969 63.86362 63.59191 63.32443 63.06104 62.80161 62.54599 62.29406 62.04570 61.80078 61.55919 61.32082 61.08556 60.85329 60.62391 60.39732 60.17342 59.95212 59.73333 59.51694 59.30288 59.09105 58.88137 58.67377 58.46815 58.26445 58.06259 57.86249 57.66408 57.46729 57.27205 57.07829 56.88595 56.69496 56.50527 56.31680 56.12949 55.94330 55.75815 55.57399 55.39077 55.20843 55.02691 54.84616 54.66614 54.48677 54.30803 54.12984 53.95217 53.77497 53.59818 53.42176 53.24566 53.06983 52.89422 52.71880 52.54350 52.36829 52.19313 52.01795 51.84273 51.66741 51.49195 51.31630 51.14042 50.96426 50.78779 50.61094 50.43369 50.25597 50.07776 49.89900 49.71964 49.53964 49.35896 49.17754 48.99534 48.81231 48.62841 48.44358 48.25777 48.07094 47.88304 47.69401 47.50380 47.31236 47.11964 46.92557 46.73012 46.53322 46.33481 46.13483 45.93324 45.72995 45.52493 45.31809 45.10938 44.89873 44.68607 44.47134 44.25447 44.03537 43.81399 43.59023 43.36404 43.13531 42.90399 42.66997 42.43317 42.19351 41.95089 41.70523 41.45641 41.20436 40.94895 40.69010 40.42768 40.16160 39.89173 39.61795 39.34015 39.05821 38.77198 38.48135 38.18617 37.88630 37.58160 37.27192 36.95710 36.63698 36.31141 35.98021 35.64322 35.30025 34.95112 34.59565 34.23364 33.86489 33.48921 33.10637 32.71618 32.31841 31.91284 31.49924 31.07739 30.64704 30.20796 29.75991 29.30263 28.83589 28.35944 27.87302 27.37639 26.86929 26.35149 25.82273 25.28279 24.73143 24.16842 23.59356 23.00664 22.40748 21.79590 21.17175 20.53490 19.88525 19.22272 18.54726 17.85885 17.15751 16.44332 15.71637 14.97681 14.22485 13.46073 12.68475 11.89728 11.09874 10.28958 9.47036 8.64166 7.80412 6.95845 6.10540 5.24577 4.38043 3.51024 2.63614 1.75908 0.88004 0.00000 
100.00000 99.17315 98.34722 97.52312 96.70175 95.88400 95.07072 94.26273 93.46082 92.66575 91.87821 91.09886 90.32832 89.56714 88.81582 88.07482 87.34454 86.62532 85.91747 85.22123 84.53679 83.86433 83.20394 82.55571 81.91966 81.29580 80.68409 80.08448 79.49688 78.92117 78.35722 77.80488 77.26399 76.73436 76.21579 75.70809 75.21103 74.72440 74.24797 73.78151 73.32478 72.87756 72.43960 72.01066 71.59052 71.17894 70.77568 70.38051 69.99321 69.61356 69.24133 68.87631 68.51828 68.16704 67.82238 67.48411 67.15203 66.82595 66.50568 66.19106 65.88188 65.57800 65.27924 64.98544 64.69644 64.41208 64.13223 63.85672 63.58543 63.31821 63.05493 62.79547 62.53968 62.28746 62.03869 61.79324 61.55100 61.31187 61.07574 60.84251 60.61207 60.38432 60.15918 59.93654 59.71632 59.49843 59.28279 59.06930 58.85789 58.64848 58.44099 58.23535 58.03147 57.82929 57.62874 57.42975 57.23225 57.03618 56.84146 56.64804 56.45586 56.26484 56.07494 55.88610 55.69825 55.51134 55.32531 55.14011 54.95569 54.77199 54.58896 54.40654 54.22470 54.04336 53.86250 53.68205 53.50197 53.32220 53.14271 52.96345 52.78436 52.60540 52.42652 52.24768 52.06883 51.88993 51.71092 51.53177 51.35243 51.17286 50.99299 50.81280 50.63224 50.45126 50.26981 50.08785 49.90534 49.72222 49.53845 49.35398 49.16876 48.98276 48.79591 48.60818 48.41951 48.22984 48.03914 47.84736 47.65443 47.46031 47.26494 47.06828 46.87026 46.67083 46.46993 46.26752 46.06352 45.85788 45.65054 45.44143 45.23050 45.01768 44.80290 44.58610 44.36720 44.14614 43.92284 43.69724 43.46925 43.23879 43.00580 42.77018 42.53185 42.29074 42.04674 41.79977 41.54974 41.29654 41.04009 40.78028 40.51701 40.25018 39.97966 39.70535 39.42714 39.14489 38.85850 38.56784 38.27276 37.97315 37.66886 37.35975 37.04567 36.72648 36.40202 36.07213 35.73664 35.39540 35.04823 34.69495 34.33538 33.96934 33.59663 33.21706 32.83043 32.43654 32.03518 31.62613 31.20919 30.78413 30.35073 29.90876 29.45800 28.99821 28.52918 28.05065 27.56241 27.06421 26.55584 26.03707 25.50767 24.96743 24.41614 23.85361 23.27963 22.69404 22.09667 21.48737 20.86602 20.23251 19.58676 18.92872 18.25835 17.57567 16.88071 16.17355 15.45430 14.72314 13.98027 13.22594 12.46045 11.68415 10.89746 10.10083 9.29477 8.47984 7.65666 6.82589 5.98825 5.14448 4.29539 3.44179 2.58456 1.72458 0.86275 0.00000 
100.00000 99.19047 98.38179 97.57482 96.77039 95.96932 95.17241 94.38044 93.59413 92.81420 92.04131 91.27608 90.51908 89.77085 89.03187 88.30258 87.58337 86.87457 86.17649 85.48936 84.81341 84.14878 83.49561 82.85397 82.22393 81.60549 80.99865 80.40336 79.81955 79.24715 78.68603 78.13607 77.59712 77.06902 76.55159 76.04466 75.54804 75.06151 74.58488 74.11793 73.66045 73.21222 72.77301 72.34262 71.92081 71.50737 71.10208 70.70473 70.31509 69.93295 69.55811 69.19036 68.82950 68.47533 68.12765 67.78627 67.45100 67.12167 66.79809 66.48009 66.16750 65.86014 65.55787 65.26052 64.96794 64.67998 64.39648 64.11732 63.84235 63.57144 63.30445 63.04126 62.78175 62.52579 62.27327 62.02407 61.77808 61.53520 61.29531 61.05832 60.82412 60.59262 60.36373 60.13734 59.91338 59.69175 59.47237 59.25515 59.04002 58.82689 58.61569 58.40633 58.19876 57.99289 57.78865 57.58597 57.38480 57.18505 56.98667 56.78959 56.59375 56.39908 56.20554 56.01305 55.82156 55.63102 55.44137 55.25254 55.06450 54.87718 54.69053 54.50450 54.31904 54.13409 53.94961 53.76555 53.58185 53.39848 53.21537 53.03249 52.84979 52.66721 52.48471 52.30224 52.11977 51.93723 51.75459 51.57180 51.38881 51.20558 51.02205 50.83820 50.65396 50.46930 50.28416 50.09850 49.91228 49.72544 49.53795 49.34974 49.16078 48.97102 48.78041 48.58889 48.39642 48.20296 48.00844 47.81282 47.61605 47.41806 47.21882 47.01827 46.81635 46.61300 46.40817 46.20181 45.99384 45.78422 45.57289 45.35977 45.14481 44.92794 44.70910 44.48821 44.26522 44.04005 43.81262 43.58287 43.35072 43.11609 42.87891 42.63908 42.39654 42.15119 41.90294 41.65171 41.39741 41.13993 40.87919 40.61508 40.34750 40.07635 39.80151 39.52288 39.24035 38.95378 38.66307 38.36809 38.06872 37.76481 37.45624 37.14286 36.82454 36.50113 36.17248 35.83843 35.49883 35.15352 34.80232 34.44506 34.08158 33.71170 33.33522 32.95197 32.56175 32.16437 31.75962 31.34732 30.92725 30.49921 30.06298 29.61835 29.16511 28.70305 28.23194 27.75158 27.26174 26.76222 26.25280 25.73328 25.20345 24.66312 24.11211 23.55023 22.97731 22.39321 21.79778 21.19089 20.57245 19.94236 19.30057 18.64704 17.98176 17.30476 16.61610 15.91585 15.20416 14.48119 13.74715 13.00230 12.24694 11.48142 10.70612 9.92150 9.12804 8.32627 7.51679 6.70022 5.87722 5.04852 4.21484 3.37698 2.53573 1.69192 0.84639 0.00000 
100.00000 99.20693 98.41466 97.62398 96.83566 96.05048 95.26918 94.49248 93.72107 92.95563 92.19676 91.44506 90.70107 89.96531 89.23823 88.52026 87.81178 87.11311 86.42454 85.74633 85.07869 84.42178 83.77573 83.14065 82.51659 81.90359 81.30165 80.71075 80.13084 79.56185 79.00368 78.45624 77.91939 77.39300 76.87690 76.37094 75.87495 75.38873 74.91211 74.44489 73.98687 73.53785 73.09762 72.66598 72.24273 71.82766 71.42056 71.02122 70.62946 70.24505 69.86781 69.49754 69.13404 68.77713 68.42661 68.08231 67.74405 67.41164 67.08492 66.76372 66.44787 66.13721 65.83158 65.53084 65.23483 64.94340 64.65641 64.37373 64.09522 63.82074 63.55017 63.28339 63.02027 62.76068 62.50453 62.25169 62.00206 61.75552 61.51198 61.27133 61.03348 60.79832 60.56576 60.33572 60.10810 59.88282 59.65979 59.43892 59.22014 59.00337 58.78853 58.57555 58.36434 58.15485 57.94699 57.74070 57.53591 57.33256 57.13057 56.92989 56.73046 56.53221 56.33507 56.13900 55.94394 55.74982 55.55659 55.36420 55.17258 54.98169 54.79148 54.60189 54.41286 54.22435 54.03631 53.84868 53.66143 53.47449 53.28782 53.10137 52.91509 52.72894 52.54286 52.35682 52.17076 51.98464 51.79841 51.61202 51.42543 51.23859 51.05145 50.86398 50.67611 50.48781 50.29903 50.10972 49.91984 49.72934 49.53816 49.34627 49.15361 48.96014 48.76580 48.57055 48.37435 48.17712 47.97884 47.77944 47.57887 47.37708 47.17402 46.96964 46.76387 46.55666 46.34795 46.13770 45.92583 45.71229 45.49701 45.27995 45.06102 44.84017 44.61733 44.39244 44.16542 43.93621 43.70473 43.47091 43.23468 42.99595 42.75466 42.51071 42.26403 42.01453 41.76213 41.50673 41.24825 40.98659 40.72166 40.45335 40.18157 39.90621 39.62717 39.34433 39.05759 38.76682 38.47192 38.17275 37.86920 37.56113 37.24842 36.93092 36.60851 36.28103 35.94834 35.61030 35.26674 34.91751 34.56246 34.20141 33.83420 33.46065 33.08059 32.69385 32.30023 31.89956 31.49164 31.07628 30.65329 30.22247 29.78363 29.33655 28.88105 28.41693 27.94397 27.46198 26.97076 26.47012 25.95986 25.43979 24.90973 24.36950 23.81894 23.25789 22.68619 22.10372 21.51035 20.90598 20.29052 19.66392 19.02612 18.37711 17.71690 17.04553 16.36306 15.66960 14.96529 14.25030 13.52485 12.78918 12.04361 11.28846 10.52412 9.75101 8.96961 8.18043 7.38401 6.58096 5.77191 4.95752 4.13849 3.31555 2.48946 1.66097 0.83089 0.00000 
100.00000 99.22260 98.44594 97.67076 96.89780 96.12776 95.36134 94.59923 93.84206 93.09047 92.34503 91.60632 90.87484 90.15108 89.43549 88.72847 88.03037 87.34154 86.66224 85.99274 85.33324 84.68391 84.04489 83.41630 82.79819 82.19062 81.59361 81.00715 80.43120 79.86572 79.31062 78.76582 78.23121 77.70668 77.19207 76.68726 76.19207 75.70636 75.22994 74.76264 74.30429 73.85468 73.41364 72.98097 72.55648 72.13997 71.73127 71.33016 70.93646 70.54998 70.17054 69.79793 69.43199 69.07253 68.71936 68.37232 68.03123 67.69592 67.36623 67.04199 66.72305 66.40924 66.10042 65.79643 65.49713 65.20238 64.91204 64.62598 64.34405 64.06614 63.79211 63.52185 63.25524 62.99215 62.73248 62.47611 62.22294 61.97286 61.72576 61.48155 61.24014 61.00141 60.76529 60.53168 60.30049 60.07164 59.84504 59.62061 59.39826 59.17793 58.95953 58.74298 58.52822 58.31517 58.10376 57.89393 57.68559 57.47870 57.27317 57.06896 56.86599 56.66421 56.46355 56.26396 56.06537 55.86773 55.67098 55.47507 55.27994 55.08554 54.89181 54.69871 54.50617 54.31415 54.12259 53.93146 53.74068 53.55023 53.36004 53.17007 52.98027 52.79059 52.60099 52.41142 52.22182 52.03216 51.84238 51.65244 51.46230 51.27190 51.08119 50.89014 50.69870 50.50681 50.31443 50.12152 49.92803 49.73390 49.53909 49.34356 49.14725 48.95012 48.75211 48.55318 48.35328 48.15235 47.95035 47.74723 47.54292 47.33738 47.13055 46.92239 46.71283 46.50181 46.28929 46.07520 45.85949 45.64209 45.42294 45.20199 44.97916 44.75440 44.52763 44.29879 44.06782 43.83464 43.59918 43.36137 43.12113 42.87838 42.63306 42.38507 42.13434 41.88078 41.62431 41.36484 41.10227 40.83652 40.56750 40.29509 40.01921 39.73975 39.45661 39.16968 38.87885 38.58400 38.28502 37.98180 37.67420 37.36210 37.04538 36.72391 36.39754 36.06613 35.72956 35.38767 35.04032 34.68734 34.32859 33.96392 33.59314 33.21611 32.83266 32.44260 32.04577 31.64199 31.23109 30.81287 30.38716 29.95376 29.51250 29.06319 28.60563 28.13964 27.66503 27.18161 26.68921 26.18764 25.67673 25.15629 24.62618 24.08622 23.53627 22.97618 22.40584 21.82512 21.23391 20.63215 20.01975 19.39667 18.76288 18.11838 17.46320 16.79739 16.12102 15.43421 14.73710 14.02988 13.31275 12.58598 11.84984 11.10469 10.35087 9.58882 8.81897 8.04181 7.25787 6.46771 5.67193 4.87116 4.06605 3.25729 2.44557 1.63163 0.81619 0.00000 
100.00000 99.23752 98.47574 97.71534 96.95701 96.20141 95.44921 94.70102 93.95747 93.21915 92.48659 91.76034 91.04089 90.32869 89.62418 88.92773 88.23971 87.56042 86.89016 86.22915 85.57762 84.93573 84.30364 83.68145 83.06926 82.46711 81.87503 81.29303 80.72110 80.15920 79.60726 79.06521 78.53297 78.01042 77.49746 76.99394 76.49973 76.01469 75.53865 75.07146 74.61295 74.16295 73.72128 73.28777 72.86224 72.44450 72.03437 71.63169 71.23625 70.84789 70.46642 70.09167 69.72347 69.36163 69.00599 68.65638 68.31264 67.97460 67.64209 67.31498 66.99309 66.67629 66.36441 66.05733 65.75489 65.45696 65.16340 64.87408 64.58887 64.30765 64.03029 63.75668 63.48669 63.22021 62.95712 62.69733 62.44073 62.18720 61.93665 61.68899 61.44410 61.20191 60.96231 60.72522 60.49055 60.25821 60.02813 59.80021 59.57438 59.35055 59.12867 58.90864 58.69039 58.47386 58.25897 58.04565 57.83384 57.62347 57.41447 57.20678 57.00034 56.79509 56.59097 56.38791 56.18585 55.98475 55.78454 55.58517 55.38658 55.18872 54.99153 54.79496 54.59896 54.40348 54.20846 54.01386 53.81962 53.62570 53.43204 53.23860 53.04533 52.85218 52.65909 52.46603 52.27295 52.07979 51.88652 51.69308 51.49942 51.30551 51.11129 50.91671 50.72173 50.52630 50.33037 50.13390 49.93684 49.73914 49.54075 49.34163 49.14172 48.94098 48.73935 48.53679 48.33324 48.12866 47.92300 47.71619 47.50820 47.29896 47.08842 46.87654 46.66324 46.44848 46.23220 46.01433 45.79483 45.57364 45.35068 45.12590 44.89924 44.67062 44.44000 44.20729 43.97243 43.73535 43.49598 43.25425 43.01008 42.76340 42.51412 42.26218 42.00748 41.74995 41.48950 41.22604 40.95948 40.68974 40.41671 40.14031 39.86043 39.57698 39.28985 38.99893 38.70413 38.40531 38.10238 37.79522 37.48370 37.16770 36.84711 36.52178 36.19160 35.85642 35.51610 35.17051 34.81951 34.46294 34.10066 33.73252 33.35835 32.97801 32.59132 32.19813 31.79826 31.39156 30.97785 30.55696 30.12870 29.69292 29.24943 28.79806 28.33863 27.87096 27.39489 26.91024 26.41683 25.91451 25.40311 24.88248 24.35247 23.81293 23.26373 22.70475 22.13587 21.55700 20.96805 20.36895 19.75965 19.14012 18.51035 17.87034 17.22014 16.55980 15.88942 15.20911 14.51903 13.81936 13.11030 12.39213 11.66511 10.92957 10.18588 9.43442 8.67563 7.90997 7.13794 6.36008 5.57695 4.78914 3.99727 3.20197 2.40392 1.60378 0.80224 0.00000 
100.00000 99.25175 98.50416 97.75786 97.01349 96.27168 95.53305 94.79819 94.06767 93.34205 92.62185 91.90757 91.19968 90.49863 89.80480 89.11858 88.44031 87.77029 87.10881 86.45609 85.81234 85.17776 84.55248 83.93662 83.33028 82.73351 82.14637 81.56886 81.00098 80.44271 79.89401 79.35480 78.82503 78.30459 77.79339 77.29131 76.79823 76.31401 75.83852 75.37160 74.91311 74.46289 74.02077 73.58660 73.16020 72.74141 72.33005 71.92596 71.52897 71.13890 70.75559 70.37887 70.00857 69.64453 69.28659 68.93458 68.58834 68.24773 67.91257 67.58273 67.25806 66.93840 66.62362 66.31358 66.00814 65.70716 65.41051 65.11807 64.82971 64.54530 64.26473 63.98787 63.71462 63.44486 63.17848 62.91538 62.65544 62.39857 62.14467 61.89364 61.64538 61.39981 61.15682 60.91634 60.67827 60.44254 60.20904 59.97772 59.74848 59.52125 59.29595 59.07251 58.85085 58.63090 58.41260 58.19587 57.98065 57.76686 57.55446 57.34336 57.13351 56.92485 56.71732 56.51085 56.30539 56.10088 55.89726 55.69449 55.49249 55.29122 55.09062 54.89065 54.69124 54.49235 54.29392 54.09591 53.89825 53.70091 53.50384 53.30697 53.11027 52.91369 52.71718 52.52068 52.32415 52.12755 51.93083 51.73393 51.53681 51.33943 51.14173 50.94368 50.74521 50.54629 50.34686 50.14688 49.94630 49.74508 49.54315 49.34049 49.13702 48.93272 48.72752 48.52138 48.31424 48.10606 47.89678 47.68635 47.47473 47.26184 47.04765 46.83209 46.61512 46.39667 46.17668 45.95511 45.73188 45.50694 45.28024 45.05170 44.82126 44.58887 44.35445 44.11793 43.87926 43.63836 43.39515 43.14958 42.90155 42.65101 42.39786 42.14204 41.88346 41.62204 41.35769 41.09033 40.81988 40.54623 40.26931 39.98901 39.70524 39.41789 39.12688 38.83208 38.53341 38.23074 37.92398 37.61299 37.29767 36.97791 36.65356 36.32452 35.99065 35.65183 35.30792 34.95878 34.60427 34.24426 33.87860 33.50714 33.12974 32.74624 32.35649 31.96033 31.55760 31.14814 30.73180 30.30840 29.87779 29.43979 28.99425 28.54100 28.07987 27.61070 27.13334 26.64761 26.15337 25.65046 25.13873 24.61805 24.08828 23.54930 23.00097 22.44320 21.87589 21.29896 20.71233 20.11595 19.50979 18.89382 18.26805 17.63250 16.98721 16.33226 15.66775 14.99379 14.31055 13.61821 12.91698 12.20712 11.48889 10.76262 10.02865 9.28736 8.53916 7.78450 7.02385 6.25773 5.48665 4.71118 3.93191 3.14942 2.36435 1.57732 0.78899 0.00000 
100.00000 99.26533 98.53128 97.79843 97.06740 96.33877 95.61312 94.89100 94.17297 93.45953 92.75119 92.04841 91.35165 90.66132 89.97781 89.30148 88.63266 87.97164 87.31869 86.67404 86.03792 85.41048 84.79190 84.18228 83.58172 82.99030 82.40807 81.83505 81.27125 80.71666 80.17125 79.63497 79.10775 78.58953 78.08020 77.57969 77.08786 76.60461 76.12981 75.66332 75.20501 74.75473 74.31232 73.87765 73.45056 73.03088 72.61846 72.21314 71.81476 71.42315 71.03817 70.65965 70.28742 69.92135 69.56126 69.20700 68.85843 68.51539 68.17774 67.84533 67.51801 67.19565 66.87810 66.56524 66.25693 65.95303 65.65343 65.35799 65.06659 64.77912 64.49545 64.21547 63.93907 63.66614 63.39657 63.13025 62.86709 62.60698 62.34982 62.09552 61.84398 61.59512 61.34884 61.10505 60.86367 60.62461 60.38780 60.15315 59.92058 59.69001 59.46137 59.23459 59.00959 58.78631 58.56466 58.34459 58.12602 57.90889 57.69313 57.47869 57.26549 57.05349 56.84260 56.63279 56.42398 56.21612 56.00915 55.80302 55.59767 55.39305 55.18910 54.98577 54.78301 54.58076 54.37897 54.17759 53.97657 53.77586 53.57542 53.37518 53.17510 52.97514 52.77524 52.57535 52.37544 52.17544 51.97531 51.77500 51.57447 51.37367 51.17255 50.97105 50.76915 50.56678 50.36390 50.16046 49.95641 49.75171 49.54630 49.34014 49.13317 48.92536 48.71664 48.50696 48.29629 48.08456 47.87172 47.65772 47.44251 47.22604 47.00824 46.78907 46.56847 46.34639 46.12276 45.89753 45.67064 45.44203 45.21163 44.97940 44.74525 44.50914 44.27099 44.03074 43.78832 43.54366 43.29670 43.04735 42.79555 42.54121 42.28428 42.02466 41.76228 41.49705 41.22890 40.95773 40.68347 40.40601 40.12528 39.84118 39.55361 39.26248 38.96768 38.66912 38.36668 38.06028 37.74979 37.43510 37.11610 36.79268 36.46472 36.13209 35.79467 35.45233 35.10496 34.75240 34.39454 34.03123 33.66234 33.28772 32.90723 32.52073 32.12807 31.72909 31.32366 30.91161 30.49280 30.06706 29.63425 29.19421 28.74678 28.29181 27.82915 27.35864 26.88014 26.39350 25.89857 25.39522 24.88331 24.36272 23.83332 23.29500 22.74766 22.19120 21.62554 21.05062 20.46636 19.87275 19.26973 18.65733 18.03553 17.40439 16.76395 16.11429 15.45552 14.78776 14.11118 13.42595 12.73230 12.03046 11.32072 10.60336 9.87873 9.14720 8.40915 7.66502 6.91525 6.16032 5.40074 4.63703 3.86975 3.09946 2.32673 1.55218 0.77640 0.00000 
100.00000 99.27831 98.55718 97.83720 97.11892 96.40289 95.68966 94.97974 94.27367 93.57191 92.87495 92.18324 91.49719 90.81720 90.14365 89.47688 88.81720 88.16491 87.52026 86.88349 86.25480 85.63437 85.02235 84.41887 83.82402 83.23790 82.66056 82.09202 81.53232 80.98144 80.43936 79.90606 79.38148 78.86556 78.35822 77.85937 77.36892 76.88676 76.41279 75.94686 75.48887 75.03868 74.59615 74.16113 73.73350 73.31309 72.89977 72.49338 72.09377 71.70079 71.31429 70.93412 70.56013 70.19217 69.83009 69.47374 69.12299 68.77768 68.43767 68.10282 67.77300 67.44807 67.12790 66.81235 66.50130 66.19461 65.89217 65.59386 65.29955 65.00913 64.72248 64.43949 64.16005 63.88406 63.61140 63.34197 63.07568 62.81243 62.55211 62.29464 62.03991 61.78785 61.53836 61.29135 61.04674 60.80445 60.56440 60.32650 60.09067 59.85685 59.62495 59.39490 59.16663 58.94007 58.71515 58.49180 58.26995 58.04954 57.83050 57.61277 57.39629 57.18100 56.96682 56.75372 56.54162 56.33046 56.12020 55.91078 55.70213 55.49421 55.28696 55.08033 54.87426 54.66870 54.46361 54.25892 54.05458 53.85056 53.64679 53.44323 53.23982 53.03653 52.83329 52.63006 52.42680 52.22345 52.01997 51.81630 51.61240 51.40823 51.20373 50.99885 50.79355 50.58779 50.38150 50.17465 49.96718 49.75905 49.55020 49.34060 49.13018 48.91890 48.70671 48.49355 48.27939 48.06416 47.84781 47.63030 47.41156 47.19155 46.97021 46.74749 46.52332 46.29766 46.07044 45.84162 45.61112 45.37889 45.14487 44.90900 44.67122 44.43145 44.18964 43.94572 43.69962 43.45128 43.20062 42.94758 42.69207 42.43403 42.17338 41.91004 41.64394 41.37499 41.10312 40.82823 40.55025 40.26908 39.98463 39.69682 39.40555 39.11073 38.81225 38.51002 38.20394 37.89390 37.57979 37.26152 36.93896 36.61201 36.28054 35.94445 35.60360 35.25789 34.90717 34.55134 34.19025 33.82378 33.45180 33.07416 32.69073 32.30138 31.90596 31.50432 31.09633 30.68185 30.26072 29.83280 29.39795 28.95601 28.50685 28.05032 27.58628 27.11458 26.63509 26.14767 25.65220 25.14854 24.63657 24.11619 23.58727 23.04973 22.50347 21.94840 21.38446 20.81160 20.22976 19.63893 19.03908 18.43022 17.81237 17.18557 16.54990 15.90543 15.25227 14.59056 13.92045 13.24213 12.55581 11.86172 11.16015 10.45138 9.73573 9.01355 8.28523 7.55117 6.81180 6.06756 5.31895 4.56646 3.81060 3.05192 2.29095 1.52826 0.76442 0.00000 
100.00000 99.29071 98.58195 97.87427 97.16818 96.46421 95.76287 95.06465 94.37004 93.67950 92.99348 92.31240 91.63666 90.96664 90.30270 89.64518 88.99436 88.35054 87.71396 87.08485 86.46342 85.84984 85.24426 84.64682 84.05761 83.47673 82.90423 82.34017 81.78456 81.23741 80.69871 80.16844 79.64655 79.13301 78.62773 78.13066 77.64169 77.16074 76.68771 76.22248 75.76494 75.31497 74.87245 74.43724 74.00921 73.58823 73.17415 72.76684 72.36615 71.97195 71.58409 71.20242 70.82681 70.45711 70.09319 69.73490 69.38210 69.03466 68.69243 68.35529 68.02311 67.69574 67.37307 67.05496 66.74130 66.43195 66.12680 65.82573 65.52863 65.23537 64.94585 64.65996 64.37759 64.09864 63.82300 63.55057 63.28125 63.01494 62.75156 62.49101 62.23319 61.97801 61.72540 61.47526 61.22750 60.98206 60.73884 60.49777 60.25877 60.02176 59.78667 59.55343 59.32196 59.09220 58.86407 58.63751 58.41245 58.18882 57.96656 57.74561 57.52591 57.30738 57.08998 56.87364 56.65831 56.44392 56.23042 56.01776 55.80587 55.59471 55.38421 55.17433 54.96500 54.75619 54.54784 54.33989 54.13229 53.92500 53.71796 53.51112 53.30444 53.09786 52.89133 52.68482 52.47825 52.27160 52.06481 51.85783 51.65062 51.44312 51.23529 51.02707 50.81843 50.60931 50.39967 50.18945 49.97861 49.76710 49.55487 49.34187 49.12804 48.91335 48.69774 48.48116 48.26356 48.04488 47.82508 47.60410 47.38189 47.15840 46.93357 46.70734 46.47966 46.25048 46.01974 45.78738 45.55333 45.31755 45.07997 44.84053 44.59916 44.35581 44.11040 43.86288 43.61318 43.36122 43.10694 42.85027 42.59113 42.32946 42.06517 41.79820 41.52845 41.25587 40.98035 40.70183 40.42021 40.13541 39.84735 39.55592 39.26105 38.96263 38.66057 38.35478 38.04515 37.73158 37.41398 37.09222 36.76621 36.43584 36.10099 35.76155 35.41741 35.06843 34.71452 34.35553 33.99135 33.62186 33.24691 32.86639 32.48017 32.08810 31.69006 31.28591 30.87551 30.45873 30.03543 29.60547 29.16872 28.72504 28.27429 27.81634 27.35106 26.87831 26.39796 25.90991 25.41401 24.91017 24.39826 23.87819 23.34986 22.81318 22.26807 21.71447 21.15231 20.58156 20.00217 19.41413 18.81743 18.21209 17.59815 16.97564 16.34465 15.70526 15.05758 14.40175 13.73793 13.06630 12.38707 11.70048 11.00678 10.30627 9.59925 8.88605 8.16706 7.44263 6.71320 5.97919 5.24105 4.49925 3.75429 3.00666 2.25689 1.50550 0.75302 0.00000 
100.00000 99.30257 98.60565 97.90973 97.21532 96.52290 95.83296 95.14595 94.46235 93.78258 93.10706 92.43621 91.77041 91.11001 90.45535 89.80676 89.16453 88.52892 87.90018 87.27854 86.66419 86.05730 85.45804 84.86653 84.28288 83.70717 83.13948 82.57986 82.02833 81.48492 80.94963 80.42243 79.90329 79.39219 78.88906 78.39383 77.90644 77.42680 76.95482 76.49040 76.03344 75.58382 75.14144 74.70617 74.27788 73.85646 73.44176 73.03367 72.63205 72.23677 71.84768 71.46466 71.08758 70.71629 70.35066 69.99056 69.63586 69.28642 68.94212 68.60282 68.26839 67.93872 67.61368 67.29314 66.97698 66.66509 66.35735 66.05364 65.75385 65.45788 65.16560 64.87691 64.59172 64.30991 64.03139 63.75605 63.48380 63.21454 62.94819 62.68464 62.42381 62.16562 61.90996 61.65677 61.40596 61.15744 60.91114 60.66698 60.42487 60.18476 59.94655 59.71019 59.47559 59.24270 59.01143 58.78172 58.55351 58.32673 58.10132 57.87721 57.65434 57.43265 57.21208 56.99257 56.77406 56.55649 56.33981 56.12396 55.90889 55.69453 55.48084 55.26776 55.05524 54.84323 54.63167 54.42050 54.20970 53.99918 53.78892 53.57886 53.36895 53.15914 52.94937 52.73961 52.52980 52.31990 52.10985 51.89960 51.68912 51.47834 51.26723 51.05573 50.84379 50.63137 50.41842 50.20488 49.99072 49.77588 49.56031 49.34396 49.12678 48.90873 48.68975 48.46979 48.24880 48.02673 47.80353 47.57914 47.35351 47.12659 46.89832 46.66864 46.43752 46.20487 45.97066 45.73482 45.49729 45.25801 45.01693 44.77397 44.52909 44.28222 44.03328 43.78223 43.52898 43.27348 43.01565 42.75542 42.49273 42.22750 41.95965 41.68912 41.41582 41.13967 40.86060 40.57852 40.29336 40.00502 39.71342 39.41847 39.12009 38.81817 38.51263 38.20337 37.89030 37.57331 37.25231 36.92718 36.59784 36.26416 35.92604 35.58337 35.23604 34.88393 34.52693 34.16492 33.79777 33.42538 33.04761 32.66434 32.27544 31.88080 31.48027 31.07374 30.66107 30.24213 29.81680 29.38494 28.94643 28.50114 28.04894 27.58970 27.12330 26.64963 26.16856 25.67998 25.18378 24.67986 24.16811 23.64845 23.12079 22.58506 22.04118 21.48910 20.92876 20.36015 19.78322 19.19798 18.60442 18.00258 17.39249 16.77420 16.14780 15.51337 14.87103 14.22093 13.56321 12.89807 12.22570 11.54634 10.86023 10.16767 9.46894 8.76436 8.05430 7.33911 6.61919 5.89494 5.16680 4.43521 3.70064 2.96355 2.22445 1.48382 0.74216 0.00000 
100.00000 99.31393 98.62834 97.94370 97.26047 96.57912 95.90010 95.22386 94.55081 93.88139 93.21599 92.55498 91.89875 91.24763 90.60194 89.96199 89.32807 88.70043 88.07931 87.46494 86.85749 86.25715 85.66407 85.07838 84.50019 83.92959 83.36666 82.81145 82.26400 81.72433 81.19245 80.66835 80.15201 79.64340 79.14247 78.64917 78.16344 77.68520 77.21438 76.75087 76.29459 75.84545 75.40332 74.96810 74.53969 74.11795 73.70278 73.29404 72.89162 72.49539 72.10521 71.72098 71.34255 70.96980 70.60260 70.24083 69.88436 69.53305 69.18680 68.84546 68.50893 68.17708 67.84978 67.52693 67.20841 66.89409 66.58387 66.27763 65.97527 65.67668 65.38175 65.09038 64.80246 64.51790 64.23659 63.95844 63.68336 63.41124 63.14201 62.87556 62.61181 62.35068 62.09207 61.83591 61.58212 61.33061 61.08130 60.83412 60.58899 60.34584 60.10460 59.86518 59.62753 59.39156 59.15722 58.92444 58.69315 58.46328 58.23477 58.00757 57.78160 57.55680 57.33312 57.11049 56.88887 56.66818 56.44838 56.22940 56.01119 55.79370 55.57687 55.36065 55.14498 54.92981 54.71509 54.50078 54.28680 54.07313 53.85969 53.64646 53.43336 53.22037 53.00741 52.79446 52.58145 52.36834 52.15508 51.94162 51.72791 51.51391 51.29956 51.08482 50.86963 50.65396 50.43775 50.22095 50.00351 49.78538 49.56653 49.34688 49.12640 48.90504 48.68274 48.45945 48.23513 48.00972 47.78316 47.55542 47.32642 47.09612 46.86447 46.63141 46.39688 46.16083 45.92321 45.68395 45.44299 45.20028 44.95575 44.70935 44.46102 44.21069 43.95829 43.70376 43.44704 43.18806 42.92676 42.66305 42.39687 42.12816 41.85683 41.58281 41.30602 41.02640 40.74385 40.45831 40.16968 39.87789 39.58284 39.28446 38.98266 38.67734 38.36841 38.05579 37.73937 37.41906 37.09476 36.76637 36.43379 36.09691 35.75563 35.40985 35.05945 34.70432 34.34435 33.97943 33.60945 33.23427 32.85380 32.46790 32.07647 31.67937 31.27649 30.86771 30.45290 30.03193 29.60470 29.17107 28.73093 28.28415 27.83062 27.37021 26.90283 26.42835 25.94666 25.45767 24.96127 24.45737 23.94588 23.42671 22.89980 22.36508 21.82249 21.27197 20.71350 20.14704 19.57259 18.99014 18.39971 17.80132 17.19503 16.58088 15.95897 15.32939 14.69226 14.04772 13.39593 12.73706 12.07132 11.39894 10.72015 10.03523 9.34447 8.64817 7.94667 7.24032 6.52950 5.81459 5.09600 4.37416 3.64950 2.92247 2.19353 1.46316 0.73182 0.00000 
100.00000 99.32482 98.65009 97.97625 97.30374 96.63301 95.96448 95.29856 94.63566 93.97619 93.32051 92.66899 92.02198 91.37981 90.74278 90.11120 89.48533 88.86542 88.25171 87.64440 87.04369 86.44974 85.86272 85.28274 84.70992 84.14436 83.58612 83.03529 82.49188 81.95595 81.42749 80.90651 80.39299 79.88692 79.38826 78.89695 78.41295 77.93620 77.46661 77.00411 76.54862 76.10005 75.65829 75.22325 74.79482 74.37289 73.95735 73.54810 73.14500 72.74794 72.35681 71.97149 71.59184 71.21776 70.84912 70.48580 70.12768 69.77464 69.42655 69.08331 68.74479 68.41087 68.08145 67.75640 67.43562 67.11899 66.80640 66.49775 66.19293 65.89183 65.59435 65.30039 65.00985 64.72263 64.43864 64.15777 63.87995 63.60506 63.33304 63.06378 62.79720 62.53321 62.27174 62.01269 61.75600 61.50157 61.24934 60.99922 60.75114 60.50503 60.26081 60.01841 59.77777 59.53881 59.30147 59.06567 58.83136 58.59847 58.36693 58.13669 57.90768 57.67984 57.45311 57.22743 57.00274 56.77899 56.55611 56.33406 56.11278 55.89220 55.67229 55.45297 55.23421 55.01595 54.79813 54.58070 54.36362 54.14682 53.93027 53.71391 53.49769 53.28155 53.06546 52.84936 52.63320 52.41693 52.20051 51.98388 51.76700 51.54982 51.33228 51.11435 50.89597 50.67709 50.45767 50.23765 50.01698 49.79563 49.57353 49.35064 49.12691 48.90229 48.67672 48.45016 48.22255 47.99385 47.76400 47.53294 47.30063 47.06702 46.83204 46.59564 46.35777 46.11838 45.87740 45.63477 45.39045 45.14436 44.89646 44.64667 44.39495 44.14122 43.88542 43.62750 43.36737 43.10498 42.84026 42.57315 42.30356 42.03143 41.75669 41.47926 41.19907 40.91605 40.63011 40.34118 40.04917 39.75401 39.45561 39.15388 38.84875 38.54012 38.22790 37.91200 37.59233 37.26880 36.94130 36.60975 36.27404 35.93407 35.58974 35.24095 34.88759 34.52955 34.16673 33.79902 33.42630 33.04847 32.66542 32.27702 31.88316 31.48373 31.07862 30.66771 30.25087 29.82801 29.39899 28.96371 28.52206 28.07391 27.61917 27.15772 26.68945 26.21427 25.73207 25.24277 24.74626 24.24247 23.73132 23.21273 22.68663 22.15298 21.61171 21.06281 20.50622 19.94194 19.36996 18.79029 18.20295 17.60797 17.00541 16.39533 15.77781 15.15297 14.52091 13.88177 13.23572 12.58293 11.92360 11.25794 10.58620 9.90864 9.22553 8.53717 7.84389 7.14601 6.44390 5.73792 5.02846 4.31592 3.60072 2.88329 2.16405 1.44346 0.72196 0.00000 
100.00000 99.33526 98.67094 98.00746 97.34525 96.68470 96.02623 95.37024 94.71710 94.06719 93.42087 92.77849 92.14037 91.50684 90.87819 90.25470 89.63663 89.02422 88.41770 87.81727 87.22312 86.63542 86.05431 85.47993 84.91239 84.35178 83.79820 83.25169 82.71231 82.18009 81.65505 81.13720 80.62654 80.12304 79.62668 79.13742 78.65522 78.18002 77.71175 77.25035 76.79574 76.34783 75.90654 75.47178 75.04344 74.62144 74.20565 73.79599 73.39234 72.99458 72.60261 72.21631 71.83558 71.46029 71.09032 70.72558 70.36593 70.01127 69.66147 69.31644 68.97604 68.64018 68.30874 67.98161 67.65868 67.33985 67.02500 66.71404 66.40686 66.10336 65.80343 65.50699 65.21392 64.92414 64.63756 64.35407 64.07359 63.79603 63.52130 63.24932 62.97999 62.71324 62.44898 62.18713 61.92761 61.67035 61.41526 61.16228 60.91132 60.66232 60.41520 60.16990 59.92633 59.68444 59.44416 59.20542 58.96816 58.73231 58.49780 58.26459 58.03259 57.80177 57.57204 57.34337 57.11568 56.88892 56.66303 56.43796 56.21365 55.99005 55.76710 55.54476 55.32295 55.10164 54.88077 54.66029 54.44014 54.22029 54.00066 53.78122 53.56192 53.34270 53.12352 52.90432 52.68506 52.46568 52.24615 52.02640 51.80639 51.58608 51.36541 51.14433 50.92280 50.70077 50.47818 50.25499 50.03116 49.80662 49.58133 49.35525 49.12831 48.90048 48.67169 48.44191 48.21107 47.97913 47.74603 47.51173 47.27616 47.03928 46.80103 46.56135 46.32020 46.07751 45.83323 45.58730 45.33967 45.09027 44.83905 44.58594 44.33088 44.07382 43.81469 43.55343 43.28996 43.02423 42.75617 42.48571 42.21278 41.93732 41.65924 41.37848 41.09496 40.80862 40.51936 40.22712 39.93182 39.63337 39.33170 39.02671 38.71834 38.40648 38.09106 37.77198 37.44916 37.12250 36.79190 36.45729 36.11855 35.77559 35.42831 35.07662 34.72040 34.35957 33.99401 33.62361 33.24828 32.86790 32.48237 32.09158 31.69542 31.29378 30.88655 30.47363 30.05489 29.63023 29.19955 28.76273 28.31968 27.87028 27.41443 26.95203 26.48299 26.00721 25.52460 25.03507 24.53854 24.03494 23.52419 23.00624 22.48102 21.94848 21.40859 20.86132 20.30663 19.74454 19.17502 18.59811 18.01383 17.42221 16.82331 16.21721 15.60399 14.98375 14.35662 13.72273 13.08225 12.43533 11.78219 11.12303 10.45808 9.78759 9.11184 8.43111 7.74570 7.05594 6.36216 5.66472 4.96399 4.26035 3.55419 2.84591 2.13593 1.42467 0.71255 0.00000 
100.00000 99.34527 98.69095 98.03742 97.38508 96.73432 96.08552 95.43906 94.79530 94.15460 93.51729 92.88372 92.25418 91.62900 91.00844 90.39277 89.78226 89.17713 88.57759 87.98386 87.39610 86.81450 86.23918 85.67028 85.10792 84.55220 84.00319 83.46096 82.92557 82.39705 81.87542 81.36071 80.85292 80.35202 79.85801 79.37084 78.89049 78.41691 77.95003 77.48980 77.03615 76.58900 76.14827 75.71388 75.28574 74.86376 74.44784 74.03788 73.63377 73.23543 72.84273 72.45558 72.07387 71.69748 71.32631 70.96025 70.59919 70.24303 69.89164 69.54492 69.20277 68.86507 68.53172 68.20262 67.87765 67.55672 67.23972 66.92655 66.61711 66.31131 66.00904 65.71020 65.41471 65.12247 64.83338 64.54736 64.26432 63.98418 63.70683 63.43220 63.16021 62.89077 62.62380 62.35923 62.09697 61.83695 61.57909 61.32331 61.06955 60.81773 60.56778 60.31964 60.07322 59.82847 59.58532 59.34370 59.10354 58.86480 58.62739 58.39126 58.15635 57.92259 57.68994 57.45832 57.22769 56.99798 56.76913 56.54110 56.31383 56.08725 55.86133 55.63599 55.41120 55.18690 54.96303 54.73954 54.51639 54.29351 54.07087 53.84841 53.62607 53.40382 53.18159 52.95935 52.73703 52.51460 52.29200 52.06918 51.84610 51.62270 51.39895 51.17477 50.95014 50.72500 50.49930 50.27300 50.04603 49.81836 49.58993 49.36070 49.13061 48.89962 48.66767 48.43471 48.20070 47.96557 47.72928 47.49177 47.25300 47.01291 46.77144 46.52854 46.28416 46.03823 45.79071 45.54154 45.29066 45.03800 44.78352 44.52715 44.26883 44.00850 43.74610 43.48156 43.21482 42.94582 42.67449 42.40075 42.12455 41.84582 41.56448 41.28046 40.99369 40.70409 40.41160 40.11613 39.81761 39.51596 39.21110 38.90294 38.59141 38.27642 37.95788 37.63571 37.30983 36.98013 36.64653 36.30895 35.96728 35.62143 35.27130 34.91681 34.55785 34.19431 33.82611 33.45314 33.07530 32.69249 32.30459 31.91152 31.51317 31.10942 30.70019 30.28535 29.86482 29.43848 29.00624 28.56800 28.12365 27.67309 27.21624 26.75300 26.28327 25.80698 25.32404 24.83437 24.33790 23.83456 23.32428 22.80702 22.28272 21.75134 21.21286 20.66723 20.11447 19.55455 18.98749 18.41331 17.83203 17.24372 16.64842 16.04621 15.43718 14.82144 14.19910 13.57030 12.93520 12.29397 11.64681 10.99390 10.33549 9.67182 9.00313 8.32972 7.65186 6.96988 6.28408 5.59482 4.90243 4.20729 3.50977 2.81024 2.10910 1.40674 0.70357 0.00000 
100.00000 99.35489 98.71016 98.06618 97.42333 96.78197 96.14247 95.50518 94.87044 94.23861 93.60999 92.98490 92.36365 91.74652 91.13379 90.52570 89.92251 89.32444 88.73169 88.14447 87.56295 86.98728 86.41762 85.85410 85.29683 84.74590 84.20140 83.66340 83.13195 82.60711 82.08889 81.57731 81.07239 80.57412 80.08248 79.59745 79.11900 78.64709 78.18166 77.72267 77.27006 76.82374 76.38366 75.94974 75.52189 75.10003 74.68406 74.27391 73.86946 73.47063 73.07731 72.68942 72.30683 71.92946 71.55719 71.18993 70.82757 70.47001 70.11713 69.76884 69.42504 69.08561 68.75046 68.41949 68.09259 67.76966 67.45061 67.13534 66.82374 66.51573 66.21120 65.91007 65.61225 65.31763 65.02614 64.73768 64.45217 64.16951 63.88964 63.61245 63.33788 63.06584 62.79624 62.52902 62.26409 62.00139 61.74082 61.48233 61.22584 60.97128 60.71857 60.46765 60.21845 59.97090 59.72494 59.48051 59.23753 58.99595 58.75569 58.51671 58.27894 58.04232 57.80679 57.57230 57.33877 57.10617 56.87443 56.64349 56.41330 56.18381 55.95496 55.72669 55.49897 55.27172 55.04490 54.81846 54.59235 54.36651 54.14090 53.91546 53.69015 53.46490 53.23969 53.01444 52.78913 52.56368 52.33807 52.11223 51.88612 51.65969 51.43290 51.20568 50.97800 50.74980 50.52103 50.29166 50.06161 49.83086 49.59934 49.36702 49.13383 48.89972 48.66466 48.42858 48.19143 47.95317 47.71374 47.47309 47.23117 46.98791 46.74328 46.49722 46.24966 46.00056 45.74985 45.49749 45.24341 44.98756 44.72988 44.47031 44.20879 43.94525 43.67964 43.41190 43.14195 42.86974 42.59520 42.31826 42.03886 41.75693 41.47239 41.18519 40.89524 40.60247 40.30682 40.00820 39.70654 39.40177 39.09379 38.78255 38.46794 38.14990 37.82834 37.50317 37.17430 36.84166 36.50516 36.16470 35.82019 35.47154 35.11867 34.76147 34.39986 34.03373 33.66299 33.28755 32.90730 32.52215 32.13200 31.73675 31.33630 30.93056 30.51942 30.10278 29.68056 29.25264 28.81894 28.37937 27.93382 27.48220 27.02444 26.56044 26.09012 25.61340 25.13021 24.64047 24.14412 23.64111 23.13136 22.61484 22.09150 21.56131 21.02425 20.48030 19.92945 19.37170 18.80708 18.23559 17.65729 17.07222 16.48044 15.88203 15.27709 14.66571 14.04803 13.42417 12.79429 12.15855 11.51715 10.87029 10.21817 9.56105 8.89916 8.23277 7.56216 6.88763 6.20948 5.52804 4.84364 4.15662 3.46735 2.77617 2.08347 1.38962 0.69501 0.00000 
100.00000 99.36413 98.72862 98.09382 97.46008 96.82776 96.19720 95.56874 94.94269 94.31940 93.69915 93.08226 92.46900 91.85966 91.25449 90.65374 90.05764 89.46642 88.88027 88.29938 87.72393 87.15407 86.58994 86.03167 85.47938 84.93317 84.39311 83.85928 83.33175 82.81054 82.29571 81.78726 81.28522 80.78959 80.30035 79.81748 79.34097 78.87078 78.40686 77.94918 77.49766 77.05226 76.61290 76.17953 75.75205 75.33040 74.91448 74.50422 74.09953 73.70031 73.30648 72.91794 72.53459 72.15633 71.78307 71.41471 71.05116 70.69230 70.33804 69.98828 69.64293 69.30188 68.96503 68.63229 68.30355 67.97873 67.65773 67.34044 67.02678 66.71666 66.40998 66.10665 65.80658 65.50968 65.21587 64.92505 64.63715 64.35208 64.06976 63.79010 63.51302 63.23845 62.96631 62.69652 62.42900 62.16369 61.90049 61.63936 61.38020 61.12296 60.86757 60.61394 60.36203 60.11175 59.86305 59.61586 59.37012 59.12577 58.88273 58.64096 58.40039 58.16097 57.92262 57.68530 57.44895 57.21350 56.97892 56.74513 56.51208 56.27972 56.04800 55.81686 55.58625 55.35611 55.12640 54.89706 54.66804 54.43929 54.21076 53.98240 53.75415 53.52597 53.29781 53.06962 52.84135 52.61295 52.38436 52.15555 51.92647 51.69705 51.46727 51.23705 51.00637 50.77516 50.54338 50.31098 50.07791 49.84413 49.60957 49.37420 49.13795 48.90079 48.66266 48.42351 48.18329 47.94195 47.69943 47.45569 47.21066 46.96431 46.71656 46.46738 46.21671 45.96448 45.71065 45.45516 45.19795 44.93896 44.67814 44.41543 44.15076 43.88408 43.61533 43.34443 43.07134 42.79599 42.51831 42.23823 41.95570 41.67064 41.38298 41.09266 40.79960 40.50374 40.20500 39.90331 39.59859 39.29077 38.97977 38.66551 38.34791 38.02690 37.70240 37.37431 37.04256 36.70707 36.36774 36.02449 35.67724 35.32589 34.97036 34.61055 34.24638 33.87775 33.50457 33.12675 32.74420 32.35681 31.96450 31.56717 31.16473 30.75709 30.34414 29.92581 29.50199 29.07259 28.63752 28.19671 27.75005 27.29747 26.83888 26.37421 25.90337 25.42630 24.94293 24.45319 23.95702 23.45438 22.94521 22.42947 21.90713 21.37816 20.84254 20.30027 19.75133 19.19574 18.63352 18.06470 17.48931 16.90742 16.31909 15.72439 15.12343 14.51630 13.90313 13.28406 12.65922 12.02880 11.39297 10.75192 10.10587 9.45504 8.79968 8.14003 7.47638 6.80899 6.13817 5.46422 4.78746 4.10821 3.42683 2.74364 2.05900 1.37328 0.68682 0.00000 
100.00000 99.37301 98.74636 98.12039 97.49543 96.87180 96.24985 95.62988 95.01220 94.39713 93.78496 93.17597 92.57043 91.96862 91.37077 90.77712 90.18791 89.60333 89.02359 88.44886 87.87932 87.31511 86.75639 86.20327 85.65587 85.11428 84.57859 84.04888 83.52520 83.00761 82.49614 81.99081 81.49165 80.99866 80.51183 80.03116 79.55663 79.08820 78.62584 78.16950 77.71915 77.27473 76.83617 76.40341 75.97639 75.55502 75.13925 74.72898 74.32413 73.92462 73.53036 73.14127 72.75725 72.37821 72.00405 71.63470 71.27004 70.90999 70.55445 70.20332 69.85652 69.51394 69.17549 68.84108 68.51061 68.18399 67.86112 67.54192 67.22630 66.91415 66.60540 66.29996 65.99773 65.69864 65.40260 65.10951 64.81931 64.53190 64.24721 63.96516 63.68566 63.40864 63.13403 62.86174 62.59171 62.32386 62.05811 61.79440 61.53266 61.27281 61.01479 60.75853 60.50396 60.25102 59.99965 59.74977 59.50133 59.25427 59.00851 58.76401 58.52070 58.27853 58.03742 57.79734 57.55821 57.31999 57.08261 56.84602 56.61018 56.37501 56.14047 55.90650 55.67306 55.44009 55.20753 54.97534 54.74347 54.51185 54.28045 54.04921 53.81809 53.58702 53.35597 53.12488 52.89370 52.66239 52.43089 52.19916 51.96714 51.73479 51.50206 51.26890 51.03526 50.80109 50.56635 50.33098 50.09493 49.85816 49.62061 49.38224 49.14300 48.90283 48.66169 48.41952 48.17627 47.93190 47.68635 47.43956 47.19149 46.94209 46.69129 46.43905 46.18531 45.93002 45.67311 45.41455 45.15426 44.89220 44.62829 44.36250 44.09475 43.82498 43.55315 43.27917 43.00300 42.72457 42.44381 42.16067 41.87507 41.58695 41.29624 41.00287 40.70678 40.40789 40.10614 39.80145 39.49374 39.18295 38.86900 38.55181 38.23130 37.90741 37.58004 37.24912 36.91457 36.57630 36.23424 35.88830 35.53839 35.18442 34.82632 34.46400 34.09737 33.72633 33.35080 32.97070 32.58593 32.19640 31.80202 31.40271 30.99837 30.58892 30.17426 29.75432 29.32899 28.89820 28.46186 28.01989 27.57221 27.11874 26.65941 26.19413 25.72285 25.24550 24.76201 24.27233 23.77640 23.27419 22.76563 22.25071 21.72939 21.20166 20.66749 20.12689 19.57986 19.02641 18.46657 17.90036 17.32784 16.74907 16.16410 15.57302 14.97593 14.37293 13.76414 13.14970 12.52975 11.90446 11.27400 10.63856 9.99834 9.35357 8.70448 8.05131 7.39433 6.73379 6.06998 5.40320 4.73376 4.06195 3.38810 2.71255 2.03562 1.35766 0.67900 0.00000 
100.00000 99.38156 98.76343 98.14595 97.52943 96.91417 96.30050 95.68871 95.07911 94.47197 93.86759 93.26623 92.66815 92.07361 91.48284 90.89608 90.31353 89.73540 89.16189 88.59315 88.02937 87.47069 86.91724 86.36915 85.82653 85.28949 84.75810 84.23244 83.71258 83.19856 82.69042 82.18820 81.69191 81.20157 80.71717 80.23871 79.76618 79.29954 78.83878 78.38386 77.93472 77.49133 77.05363 76.62156 76.19506 75.77407 75.35851 74.94831 74.54339 74.14367 73.74908 73.35952 72.97493 72.59519 72.22024 71.84998 71.48432 71.12317 70.76644 70.41405 70.06589 69.72188 69.38192 69.04593 68.71382 68.38549 68.06086 67.73983 67.42233 67.10825 66.79752 66.49006 66.18576 65.88456 65.58636 65.29109 64.99867 64.70901 64.42203 64.13766 63.85582 63.57643 63.29942 63.02472 62.75224 62.48193 62.21370 61.94749 61.68322 61.42083 61.16026 60.90143 60.64428 60.38874 60.13475 59.88225 59.63117 59.38146 59.13304 58.88587 58.63988 58.39502 58.15121 57.90842 57.66658 57.42563 57.18552 56.94619 56.70759 56.46967 56.23236 55.99563 55.75941 55.52365 55.28830 55.05331 54.81863 54.58421 54.34999 54.11592 53.88197 53.64807 53.41417 53.18023 52.94620 52.71202 52.47765 52.24305 52.00815 51.77291 51.53729 51.30123 51.06469 50.82761 50.58995 50.35166 50.11268 49.87297 49.63249 49.39117 49.14897 48.90585 48.66174 48.41660 48.17039 47.92303 47.67450 47.42472 47.17366 46.92126 46.66746 46.41221 46.15547 45.89716 45.63725 45.37566 45.11236 44.84727 44.58035 44.31153 44.04075 43.76797 43.49311 43.21611 42.93692 42.65548 42.37171 42.08556 41.79696 41.50585 41.21215 40.91581 40.61675 40.31491 40.01022 39.70260 39.39198 39.07830 38.76147 38.44142 38.11809 37.79138 37.46124 37.12757 36.79029 36.44934 36.10462 35.75607 35.40359 35.04710 34.68652 34.32176 33.95275 33.57940 33.20161 32.81932 32.43242 32.04084 31.64449 31.24328 30.83713 30.42596 30.00968 29.58821 29.16146 28.72936 28.29183 27.84879 27.40016 26.94588 26.48587 26.02007 25.54841 25.07084 24.58729 24.09772 23.60208 23.10032 22.59242 22.07835 21.55808 21.03159 20.49888 19.95995 19.41481 18.86348 18.30597 17.74234 17.17263 16.59690 16.01522 15.42767 14.83435 14.23535 13.63081 13.02085 12.40563 11.78528 11.16000 10.52997 9.89537 9.25643 8.61337 7.96642 7.31582 6.66185 6.00477 5.34486 4.68241 4.01772 3.35109 2.68284 2.01328 1.34273 0.67153 0.00000 
100.00000 99.38978 98.77986 98.17056 97.56216 96.95497 96.34927 95.74537 95.14354 94.54406 93.94720 93.35320 92.76233 92.17483 91.59092 91.01082 90.43474 89.86287 89.29540 88.73250 88.17432 87.62102 87.07273 86.52956 85.99163 85.45904 84.93188 84.41021 83.89411 83.38362 82.87879 82.37965 81.88622 81.39853 80.91657 80.44034 79.96983 79.50502 79.04589 78.59241 78.14455 77.70224 77.26546 76.83415 76.40824 75.98768 75.57241 75.16235 74.75744 74.35760 73.96276 73.57283 73.18774 72.80740 72.43174 72.06066 71.69409 71.33194 70.97411 70.62053 70.27111 69.92576 69.58438 69.24691 68.91324 68.58329 68.25698 67.93422 67.61493 67.29901 66.98639 66.67698 66.37070 66.06747 65.76721 65.46984 65.17527 64.88343 64.59425 64.30764 64.02353 63.74185 63.46252 63.18547 62.91062 62.63791 62.36727 62.09862 61.83190 61.56705 61.30398 61.04265 60.78298 60.52490 60.26837 60.01330 59.75965 59.50735 59.25634 59.00655 58.75794 58.51044 58.26400 58.01855 57.77405 57.53043 57.28764 57.04563 56.80433 56.56371 56.32369 56.08424 55.84529 55.60680 55.36871 55.13098 54.89354 54.65635 54.41937 54.18253 53.94579 53.70910 53.47241 53.23567 52.99883 52.76185 52.52466 52.28723 52.04950 51.81143 51.57296 51.33405 51.09465 50.85471 50.61418 50.37302 50.13116 49.88857 49.64519 49.40098 49.15588 48.90985 48.66283 48.41477 48.16563 47.91535 47.66389 47.41118 47.15717 46.90183 46.64508 46.38688 46.12718 45.86592 45.60305 45.33850 45.07223 44.80418 44.53429 44.26251 43.98877 43.71302 43.43520 43.15525 42.87311 42.58871 42.30200 42.01290 41.72137 41.42733 41.13072 40.83147 40.52952 40.22479 39.91722 39.60675 39.29329 38.97679 38.65716 38.33433 38.00824 37.67881 37.34596 37.00961 36.66970 36.32614 35.97885 35.62777 35.27279 34.91386 34.55089 34.18379 33.81248 33.43689 33.05694 32.67253 32.28360 31.89005 31.49181 31.08879 30.68092 30.26811 29.85028 29.42737 28.99928 28.56596 28.12731 27.68327 27.23377 26.77875 26.31814 25.85187 25.37989 24.90215 24.41859 23.92918 23.43386 22.93261 22.42539 21.91219 21.39297 20.86774 20.33649 19.79922 19.25595 18.70671 18.15151 17.59041 17.02345 16.45069 15.87221 15.28809 14.69843 14.10332 13.50290 12.89728 12.28661 11.67105 11.05077 10.42593 9.79675 9.16341 8.52614 7.88516 7.24070 6.59303 5.94240 5.28906 4.63331 3.97543 3.31570 2.65443 1.99192 1.32847 0.66439 0.00000 
100.00000 99.39770 98.79569 98.19425 97.59368 96.99426 96.39626 95.79996 95.20563 94.61354 94.02393 93.43705 92.85315 92.27246 91.69518 91.12154 90.55173 89.98594 89.42435 88.86712 88.31440 87.76635 87.22308 86.68473 86.15140 85.62318 85.10016 84.58242 84.07002 83.56302 83.06147 82.56539 82.07481 81.58976 81.11023 80.63624 80.16778 79.70482 79.24736 78.79536 78.34880 77.90764 77.47183 77.04132 76.61607 76.19602 75.78110 75.37126 74.96643 74.56654 74.17152 73.78130 73.39580 73.01494 72.63865 72.26685 71.89945 71.53637 71.17754 70.82286 70.47226 70.12565 69.78295 69.44408 69.10894 68.77747 68.44956 68.12515 67.80415 67.48647 67.17204 66.86078 66.55260 66.24742 65.94517 65.64577 65.34914 65.05521 64.76389 64.47512 64.18882 63.90491 63.62333 63.34401 63.06686 62.79183 62.51884 62.24783 61.97873 61.71147 61.44598 61.18221 60.92008 60.65954 60.40051 60.14295 59.88678 59.63195 59.37840 59.12607 58.87489 58.62482 58.37579 58.12775 57.88064 57.63441 57.38899 57.14435 56.90041 56.65713 56.41446 56.17234 55.93072 55.68955 55.44877 55.20834 54.96820 54.72831 54.48860 54.24904 54.00957 53.77015 53.53071 53.29122 53.05162 52.81187 52.57192 52.33171 52.09120 51.85034 51.60907 51.36736 51.12516 50.88240 50.63906 50.39506 50.15038 49.90495 49.65874 49.41168 49.16373 48.91484 48.66496 48.41403 48.16202 47.90887 47.65452 47.39893 47.14204 46.88380 46.62416 46.36306 46.10046 45.83630 45.57052 45.30307 45.03389 44.76293 44.49014 44.21545 43.93881 43.66015 43.37943 43.09658 42.81154 42.52426 42.23466 41.94269 41.64829 41.35139 41.05192 40.74983 40.44505 40.13751 39.82714 39.51388 39.19766 38.87840 38.55604 38.23051 37.90174 37.56965 37.23417 36.89523 36.55276 36.20667 35.85689 35.50335 35.14597 34.78467 34.41938 34.05002 33.67650 33.29876 32.91671 32.53028 32.13939 31.74395 31.34390 30.93915 30.52964 30.11527 29.69598 29.27170 28.84236 28.40787 27.96818 27.52321 27.07291 26.61721 26.15605 25.68938 25.21713 24.73928 24.25576 23.76654 23.27159 22.77086 22.26435 21.75203 21.23389 20.70991 20.18011 19.64450 19.10308 18.55589 18.00296 17.44433 16.88006 16.31021 15.73485 15.15406 14.56795 13.97661 13.38017 12.77875 12.17249 11.56155 10.94608 10.32626 9.70227 9.07432 8.44262 7.80737 7.16881 6.52717 5.88271 5.23568 4.58635 3.93498 3.28186 2.62727 1.97149 1.31482 0.65756 0.00000 
100.00000 99.40533 98.81093 98.21708 97.62406 97.03212 96.44154 95.85258 95.26549 94.68052 94.09793 93.51793 92.94077 92.36666 91.79581 91.22843 90.66471 90.10482 89.54893 88.99722 88.44982 87.90689 87.36853 86.83488 86.30604 85.78211 85.26316 84.74929 84.24054 83.73699 83.23867 82.74562 82.25788 81.77546 81.29837 80.82662 80.36021 79.89913 79.44336 78.99288 78.54767 78.10768 77.67289 77.24324 76.81870 76.39921 75.98471 75.57516 75.17048 74.77061 74.37549 73.98505 73.59922 73.21792 72.84108 72.46863 72.10048 71.73657 71.37681 71.02112 70.66943 70.32165 69.97770 69.63751 69.30099 68.96807 68.63865 68.31267 67.99005 67.67069 67.35453 67.04149 66.73149 66.42444 66.12028 65.81894 65.52032 65.22436 64.93099 64.64013 64.35171 64.06565 63.78190 63.50037 63.22099 62.94371 62.66845 62.39514 62.12372 61.85412 61.58627 61.32012 61.05560 60.79265 60.53120 60.27120 60.01258 59.75528 59.49925 59.24442 58.99074 58.73815 58.48660 58.23602 57.98636 57.73756 57.48958 57.24236 56.99583 56.74996 56.50468 56.25995 56.01571 55.77191 55.52849 55.28542 55.04263 54.80007 54.55770 54.31546 54.07331 53.83120 53.58907 53.34688 53.10457 52.86211 52.61943 52.37649 52.13325 51.88965 51.64564 51.40118 51.15621 50.91069 50.66458 50.41781 50.17035 49.92213 49.67312 49.42327 49.17251 48.92082 48.66813 48.41439 48.15956 47.90358 47.64640 47.38797 47.12825 46.86717 46.60469 46.34075 46.07530 45.80829 45.53966 45.26936 44.99734 44.72353 44.44788 44.17034 43.89085 43.60936 43.32579 43.04010 42.75223 42.46212 42.16970 41.87492 41.57771 41.27801 40.97576 40.67089 40.36335 40.05305 39.73995 39.42398 39.10505 38.78312 38.45810 38.12994 37.79856 37.46389 37.12586 36.78439 36.43942 36.09088 35.73869 35.38277 35.02306 34.65948 34.29195 33.92040 33.54475 33.16494 32.78088 32.39250 31.99972 31.60248 31.20069 30.79429 30.38320 29.96736 29.54668 29.12111 28.69057 28.25499 27.81432 27.36850 26.91745 26.46113 25.99948 25.53245 25.05999 24.58207 24.09863 23.60964 23.11508 22.61491 22.10912 21.59770 21.08063 20.55791 20.02956 19.49557 18.95598 18.41081 17.86010 17.30390 16.74225 16.17523 15.60290 15.02536 14.44270 13.85501 13.26243 12.66506 12.06306 11.45657 10.84574 10.23075 9.61177 8.98900 8.36264 7.73289 7.09998 6.46414 5.82560 5.18461 4.54142 3.89629 3.24949 2.60129 1.95196 1.30178 0.65103 0.00000 
100.00000 99.41268 98.82563 98.23910 97.65334 97.06863 96.48521 95.90332 95.32322 94.74514 94.16932 93.59598 93.02534 92.45760 91.89298 91.33167 90.77384 90.21968 89.66935 89.12301 88.58079 88.04284 87.50928 86.98023 86.45579 85.93605 85.42110 84.91102 84.40588 83.90572 83.41060 82.92056 82.43562 81.95582 81.48117 81.01167 80.54732 80.08813 79.63407 79.18514 78.74130 78.30253 77.86880 77.44007 77.01628 76.59741 76.18339 75.77418 75.36971 74.96994 74.57479 74.18420 73.79810 73.41643 73.03912 72.66610 72.29728 71.93261 71.57200 71.21538 70.86268 70.51381 70.16870 69.82727 69.48945 69.15516 68.82431 68.49684 68.17267 67.85172 67.53391 67.21917 66.90742 66.59858 66.29259 65.98937 65.68884 65.39094 65.09558 64.80270 64.51223 64.22410 63.93824 63.65457 63.37304 63.09357 62.81610 62.54056 62.26688 61.99501 61.72487 61.45641 61.18956 60.92426 60.66045 60.39807 60.13705 59.87735 59.61889 59.36163 59.10550 58.85045 58.59643 58.34336 58.09121 57.83991 57.58942 57.33967 57.09061 56.84219 56.59436 56.34707 56.10026 55.85388 55.60788 55.36221 55.11681 54.87165 54.62666 54.38180 54.13702 53.89227 53.64749 53.40265 53.15768 52.91255 52.66720 52.42159 52.17566 51.92936 51.68266 51.43549 51.18782 50.93959 50.69075 50.44126 50.19106 49.94011 49.68836 49.43575 49.18225 48.92780 48.67234 48.41584 48.15824 47.89948 47.63953 47.37832 47.11582 46.85195 46.58668 46.31995 46.05171 45.78190 45.51048 45.23739 44.96256 44.68596 44.40752 44.12719 43.84491 43.56063 43.27428 42.98581 42.69517 42.40229 42.10711 41.80957 41.50962 41.20718 40.90221 40.59463 40.28439 39.97141 39.65565 39.33702 39.01546 38.69092 38.36332 38.03259 37.69867 37.36148 37.02097 36.67706 36.32967 35.97875 35.62421 35.26600 34.90402 34.53823 34.16854 33.79487 33.41717 33.03536 32.64936 32.25910 31.86452 31.46555 31.06210 30.65412 30.24153 29.82428 29.40228 28.97548 28.54381 28.10721 27.66563 27.21900 26.76727 26.31038 25.84829 25.38096 24.90833 24.43037 23.94704 23.45832 22.96417 22.46458 21.95953 21.44901 20.93302 20.41155 19.88463 19.35226 18.81446 18.27128 17.72274 17.16890 16.60982 16.04555 15.47618 14.90178 14.32246 13.73831 13.14946 12.55602 11.95812 11.35592 10.74956 10.13922 9.52506 8.90727 8.28604 7.66158 7.03409 6.40380 5.77093 5.13573 4.49843 3.85927 3.21852 2.57643 1.93327 1.28930 0.64478 0.00000 
100.00000 99.41978 98.83980 98.26033 97.68159 97.10385 96.52733 95.95228 95.37893 94.80751 94.23823 93.67132 93.10699 92.54543 91.98685 91.43141 90.87932 90.33072 89.78578 89.24466 88.70749 88.17440 87.64552 87.12096 86.60082 86.08520 85.57418 85.06783 84.56622 84.06941 83.57745 83.09038 82.60824 82.13104 81.65881 81.19155 80.72928 80.27199 79.81966 79.37230 78.92987 78.49235 78.05972 77.63193 77.20896 76.79075 76.37727 75.96846 75.56426 75.16464 74.76952 74.37885 73.99256 73.61059 73.23288 72.85936 72.48995 72.12459 71.76321 71.40574 71.05209 70.70221 70.35602 70.01343 69.67438 69.33880 69.00660 68.67772 68.35208 68.02960 67.71022 67.39385 67.08043 66.76988 66.46213 66.15711 65.85474 65.55496 65.25770 64.96287 64.67043 64.38028 64.09238 63.80665 63.52302 63.24144 62.96182 62.68411 62.40825 62.13417 61.86180 61.59109 61.32197 61.05438 60.78827 60.52357 60.26022 59.99817 59.73735 59.47771 59.21919 58.96174 58.70529 58.44980 58.19521 57.94147 57.68851 57.43629 57.18475 56.93384 56.68351 56.43371 56.18438 55.93547 55.68694 55.43872 55.19078 54.94306 54.69550 54.44807 54.20070 53.95336 53.70599 53.45854 53.21097 52.96322 52.71524 52.46700 52.21843 51.96950 51.72014 51.47032 51.21999 50.96909 50.71758 50.46541 50.21253 49.95889 49.70445 49.44915 49.19294 48.93578 48.67761 48.41840 48.15807 47.89660 47.63392 47.36998 47.10474 46.83814 46.57013 46.30067 46.02969 45.75714 45.48297 45.20714 44.92958 44.65023 44.36906 44.08599 43.80098 43.51396 43.22489 42.93370 42.64034 42.34475 42.04687 41.74664 41.44401 41.13890 40.83127 40.52104 40.20816 39.89257 39.57420 39.25299 38.92887 38.60178 38.27166 37.93843 37.60204 37.26241 36.91949 36.57319 36.22346 35.87023 35.51342 35.15297 34.78882 34.42088 34.04910 33.67339 33.29371 32.90996 32.52210 32.13004 31.73373 31.33308 30.92805 30.51856 30.10454 29.68593 29.26268 28.83472 28.40198 27.96442 27.52198 27.07460 26.62224 26.16484 25.70236 25.23475 24.76199 24.28404 23.80085 23.31242 22.81871 22.31971 21.81541 21.30580 20.79088 20.27066 19.74515 19.21436 18.67833 18.13709 17.59068 17.03916 16.48257 15.92098 15.35448 14.78313 14.20705 13.62633 13.04108 12.45142 11.85749 11.25943 10.65738 10.05151 9.44198 8.82897 8.21268 7.59328 6.97100 6.34604 5.71861 5.08895 4.45728 3.82385 3.18889 2.55266 1.91539 1.27736 0.63881 0.00000 
100.00000 99.42662 98.85348 98.28081 97.70886 97.13784 96.56799 95.99954 95.43271 94.86772 94.30478 93.74410 93.18587 92.63029 92.07755 91.52783 90.98129 90.43810 89.89841 89.36236 88.83011 88.30176 87.77745 87.25728 86.74135 86.22975 85.72257 85.21989 84.72176 84.22826 83.73942 83.25529 82.77591 82.30129 81.83148 81.36646 80.90626 80.45088 80.00030 79.55452 79.11353 78.67729 78.24579 77.81899 77.39687 76.97937 76.56647 76.15811 75.75425 75.35483 74.95981 74.56911 74.18270 73.80050 73.42246 73.04850 72.67857 72.31260 71.95052 71.59226 71.23775 70.88693 70.53972 70.19605 69.85585 69.51905 69.18558 68.85536 68.52832 68.20440 67.88351 67.56560 67.25058 66.93839 66.62895 66.32220 66.01806 65.71648 65.41737 65.12067 64.82631 64.53423 64.24436 63.95663 63.67097 63.38733 63.10564 62.82583 62.54784 62.27161 61.99707 61.72418 61.45285 61.18304 60.91468 60.64772 60.38210 60.11775 59.85463 59.59267 59.33182 59.07202 58.81321 58.55535 58.29837 58.04223 57.78687 57.53223 57.27826 57.02492 56.77214 56.51988 56.26808 56.01670 55.76568 55.51497 55.26453 55.01429 54.76422 54.51426 54.26437 54.01448 53.76457 53.51456 53.26443 53.01411 52.76356 52.51274 52.26158 52.01005 51.75810 51.50567 51.25273 50.99921 50.74508 50.49028 50.23476 49.97848 49.72140 49.46345 49.20459 48.94477 48.68394 48.42206 48.15907 47.89492 47.62956 47.36295 47.09502 46.82574 46.55505 46.28290 46.00923 45.73400 45.45714 45.17862 44.89837 44.61634 44.33248 44.04673 43.75905 43.46936 43.17762 42.88377 42.58775 42.28951 41.98899 41.68613 41.38087 41.07315 40.76292 40.45011 40.13466 39.81651 39.49560 39.17187 38.84525 38.51568 38.18310 37.84745 37.50865 37.16665 36.82138 36.47277 36.12076 35.76528 35.40627 35.04366 34.67739 34.30738 33.93357 33.55590 33.17430 32.78870 32.39903 32.00524 31.60726 31.20502 30.79846 30.38752 29.97213 29.55224 29.12779 28.69873 28.26499 27.82652 27.38327 26.93519 26.48224 26.02437 25.56154 25.09371 24.62085 24.14293 23.65992 23.17180 22.67854 22.18015 21.67660 21.16790 20.65405 20.13505 19.61094 19.08171 18.54742 18.00808 17.46375 16.91447 16.36031 15.80133 15.23761 14.66923 14.09628 13.51887 12.93710 12.35110 11.76099 11.16692 10.56902 9.96745 9.36237 8.75397 8.14241 7.52789 6.91060 6.29074 5.66853 5.04418 4.41791 3.78995 3.16054 2.52991 1.89829 1.26594 0.63309 0.00000 
100.00000 99.43323 98.86669 98.30059 97.73518 97.17066 96.60725 96.04518 95.48466 94.92589 94.36907 93.81441 93.26210 92.71232 92.16525 91.62105 91.07991 90.54197 90.00738 89.47628 88.94881 88.42509 87.90523 87.38935 86.87754 86.36988 85.86648 85.36739 84.87269 84.38244 83.89667 83.41545 82.93880 82.46676 81.99934 81.53656 81.07843 80.62496 80.17614 79.73197 79.29242 78.85749 78.42716 78.00139 77.58015 77.16341 76.75113 76.34327 75.93979 75.54064 75.14576 74.75511 74.36863 73.98626 73.60794 73.23362 72.86323 72.49672 72.13400 71.77503 71.41973 71.06804 70.71989 70.37521 70.03393 69.69598 69.36130 69.02982 68.70146 68.37616 68.05384 67.73445 67.41790 67.10414 66.79308 66.48467 66.17884 65.87552 65.57463 65.27613 64.97993 64.68597 64.39419 64.10453 63.81691 63.53128 63.24757 62.96572 62.68567 62.40736 62.13072 61.85569 61.58222 61.31024 61.03970 60.77054 60.50270 60.23612 59.97075 59.70652 59.44339 59.18130 58.92019 58.66001 58.40070 58.14222 57.88450 57.62750 57.37116 57.11542 56.86025 56.60558 56.35137 56.09757 55.84411 55.59096 55.33807 55.08537 54.83283 54.58040 54.32802 54.07564 53.82323 53.57072 53.31807 53.06524 52.81216 52.55880 52.30511 52.05103 51.79653 51.54154 51.28603 51.02995 50.77324 50.51586 50.25776 49.99889 49.73921 49.47866 49.21719 48.95477 48.69133 48.42683 48.16122 47.89445 47.62646 47.35722 47.08667 46.81476 46.54143 46.26664 45.99034 45.71247 45.43299 45.15183 44.86895 44.58429 44.29780 44.00943 43.71911 43.42681 43.13246 42.83600 42.53739 42.23655 41.93345 41.62801 41.32019 41.00992 40.69715 40.38181 40.06385 39.74321 39.41982 39.09363 38.76458 38.43259 38.09762 37.75960 37.41847 37.07415 36.72660 36.37575 36.02153 35.66387 35.30273 34.93802 34.56970 34.19768 33.82192 33.44234 33.05889 32.67150 32.28010 31.88464 31.48505 31.08127 30.67325 30.26092 29.84423 29.42312 28.99753 28.56741 28.13272 27.69339 27.24939 26.80066 26.34717 25.88887 25.42573 24.95771 24.48478 24.00692 23.52410 23.03631 22.54352 22.04573 21.54294 21.03515 20.52236 20.00458 19.48183 18.95414 18.42154 17.88407 17.34176 16.79468 16.24288 15.68643 15.12540 14.55989 13.98998 13.41577 12.83737 12.25489 11.66847 11.07823 10.48433 9.88690 9.28611 8.68212 8.07511 7.46526 6.85275 6.23780 5.62058 5.00132 4.38022 3.75751 3.13341 2.50814 1.88193 1.25501 0.62762 0.00000 
100.00000 99.43961 98.87944 98.31970 97.76060 97.20236 96.64518 96.08928 95.53485 94.98210 94.43121 93.88238 93.33580 92.79163 92.25006 91.71124 91.17533 90.64249 90.11286 89.58658 89.06377 88.54455 88.02905 87.51735 87.00956 86.50577 86.00607 85.51051 85.01918 84.53212 84.04939 83.57104 83.09710 82.62759 82.16256 81.70201 81.24595 80.79439 80.34734 79.90478 79.46671 79.03311 78.60396 78.17924 77.75893 77.34298 76.93137 76.52406 76.12101 75.72217 75.32749 74.93693 74.55044 74.16796 73.78944 73.41481 73.04403 72.67703 72.31375 71.95413 71.59811 71.24561 70.89658 70.55096 70.20867 69.86965 69.53383 69.20115 68.87154 68.54493 68.22126 67.90045 67.58244 67.26718 66.95457 66.64457 66.33711 66.03211 65.72953 65.42927 65.13130 64.83553 64.54192 64.25038 63.96087 63.67331 63.38765 63.10383 62.82177 62.54143 62.26275 61.98566 61.71010 61.43601 61.16335 60.89204 60.62204 60.35328 60.08572 59.81928 59.55393 59.28960 59.02624 58.76380 58.50221 58.24144 57.98142 57.72211 57.46344 57.20538 56.94786 56.69084 56.43426 56.17808 55.92224 55.66670 55.41140 55.15630 54.90134 54.64648 54.39167 54.13685 53.88199 53.62702 53.37191 53.11660 52.86105 52.60521 52.34902 52.09245 51.83544 51.57794 51.31992 51.06131 50.80208 50.54216 50.28153 50.02012 49.75789 49.49479 49.23077 48.96578 48.69978 48.43271 48.16453 47.89519 47.62463 47.35281 47.07968 46.80519 46.52928 46.25191 45.97302 45.69257 45.41050 45.12676 44.84130 44.55406 44.26500 43.97406 43.68118 43.38631 43.08940 42.79040 42.48924 42.18587 41.88024 41.57229 41.26196 40.94920 40.63395 40.31614 39.99573 39.67266 39.34685 39.01827 38.68683 38.35250 38.01520 37.67487 37.33146 36.98490 36.63513 36.28209 35.92572 35.56596 35.20274 34.83601 34.46569 34.09174 33.71408 33.33266 32.94742 32.55830 32.16523 31.76816 31.36703 30.96177 30.55235 30.13869 29.72075 29.29847 28.87179 28.44068 28.00508 27.56495 27.12023 26.67090 26.21690 25.75821 25.29479 24.82661 24.35364 23.87586 23.39326 22.90581 22.41350 21.91633 21.41429 20.90740 20.39565 19.87907 19.35767 18.83148 18.30054 17.76488 17.22455 16.67960 16.13009 15.57610 15.01769 14.45495 13.88797 13.31685 12.74170 12.16263 11.57976 10.99322 10.40316 9.80971 9.21303 8.61329 8.01065 7.40528 6.79737 6.18711 5.57468 4.96030 4.34416 3.72647 3.10744 2.48730 1.86627 1.24455 0.62239 0.00000 
100.00000 99.44578 98.89176 98.33816 97.78517 97.23300 96.68184 96.13190 95.58337 95.03644 94.49129 93.94811 93.40708 92.86836 92.33211 91.79851 91.26769 90.73981 90.21500 89.69340 89.17513 88.66031 88.14905 87.64144 87.13759 86.63759 86.14150 85.64941 85.16138 84.67748 84.19774 83.72222 83.25095 82.78397 82.32130 81.86296 81.40897 80.95932 80.51404 80.07311 79.63652 79.20427 78.77634 78.35270 77.93334 77.51822 77.10732 76.70060 76.29801 75.89953 75.50511 75.11469 74.72824 74.34571 73.96703 73.59216 73.22105 72.85363 72.48984 72.12964 71.77295 71.41972 71.06988 70.72338 70.38014 70.04012 69.70323 69.36942 69.03862 68.71077 68.38580 68.06365 67.74426 67.42755 67.11346 66.80194 66.49291 66.18631 65.88208 65.58015 65.28046 64.98295 64.68756 64.39422 64.10287 63.81345 63.52590 63.24016 62.95616 62.67386 62.39319 62.11409 61.83650 61.56037 61.28564 61.01224 60.74014 60.46926 60.19956 59.93097 59.66345 59.39694 59.13138 58.86673 58.60292 58.33991 58.07764 57.81607 57.55513 57.29478 57.03497 56.77565 56.51676 56.25825 56.00008 55.74220 55.48455 55.22709 54.96976 54.71252 54.45532 54.19811 53.94085 53.68347 53.42594 53.16821 52.91023 52.65195 52.39332 52.13430 51.87484 51.61488 51.35439 51.09331 50.83159 50.56920 50.30607 50.04217 49.77744 49.51184 49.24531 48.97781 48.70930 48.43971 48.16901 47.89715 47.62406 47.34972 47.07406 46.79703 46.51859 46.23869 45.95727 45.67429 45.38969 45.10342 44.81543 44.52567 44.23409 43.94063 43.64523 43.34786 43.04845 42.74695 42.44330 42.13746 41.82936 41.51894 41.20617 40.89097 40.57329 40.25308 39.93028 39.60483 39.27667 38.94575 38.61200 38.27537 37.93580 37.59323 37.24761 36.89886 36.54694 36.19178 35.83332 35.47151 35.10628 34.73757 34.36533 33.98950 33.61001 33.22681 32.83984 32.44905 32.05436 31.65574 31.25312 30.84646 30.43568 30.02075 29.60161 29.17821 28.75050 28.31844 27.88198 27.44108 26.99570 26.54579 26.09133 25.63228 25.16862 24.70030 24.22732 23.74964 23.26726 22.78016 22.28834 21.79178 21.29050 20.78450 20.27379 19.75838 19.23830 18.71358 18.18426 17.65037 17.11195 16.56908 16.02180 15.47018 14.91431 14.35425 13.79011 13.22198 12.64996 12.07416 11.49471 10.91174 10.32537 9.73575 9.14303 8.54736 7.94891 7.34785 6.74434 6.13858 5.53075 4.92103 4.30963 3.69675 3.08260 2.46737 1.85128 1.23455 0.61738 0.00000 
100.00000 99.45174 98.90367 98.35600 97.80892 97.26261 96.71728 96.17311 95.63029 95.08900 94.54941 94.01170 93.47604 92.94260 92.41153 91.88298 91.35711 90.83405 90.31394 89.79689 89.28305 88.77251 88.26539 87.76178 87.26178 86.76548 86.27294 85.78425 85.29947 84.81866 84.34187 83.86914 83.40052 82.93603 82.47571 82.01957 81.56763 81.11990 80.67639 80.23709 79.80200 79.37112 78.94442 78.52189 78.10351 77.68925 77.27909 76.87299 76.47092 76.07284 75.67871 75.28849 74.90213 74.51959 74.14082 73.76576 73.39437 73.02658 72.66236 72.30163 71.94434 71.59043 71.23985 70.89253 70.54842 70.20744 69.86955 69.53467 69.20275 68.87373 68.54753 68.22410 67.90338 67.58530 67.26980 66.95681 66.64628 66.33814 66.03233 65.72879 65.42745 65.12826 64.83115 64.53607 64.24294 63.95172 63.66234 63.37474 63.08887 62.80466 62.52206 62.24101 61.96145 61.68333 61.40658 61.13116 60.85701 60.58407 60.31228 60.04160 59.77196 59.50332 59.23562 58.96881 58.70283 58.43764 58.17318 57.90939 57.64624 57.38366 57.12160 56.86003 56.59887 56.33809 56.07764 55.81746 55.55751 55.29774 55.03809 54.77852 54.51899 54.25943 53.99982 53.74008 53.48019 53.22008 52.95972 52.69905 52.43802 52.17660 51.91473 51.65236 51.38945 51.12594 50.86180 50.59696 50.33140 50.06505 49.79787 49.52981 49.26083 48.99087 48.71989 48.44784 48.17466 47.90032 47.62476 47.34794 47.06980 46.79030 46.50938 46.22699 45.94309 45.65763 45.37055 45.08180 44.79134 44.49911 44.20505 43.90913 43.61128 43.31145 43.00959 42.70565 42.39957 42.09130 41.78078 41.46797 41.15280 40.83522 40.51518 40.19262 39.86748 39.53971 39.20926 38.87605 38.54005 38.20119 37.85941 37.51465 37.16687 36.81600 36.46198 36.10476 35.74427 35.38047 35.01329 34.64267 34.26857 33.89091 33.50965 33.12473 32.73609 32.34368 31.94744 31.54733 31.14328 30.73524 30.32317 29.90702 29.48673 29.06226 28.63356 28.20060 27.76332 27.32170 26.87569 26.42525 25.97036 25.51098 25.04709 24.57866 24.10568 23.62813 23.14598 22.65925 22.16791 21.67197 21.17144 20.66631 20.15661 19.64236 19.12358 18.60029 18.07254 17.54037 17.00383 16.46296 15.91784 15.36853 14.81510 14.25764 13.69624 13.13099 12.56199 11.98935 11.41320 10.83365 10.25083 9.66489 9.07597 8.48422 7.88979 7.29285 6.69357 6.09212 5.48869 4.88345 4.27660 3.66832 3.05882 2.44829 1.83694 1.22497 0.61259 0.00000 
100.00000 99.45750 98.91519 98.37326 97.83189 97.29126 96.75157 96.21298 95.67568 95.13984 94.60564 94.07324 93.54280 93.01447 92.48842 91.96479 91.44372 90.92535 90.40979 89.89719 89.38766 88.88130 88.37822 87.87851 87.38228 86.88959 86.40054 85.91518 85.43360 84.95583 84.48194 84.01196 83.54595 83.08393 82.62593 82.17198 81.72209 81.27627 80.83452 80.39686 79.96328 79.53377 79.10833 78.68693 78.26955 77.85618 77.44680 77.04136 76.63984 76.24220 75.84841 75.45843 75.07221 74.68972 74.31089 73.93570 73.56408 73.19599 72.83137 72.47018 72.11235 71.75782 71.40656 71.05848 70.71355 70.37169 70.03285 69.69698 69.36400 69.03386 68.70650 68.38185 68.05987 67.74048 67.42362 67.10924 66.79727 66.48765 66.18032 65.87523 65.57230 65.27149 64.97273 64.67595 64.38111 64.08815 63.79700 63.50760 63.21991 62.93385 62.64938 62.36644 62.08497 61.80491 61.52621 61.24882 60.97267 60.69772 60.42391 60.15118 59.87948 59.60877 59.33898 59.07006 58.80197 58.53464 58.26804 58.00209 57.73677 57.47201 57.20776 56.94398 56.68062 56.41761 56.15493 55.89250 55.63030 55.36826 55.10635 54.84450 54.58267 54.32082 54.05890 53.79686 53.53464 53.27221 53.00951 52.74650 52.48313 52.21935 51.95512 51.69038 51.42510 51.15921 50.89269 50.62547 50.35751 50.08876 49.81918 49.54872 49.27732 49.00495 48.73155 48.45708 48.18148 47.90472 47.62673 47.34748 47.06691 46.78498 46.50162 46.21681 45.93048 45.64259 45.35308 45.06191 44.76902 44.47436 44.17789 43.87956 43.57930 43.27707 42.97281 42.66649 42.35803 42.04739 41.73451 41.41935 41.10184 40.78194 40.45959 40.13473 39.80732 39.47729 39.14459 38.80916 38.47096 38.12992 37.78599 37.43911 37.08923 36.73628 36.38023 36.02100 35.65855 35.29281 34.92374 34.55127 34.17535 33.79593 33.41295 33.02637 32.63611 32.24214 31.84440 31.44284 31.03742 30.62807 30.21475 29.79742 29.37603 28.95054 28.52090 28.08707 27.64902 27.20671 26.76010 26.30916 25.85387 25.39419 24.93010 24.46158 23.98862 23.51120 23.02930 22.54293 22.05208 21.55676 21.05696 20.55270 20.04400 19.53087 19.01335 18.49147 17.96525 17.43475 16.90002 16.36111 15.81807 15.27099 14.71993 14.16498 13.60622 13.04374 12.47765 11.90806 11.33508 10.75882 10.17943 9.59702 9.01175 8.42375 7.83318 7.24020 6.64497 6.04766 5.44843 4.84748 4.24498 3.64111 3.03607 2.43004 1.82323 1.21582 0.60801 0.00000 
100.00000 99.46308 98.92634 98.38996 97.85411 97.31898 96.78474 96.25156 95.71961 95.18906 94.66008 94.13281 93.60743 93.08408 92.56290 92.04404 91.52764 91.01382 90.50271 89.99443 89.48909 88.98680 88.48767 87.99178 87.49922 87.01008 86.52444 86.04235 85.56390 85.08912 84.61808 84.15083 83.68739 83.22781 82.77212 82.32033 81.87247 81.42855 80.98858 80.55256 80.12049 79.69237 79.26819 78.84794 78.43159 78.01914 77.61055 77.20581 76.80487 76.40772 76.01431 75.62460 75.23857 74.85617 74.47734 74.10206 73.73027 73.36193 72.99697 72.63536 72.27705 71.92197 71.57007 71.22130 70.87560 70.53292 70.19320 69.85638 69.52240 69.19121 68.86275 68.53695 68.21376 67.89312 67.57497 67.25925 66.94590 66.63486 66.32608 66.01949 65.71504 65.41267 65.11231 64.81391 64.51742 64.22277 63.92990 63.63877 63.34931 63.06147 62.77518 62.49040 62.20707 61.92514 61.64454 61.36523 61.08714 60.81023 60.53445 60.25973 59.98603 59.71329 59.44146 59.17049 58.90033 58.63093 58.36223 58.09418 57.82674 57.55985 57.29346 57.02753 56.76200 56.49682 56.23195 55.96733 55.70292 55.43867 55.17453 54.91045 54.64639 54.38229 54.11811 53.85380 53.58931 53.32460 53.05962 52.79432 52.52865 52.26256 51.99601 51.72896 51.46135 51.19314 50.92427 50.65471 50.38441 50.11331 49.84138 49.56855 49.29480 49.02006 48.74429 48.46745 48.18948 47.91034 47.62997 47.34834 47.06539 46.78107 46.49534 46.20814 45.91943 45.62916 45.33727 45.04373 44.74847 44.45144 44.15261 43.85191 43.54929 43.24472 42.93812 42.62945 42.31867 42.00571 41.69053 41.37307 41.05328 40.73111 40.40651 40.07941 39.74977 39.41753 39.08265 38.74506 38.40471 38.06155 37.71552 37.36657 37.01464 36.65969 36.30165 35.94047 35.57611 35.20849 34.83758 34.46331 34.08564 33.70451 33.31987 32.93167 32.53985 32.14438 31.74519 31.34224 30.93548 30.52486 30.11035 29.69189 29.26944 28.84296 28.41242 27.97777 27.53898 27.09601 26.64884 26.19743 25.74176 25.28181 24.81754 24.34895 23.87602 23.39874 22.91710 22.43110 21.94074 21.44602 20.94694 20.44353 19.93581 19.42378 18.90749 18.38697 17.86224 17.33337 16.80039 16.26337 15.72236 15.17743 14.62866 14.07612 13.51991 12.96011 12.39683 11.83016 11.26023 10.68714 10.11103 9.53202 8.95024 8.36585 7.77899 7.18980 6.59845 6.00510 5.40991 4.81306 4.21473 3.61508 3.01430 2.41258 1.81010 1.20705 0.60362 0.00000 
100.00000 99.46848 98.93712 98.40612 97.87562 97.34581 96.81685 96.28890 95.76214 95.23672 94.71279 94.19051 93.67003 93.15150 92.63506 92.12083 91.60896 91.09958 90.59279 90.08872 89.58747 89.08916 88.59387 88.10171 87.61275 87.12708 86.64477 86.16590 85.69051 85.21868 84.75045 84.28587 83.82498 83.36781 82.91439 82.46476 82.01892 81.57689 81.13868 80.70430 80.27376 79.84704 79.42413 79.00504 78.58975 78.17823 77.77047 77.36645 76.96613 76.56949 76.17649 75.78711 75.40130 75.01903 74.64026 74.26493 73.89302 73.52447 73.15923 72.79726 72.43851 72.08293 71.73046 71.38105 71.03464 70.69120 70.35065 70.01295 69.67803 69.34584 69.01633 68.68944 68.36510 68.04327 67.72389 67.40689 67.09222 66.77983 66.46965 66.16163 65.85571 65.55183 65.24994 64.94997 64.65188 64.35560 64.06108 63.76827 63.47710 63.18752 62.89948 62.61292 62.32779 62.04403 61.76159 61.48041 61.20044 60.92163 60.64392 60.36727 60.09161 59.81690 59.54309 59.27012 58.99795 58.72651 58.45577 58.18567 57.91616 57.64719 57.37871 57.11067 56.84303 56.57572 56.30872 56.04196 55.77539 55.50898 55.24266 54.97640 54.71014 54.44384 54.17746 53.91093 53.64422 53.37727 53.11005 52.84250 52.57458 52.30623 52.03742 51.76810 51.49821 51.22771 50.95656 50.68471 50.41211 50.13871 49.86446 49.58933 49.31326 49.03620 48.75811 48.47895 48.19865 47.91718 47.63449 47.35052 47.06524 46.77859 46.49052 46.20099 45.90995 45.61735 45.32313 45.02726 44.72968 44.43034 44.12919 43.82618 43.52126 43.21438 42.90550 42.59455 42.28149 41.96627 41.64883 41.32913 41.00711 40.68272 40.35591 40.02663 39.69482 39.36043 39.02341 38.68371 38.34127 37.99604 37.64797 37.29701 36.94309 36.58618 36.22621 35.86314 35.49691 35.12748 34.75478 34.37877 33.99939 33.61660 33.23035 32.84059 32.44726 32.05033 31.64973 31.24544 30.83739 30.42556 30.00989 29.59034 29.16688 28.73946 28.30805 27.87261 27.43312 26.98953 26.54182 26.08997 25.63395 25.17373 24.70931 24.24066 23.76778 23.29065 22.80927 22.32363 21.83375 21.33962 20.84127 20.33869 19.83191 19.32096 18.80587 18.28667 17.76339 17.23609 16.70481 16.16962 15.63056 15.08771 14.54115 13.99095 13.43719 12.87997 12.31938 11.75553 11.18853 10.61849 10.04553 9.46978 8.89136 8.31043 7.72711 7.14156 6.55393 5.96437 5.37305 4.78013 4.18579 3.59018 2.99348 2.39588 1.79755 1.19867 0.59943 0.00000 
100.00000 99.47370 98.94757 98.42176 97.89645 97.37179 96.84794 96.32507 95.80333 95.28287 94.76385 94.24641 93.73069 93.21684 92.70499 92.19527 91.68782 91.18274 90.68016 90.18018 89.68293 89.18849 88.69696 88.20843 87.72299 87.24072 86.76168 86.28595 85.81358 85.34464 84.87917 84.41723 83.95884 83.50406 83.05290 82.60539 82.16155 81.72141 81.28496 80.85222 80.42320 79.99788 79.57627 79.15835 78.74412 78.33357 77.92666 77.52338 77.12371 76.72762 76.33507 75.94605 75.56050 75.17841 74.79972 74.42440 74.05241 73.68370 73.31823 72.95595 72.59681 72.24077 71.88778 71.53779 71.19073 70.84658 70.50526 70.16672 69.83092 69.49780 69.16730 68.83937 68.51395 68.19099 67.87042 67.55221 67.23628 66.92258 66.61106 66.30167 65.99433 65.68901 65.38564 65.08416 64.78453 64.48668 64.19056 63.89612 63.60330 63.31204 63.02230 62.73402 62.44713 62.16160 61.87737 61.59438 61.31258 61.03192 60.75235 60.47381 60.19625 59.91963 59.64388 59.36896 59.09482 58.82141 58.54868 58.27657 58.00504 57.73404 57.46352 57.19343 56.92372 56.65434 56.38524 56.11638 55.84771 55.57918 55.31074 55.04234 54.77394 54.50549 54.23694 53.96824 53.69936 53.43023 53.16081 52.89106 52.62093 52.35038 52.07935 51.80780 51.53568 51.26295 50.98955 50.71545 50.44060 50.16495 49.88844 49.61105 49.33271 49.05338 48.77302 48.49157 48.20900 47.92525 47.64027 47.35403 47.06646 46.77752 46.48717 46.19536 45.90204 45.60715 45.31066 45.01251 44.71265 44.41104 44.10763 43.80236 43.49519 43.18606 42.87493 42.56176 42.24647 41.92904 41.60940 41.28751 40.96331 40.63676 40.30780 39.97638 39.64245 39.30596 38.96687 38.62510 38.28063 37.93338 37.58332 37.23039 36.87455 36.51573 36.15388 35.78897 35.42093 35.04972 34.67529 34.29759 33.91656 33.53216 33.14435 32.75307 32.35828 31.95993 31.55798 31.15239 30.74310 30.33009 29.91331 29.49271 29.06827 28.63995 28.20771 27.77152 27.33134 26.88716 26.43895 25.98668 25.53032 25.06987 24.60530 24.13661 23.66378 23.18680 22.70568 22.22042 21.73101 21.23747 20.73981 20.23804 19.73219 19.22229 18.70836 18.19044 17.66857 17.14279 16.61316 16.07972 15.54256 15.00172 14.45728 13.90932 13.35793 12.80319 12.24520 11.68406 11.11987 10.55275 9.98282 9.41020 8.83501 8.25738 7.67747 7.09540 6.51134 5.92541 5.33779 4.74864 4.15810 3.56636 2.97357 2.37991 1.78555 1.19066 0.59542 0.00000 
100.00000 99.47876 98.95768 98.43691 97.91662 97.39695 96.87806 96.36011 95.84324 95.32760 94.81333 94.30058 93.78949 93.28018 92.77280 92.26746 91.76429 91.26340 90.76492 90.26894 89.77557 89.28491 88.79705 88.31207 87.83007 87.35112 86.87528 86.40263 85.93323 85.46712 85.00437 84.54502 84.08911 83.63668 83.18774 82.74234 82.30050 81.86222 81.42753 80.99643 80.56892 80.14502 79.72471 79.30798 78.89483 78.48525 78.07922 77.67671 77.27771 76.88220 76.49014 76.10150 75.71626 75.33437 74.95581 74.58054 74.20851 73.83969 73.47403 73.11149 72.75202 72.39558 72.04211 71.69158 71.34393 70.99912 70.65708 70.31777 69.98114 69.64714 69.31570 68.98679 68.66034 68.33630 68.01462 67.69524 67.37810 67.06316 66.75036 66.43964 66.13095 65.82424 65.51944 65.21651 64.91539 64.61603 64.31837 64.02235 63.72793 63.43506 63.14366 62.85371 62.56513 62.27789 61.99191 61.70717 61.42359 61.14113 60.85974 60.57937 60.29996 60.02147 59.74384 59.46703 59.19097 58.91563 58.64096 58.36690 58.09340 57.82042 57.54790 57.27580 57.00408 56.73267 56.46154 56.19063 55.91990 55.64930 55.37878 55.10829 54.83779 54.56724 54.29657 54.02575 53.75474 53.48347 53.21191 52.94001 52.66772 52.39500 52.12180 51.84807 51.57377 51.29885 51.02326 50.74696 50.46990 50.19204 49.91332 49.63371 49.35315 49.07160 48.78901 48.50533 48.22053 47.93454 47.64733 47.35885 47.06905 46.77788 46.48529 46.19124 45.89568 45.59857 45.29984 44.99946 44.69738 44.39355 44.08792 43.78044 43.47107 43.15975 42.84643 42.53107 42.21361 41.89402 41.57223 41.24819 40.92187 40.59320 40.26214 39.92864 39.59265 39.25411 38.91298 38.56921 38.22275 37.87354 37.52155 37.16670 36.80897 36.44830 36.08463 35.71792 35.34813 34.97520 34.59908 34.21973 33.83710 33.45114 33.06181 32.66907 32.27286 31.87314 31.46988 31.06303 30.65255 30.23840 29.82054 29.39894 28.97355 28.54436 28.11132 27.67440 27.23358 26.78884 26.34014 25.88746 25.43080 24.97012 24.50543 24.03670 23.56392 23.08711 22.60625 22.12134 21.63240 21.13943 20.64245 20.14148 19.63653 19.12764 18.61484 18.09816 17.57765 17.05334 16.52530 15.99357 15.45822 14.91932 14.37693 13.83114 13.28202 12.72967 12.17417 11.61563 11.05415 10.48984 9.92281 9.35318 8.78108 8.20664 7.62998 7.05125 6.47059 5.88815 5.30407 4.71852 4.13163 3.54358 2.95453 2.36464 1.77407 1.18300 0.59158 0.00000 
100.00000 99.48366 98.96748 98.45160 97.93616 97.42133 96.90725 96.39406 95.88191 95.37094 94.86129 94.35310 93.84649 93.34160 92.83855 92.33747 91.83847 91.34167 90.84717 90.35508 89.86550 89.37852 88.89424 88.41274 87.93410 87.45840 86.98570 86.51607 86.04957 85.58626 85.12618 84.66938 84.21591 83.76579 83.31906 82.87575 82.43588 81.99946 81.56651 81.13704 80.71106 80.28856 79.86956 79.45403 79.04198 78.63339 78.22825 77.82654 77.42824 77.03332 76.64177 76.25356 75.86865 75.48702 75.10863 74.73344 74.36141 73.99252 73.62672 73.26396 72.90420 72.54740 72.19352 71.84250 71.49430 71.14888 70.80618 70.46615 70.12874 69.79391 69.46159 69.13175 68.80432 68.47926 68.15651 67.83602 67.51774 67.20160 66.88757 66.57559 66.26560 65.95755 65.65138 65.34705 65.04450 64.74368 64.44452 64.14699 63.85103 63.55658 63.26360 62.97202 62.68181 62.39289 62.10524 61.81878 61.53348 61.24928 60.96612 60.68397 60.40276 60.12245 59.84299 59.56433 59.28641 59.00919 58.73263 58.45666 58.18124 57.90633 57.63187 57.35782 57.08412 56.81073 56.53761 56.26470 55.99196 55.71933 55.44678 55.17426 54.90171 54.62909 54.35636 54.08347 53.81037 53.53701 53.26335 52.98934 52.71494 52.44010 52.16478 51.88892 51.61248 51.33541 51.05768 50.77922 50.50001 50.21998 49.93910 49.65731 49.37458 49.09085 48.80609 48.52023 48.23324 47.94507 47.65567 47.36500 47.07301 46.77965 46.48487 46.18864 45.89089 45.59159 45.29068 44.98813 44.68387 44.37787 44.07007 43.76043 43.44890 43.13543 42.81997 42.50248 42.18290 41.86119 41.53730 41.21117 40.88277 40.55204 40.21893 39.88340 39.54539 39.20485 38.86175 38.51602 38.16762 37.81650 37.46261 37.10591 36.74634 36.38386 36.01842 35.64997 35.27846 34.90386 34.52610 34.14515 33.76097 33.37349 32.98270 32.58853 32.19094 31.78990 31.38537 30.97730 30.56566 30.15041 29.73152 29.30894 28.88265 28.45261 28.01880 27.58119 27.13975 26.69446 26.24530 25.79225 25.33529 24.87440 24.40958 23.94082 23.46812 22.99146 22.51085 22.02631 21.53782 21.04541 20.54909 20.04889 19.54482 19.03691 18.52520 18.00972 17.49052 16.96764 16.44112 15.91104 15.37745 14.84041 14.29999 13.75628 13.20935 12.65929 12.10618 11.55014 10.99126 10.42963 9.86539 9.29864 8.72950 8.15810 7.58456 7.00903 6.43164 5.85252 5.27184 4.68972 4.10633 3.52181 2.93633 2.35004 1.76310 1.17567 0.58792 0.00000 
100.00000 99.48842 98.97698 98.46583 97.95511 97.44497 96.93555 96.42698 95.91941 95.41298 94.90780 94.40403 93.90178 93.40118 92.90235 92.40540 91.91046 91.41763 90.92701 90.43871 89.95283 89.46945 88.98866 88.51055 88.03520 87.56267 87.09305 86.62638 86.16273 85.70215 85.24470 84.79042 84.33935 83.89152 83.44697 83.00572 82.56780 82.13323 81.70201 81.27417 80.84971 80.42863 80.01093 79.59661 79.18566 78.77808 78.37385 77.97295 77.57537 77.18109 76.79008 76.40232 76.01778 75.63643 75.25823 74.88317 74.51119 74.14227 73.77636 73.41342 73.05342 72.69632 72.34206 71.99060 71.64191 71.29592 70.95260 70.61190 70.27377 69.93815 69.60501 69.27429 68.94594 68.61991 68.29615 67.97460 67.65522 67.33795 67.02274 66.70955 66.39831 66.08898 65.78150 65.47582 65.17189 64.86965 64.56907 64.27007 63.97262 63.67665 63.38212 63.08898 62.79717 62.50665 62.21736 61.92925 61.64227 61.35638 61.07151 60.78762 60.50467 60.22259 59.94135 59.66089 59.38116 59.10211 58.82370 58.54587 58.26859 57.99179 57.71543 57.43947 57.16386 56.88854 56.61347 56.33861 56.06390 55.78930 55.51477 55.24025 54.96570 54.69107 54.41632 54.14140 53.86626 53.59085 53.31514 53.03908 52.76261 52.48570 52.20829 51.93035 51.65181 51.37265 51.09282 50.81226 50.53093 50.24878 49.96578 49.68187 49.39701 49.11116 48.82425 48.53626 48.24713 47.95682 47.66529 47.37247 47.07834 46.78284 46.48592 46.18754 45.88766 45.58622 45.28318 44.97849 44.67211 44.36398 44.05406 43.74231 43.42867 43.11310 42.79555 42.47597 42.15432 41.83055 41.50460 41.17643 40.84600 40.51326 40.17815 39.84063 39.50065 39.15817 38.81314 38.46550 38.11521 37.76223 37.40650 37.04798 36.68663 36.32239 35.95522 35.58507 35.21190 34.83567 34.45632 34.07382 33.68812 33.29918 32.90695 32.51140 32.11248 31.71016 31.30440 30.89515 30.48239 30.06608 29.64618 29.22266 28.79549 28.36464 27.93009 27.49181 27.04978 26.60397 26.15436 25.70094 25.24370 24.78261 24.31768 23.84890 23.37626 22.89976 22.41941 21.93521 21.44717 20.95530 20.45963 19.96017 19.45694 18.94999 18.43933 17.92501 17.40707 16.88556 16.36052 15.83202 15.30012 14.76487 14.22635 13.68464 13.13981 12.59194 12.04114 11.48749 10.93110 10.37206 9.81048 9.24648 8.68018 8.11169 7.54115 6.96867 6.39440 5.81847 5.24102 4.66220 4.08215 3.50101 2.91894 2.33609 1.75262 1.16867 0.58442 0.00000 
100.00000 99.49302 98.98618 98.47962 97.97348 97.46788 96.96298 96.45890 95.95578 95.45374 94.95292 94.45344 93.95542 93.45899 92.96425 92.47133 91.98034 91.49137 91.00454 90.51993 90.03765 89.55778 89.08041 88.60561 88.13347 87.66406 87.19743 86.73367 86.27281 85.81493 85.36006 84.90825 84.45954 84.01397 83.57157 83.13236 82.69638 82.26363 81.83414 81.40792 80.98497 80.56531 80.14892 79.73582 79.32599 78.91942 78.51612 78.11605 77.71921 77.32558 76.93514 76.54786 76.16371 75.78268 75.40472 75.02981 74.65792 74.28900 73.92303 73.55996 73.19976 72.84239 72.48780 72.13595 71.78680 71.44030 71.09641 70.75509 70.41628 70.07994 69.74602 69.41447 69.08524 68.75829 68.43357 68.11102 67.79059 67.47224 67.15591 66.84155 66.52912 66.21855 65.90981 65.60284 65.29758 64.99399 64.69202 64.39161 64.09272 63.79528 63.49927 63.20461 62.91126 62.61918 62.32831 62.03859 61.74999 61.46245 61.17592 60.89035 60.60570 60.32190 60.03893 59.75671 59.47522 59.19439 58.91419 58.63455 58.35545 58.07681 57.79861 57.52079 57.24330 56.96609 56.68913 56.41236 56.13574 55.85921 55.58274 55.30627 55.02976 54.75317 54.47645 54.19954 53.92241 53.64501 53.36729 53.08922 52.81073 52.53179 52.25235 51.97236 51.69179 51.41057 51.12868 50.84606 50.56266 50.27845 49.99338 49.70739 49.42045 49.13250 48.84352 48.55343 48.26221 47.96981 47.67618 47.38127 47.08504 46.78744 46.48843 46.18796 45.88598 45.58245 45.27733 44.97055 44.66209 44.35188 44.03990 43.72608 43.41038 43.09276 42.77316 42.45155 42.12787 41.80208 41.47412 41.14397 40.81155 40.47684 40.13978 39.80033 39.45843 39.11405 38.76713 38.41763 38.06550 37.71070 37.35318 36.99289 36.62980 36.26385 35.89499 35.52320 35.14841 34.77059 34.38970 34.00569 33.61852 33.22815 32.83454 32.43764 32.03743 31.63387 31.22691 30.81652 30.40267 29.98533 29.56446 29.14003 28.71201 28.28038 27.84512 27.40619 26.96358 26.51726 26.06723 25.61346 25.15595 24.69468 24.22964 23.76084 23.28826 22.81192 22.33181 21.84795 21.36034 20.86900 20.37395 19.87521 19.37280 18.86676 18.35712 17.84392 17.32720 16.80701 16.28339 15.75641 15.22613 14.69260 14.15590 13.61611 13.07330 12.52755 11.97895 11.42760 10.87359 10.31702 9.75800 9.19664 8.63305 8.06735 7.49966 6.93011 6.35883 5.78594 5.21159 4.63591 4.05905 3.48114 2.90233 2.32277 1.74261 1.16199 0.58107 0.00000 
100.00000 99.49749 98.99511 98.49300 97.99129 97.49011 96.98959 96.48987 95.99106 95.49329 94.99669 94.50138 94.00748 93.51509 93.02435 92.53534 92.04819 91.56299 91.07984 90.59883 90.12006 89.64361 89.16957 88.69801 88.22902 87.76264 87.29897 86.83804 86.37993 85.92469 85.47235 85.02298 84.57660 84.13326 83.69298 83.25579 82.82172 82.39079 81.96301 81.53840 81.11696 80.69871 80.28364 79.87175 79.46304 79.05751 78.65514 78.25593 77.85985 77.46689 77.07704 76.69026 76.30654 75.92585 75.54816 75.17344 74.80166 74.43279 74.06679 73.70363 73.34327 72.98567 72.63079 72.27859 71.92904 71.58207 71.23766 70.89576 70.55632 70.21930 69.88465 69.55232 69.22227 68.89445 68.56882 68.24531 67.92389 67.60450 67.28710 66.97164 66.65806 66.34631 66.03636 65.72814 65.42161 65.11672 64.81341 64.51164 64.21135 63.91251 63.61505 63.31893 63.02409 62.73050 62.43809 62.14683 61.85665 61.56751 61.27937 60.99217 60.70586 60.42040 60.13574 59.85183 59.56862 59.28606 59.00411 58.72271 58.44183 58.16141 57.88140 57.60177 57.32245 57.04341 56.76460 56.48597 56.20748 55.92907 55.65071 55.37234 55.09392 54.81541 54.53676 54.25791 53.97884 53.69949 53.41981 53.13976 52.85930 52.57838 52.29695 52.01497 51.73240 51.44918 51.16528 50.88064 50.59522 50.30899 50.02188 49.73386 49.44488 49.15490 48.86387 48.57175 48.27848 47.98403 47.68835 47.39139 47.09311 46.79347 46.49240 46.18989 45.88586 45.58029 45.27312 44.96431 44.65381 44.34158 44.02756 43.71173 43.39401 43.07439 42.75279 42.42919 42.10353 41.77577 41.44586 41.11375 40.77941 40.44278 40.10381 39.76247 39.41870 39.07246 38.72370 38.37239 38.01847 37.66190 37.30263 36.94062 36.57583 36.20821 35.83772 35.46431 35.08795 34.70859 34.32620 33.94072 33.55212 33.16036 32.76540 32.36721 31.96574 31.56097 31.15285 30.74136 30.32645 29.90811 29.48630 29.06098 28.63215 28.19976 27.76380 27.32425 26.88108 26.43428 25.98384 25.52973 25.07196 24.61051 24.14537 23.67655 23.20404 22.72784 22.24797 21.76444 21.27724 20.78641 20.29196 19.79391 19.29229 18.78714 18.27848 17.76635 17.25080 16.73188 16.20963 15.68411 15.15538 14.62351 14.08856 13.55060 13.00972 12.46600 11.91951 11.37036 10.81863 10.26443 9.70786 9.14902 8.58802 8.02499 7.46003 6.89328 6.32485 5.75487 5.18348 4.61081 4.03699 3.46216 2.88647 2.31005 1.73305 1.15561 0.57788 0.00000 
100.00000 99.50182 99.00378 98.50599 98.00858 97.51168 97.01542 96.51991 96.02529 95.53167 95.03918 94.54792 94.05801 93.56957 93.08270 92.59750 92.11409 91.63255 91.15299 90.67549 90.20015 89.72704 89.25626 88.78786 88.32193 87.85854 87.39775 86.93961 86.48419 86.03154 85.58169 85.13471 84.69063 84.24948 83.81129 83.37610 82.94392 82.51479 82.08871 81.66570 81.24577 80.82892 80.41517 80.00450 79.59693 79.19244 78.79102 78.39267 77.99737 77.60511 77.21586 76.82961 76.44634 76.06602 75.68863 75.31413 74.94250 74.57371 74.20773 73.84451 73.48402 73.12624 72.77111 72.41861 72.06868 71.72129 71.37641 71.03397 70.69395 70.35629 70.02096 69.68790 69.35708 69.02844 68.70194 68.37752 68.05516 67.73478 67.41636 67.09984 66.78516 66.47229 66.16117 65.85176 65.54400 65.23785 64.93326 64.63018 64.32856 64.02835 63.72950 63.43196 63.13569 62.84063 62.54674 62.25397 61.96227 61.67159 61.38188 61.09309 60.80519 60.51811 60.23181 59.94625 59.66137 59.37712 59.09347 58.81037 58.52776 58.24559 57.96383 57.68243 57.40134 57.12051 56.83989 56.55945 56.27913 55.99889 55.71868 55.43846 55.15818 54.87779 54.59726 54.31652 54.03555 53.75429 53.47270 53.19073 52.90834 52.62548 52.34211 52.05819 51.77365 51.48848 51.20261 50.91600 50.62861 50.34039 50.05130 49.76130 49.47033 49.17835 48.88533 48.59120 48.29594 47.99948 47.70180 47.40284 47.10255 46.80090 46.49784 46.19332 45.88730 45.57972 45.27056 44.95976 44.64727 44.33305 44.01706 43.69925 43.37957 43.05798 42.73444 42.40889 42.08130 41.75161 41.41979 41.08579 40.74955 40.41105 40.07022 39.72703 39.38144 39.03339 38.68284 38.32976 37.97409 37.61579 37.25482 36.89113 36.52469 36.15545 35.78336 35.40839 35.03050 34.64964 34.26578 33.87887 33.48888 33.09577 32.69951 32.30005 31.89736 31.49141 31.08217 30.66960 30.25367 29.83436 29.41164 28.98547 28.55584 28.12272 27.68609 27.24593 26.80222 26.35495 25.90411 25.44968 24.99165 24.53002 24.06478 23.59594 23.12349 22.64745 22.16780 21.68458 21.19779 20.70744 20.21357 19.71619 19.21533 18.71102 18.20330 17.69220 17.17778 16.66007 16.13913 15.61501 15.08778 14.55749 14.02422 13.48802 12.94899 12.40721 11.86274 11.31570 10.76615 10.21421 9.65998 9.10355 8.54504 7.98455 7.42221 6.85813 6.29242 5.72522 5.15666 4.58685 4.01594 3.44406 2.87134 2.29791 1.72393 1.14952 0.57483 0.00000 
100.00000 99.50603 99.01218 98.51858 98.02535 97.53261 97.04048 96.54908 96.05853 95.56894 95.08042 94.59310 94.10708 93.62247 93.13937 92.65788 92.17811 91.70015 91.22408 90.75000 90.27800 89.80816 89.34055 88.87524 88.41232 87.95184 87.49387 87.03846 86.58568 86.13557 85.68818 85.24355 84.80172 84.36273 83.92661 83.49339 83.06309 82.63574 82.21134 81.78992 81.37149 80.95605 80.54361 80.13417 79.72773 79.32429 78.92383 78.52636 78.13185 77.74030 77.35169 76.96599 76.58319 76.20327 75.82620 75.45196 75.08051 74.71183 74.34589 73.98265 73.62208 73.26415 72.90881 72.55604 72.20579 71.85802 71.51270 71.16977 70.82921 70.49097 70.15500 69.82125 69.48970 69.16029 68.83297 68.50770 68.18443 67.86312 67.54372 67.22619 66.91047 66.59652 66.28429 65.97373 65.66479 65.35744 65.05161 64.74727 64.44435 64.14283 63.84264 63.54373 63.24607 62.94960 62.65428 62.36005 62.06687 61.77469 61.48347 61.19315 60.90369 60.61504 60.32715 60.03998 59.75348 59.46760 59.18230 58.89753 58.61323 58.32938 58.04591 57.76279 57.47996 57.19739 56.91502 56.63281 56.35071 56.06868 55.78667 55.50464 55.22254 54.94033 54.65796 54.37538 54.09255 53.80943 53.52597 53.24212 52.95785 52.67310 52.38783 52.10200 51.81556 51.52847 51.24068 50.95215 50.66283 50.37267 50.08165 49.78970 49.49678 49.20286 48.90788 48.61180 48.31458 48.01617 47.71653 47.41561 47.11337 46.80976 46.50474 46.19826 45.89028 45.58076 45.26964 44.95689 44.64246 44.32630 44.00838 43.68864 43.36704 43.04354 42.71809 42.39065 42.06116 41.72960 41.39591 41.06005 40.72197 40.38164 40.03900 39.69401 39.34663 38.99682 38.64453 38.28972 37.93234 37.57236 37.20973 36.84441 36.47635 36.10553 35.73189 35.35539 34.97601 34.59369 34.20840 33.82011 33.42876 33.03434 32.63680 32.23612 31.83224 31.42515 31.01482 30.60120 30.18428 29.76403 29.34042 28.91342 28.48302 28.04918 27.61190 27.17115 26.72692 26.27920 25.82797 25.37322 24.91494 24.45314 23.98781 23.51895 23.04655 22.57064 22.09122 21.60829 21.12188 20.63201 20.13869 19.64194 19.14181 18.63831 18.13149 17.62139 17.10804 16.59150 16.07181 15.54904 15.02323 14.49446 13.96279 13.42829 12.89103 12.35109 11.80856 11.26353 10.71607 10.16630 9.61430 9.06017 8.50403 7.94598 7.38613 6.82459 6.26149 5.69694 5.13107 4.56401 3.99587 3.42679 2.85690 2.28634 1.71523 1.14371 0.57193 0.00000 
100.00000 99.51011 99.02035 98.53082 98.04164 97.55293 97.06481 96.57740 96.09079 95.60512 95.12048 94.63699 94.15475 93.67386 93.19443 92.71655 92.24032 91.76584 91.29318 90.82244 90.35370 89.88704 89.42253 88.96025 88.50026 88.04263 87.58742 87.13470 86.68450 86.23689 85.79190 85.34959 84.90998 84.47312 84.03904 83.60776 83.17932 82.75372 82.33100 81.91116 81.49422 81.08018 80.66905 80.26084 79.85554 79.45315 79.05367 78.65708 78.26338 77.87256 77.48459 77.09947 76.71717 76.33767 75.96095 75.58699 75.21575 74.84722 74.48135 74.11813 73.75751 73.39946 73.04396 72.69095 72.34042 71.99231 71.64659 71.30322 70.96216 70.62337 70.28680 69.95242 69.62018 69.29004 68.96195 68.63587 68.31175 67.98955 67.66923 67.35073 67.03401 66.71902 66.40573 66.09407 65.78401 65.47550 65.16848 64.86292 64.55877 64.25597 63.95449 63.65427 63.35527 63.05743 62.76072 62.46508 62.17047 61.87685 61.58415 61.29234 61.00138 60.71120 60.42178 60.13305 59.84497 59.55751 59.27060 58.98420 58.69828 58.41278 58.12765 57.84285 57.55834 57.27407 56.98999 56.70606 56.42223 56.13845 55.85469 55.57090 55.28703 55.00303 54.71886 54.43449 54.14985 53.86491 53.57963 53.29395 53.00784 52.72124 52.43412 52.14643 51.85813 51.56916 51.27950 50.98908 50.69788 50.40583 50.11291 49.81907 49.52425 49.22842 48.93154 48.63355 48.33442 48.03410 47.73254 47.42971 47.12555 46.82003 46.51309 46.20470 45.89481 45.58338 45.27036 44.95571 44.63938 44.32133 44.00152 43.67989 43.35642 43.03105 42.70374 42.37444 42.04311 41.70972 41.37420 41.03653 40.69665 40.35453 40.01012 39.66338 39.31426 38.96273 38.60873 38.25224 37.89320 37.53158 37.16733 36.80041 36.43079 36.05842 35.68327 35.30529 34.92445 34.54071 34.15404 33.76439 33.37173 32.97603 32.57726 32.17537 31.77034 31.36215 30.95075 30.53612 30.11823 29.69706 29.27259 28.84478 28.41363 27.97910 27.54118 27.09986 26.65512 26.20695 25.75534 25.30028 24.84177 24.37979 23.91436 23.44548 22.97314 22.49735 22.01814 21.53550 21.04945 20.56002 20.06722 19.57109 19.07165 18.56893 18.06297 17.55382 17.04150 16.52607 16.00759 15.48610 14.96166 14.43434 13.90419 13.37130 12.83574 12.29757 11.75689 11.21377 10.66832 10.12060 9.57074 9.01881 8.46493 7.90920 7.35173 6.79262 6.23200 5.66999 5.10669 4.54223 3.97674 3.41033 2.84315 2.27531 1.70694 1.13818 0.56916 0.00000 
100.00000 99.51408 99.02827 98.54269 98.05745 97.57267 97.08845 96.60490 96.12214 95.64027 95.15940 94.67963 94.20106 93.72380 93.24794 92.77357 92.30080 91.82970 91.36037 90.89288 90.42732 89.96376 89.50229 89.04296 88.58584 88.13100 87.67850 87.22840 86.78074 86.33557 85.89295 85.45291 85.01550 84.58074 84.14866 83.71931 83.29269 82.86884 82.44778 82.02951 81.61404 81.20140 80.79159 80.38460 79.98044 79.57911 79.18061 78.78492 78.39204 78.00196 77.61466 77.23013 76.84835 76.46930 76.09295 75.71930 75.34830 74.97993 74.61418 74.25100 73.89036 73.53224 73.17660 72.82340 72.47262 72.12421 71.77813 71.43436 71.09284 70.75355 70.41643 70.08145 69.74857 69.41774 69.08893 68.76208 68.43716 68.11411 67.79290 67.47349 67.15582 66.83985 66.52553 66.21282 65.90168 65.59206 65.28390 64.97718 64.67183 64.36781 64.06508 63.76359 63.46329 63.16414 62.86609 62.56909 62.27310 61.97807 61.68395 61.39071 61.09828 60.80663 60.51570 60.22547 59.93586 59.64685 59.35839 59.07042 58.78291 58.49580 58.20906 57.92264 57.63648 57.35056 57.06481 56.77921 56.49369 56.20822 55.92275 55.63723 55.35163 55.06590 54.77999 54.49386 54.20746 53.92075 53.63368 53.34622 53.05831 52.76991 52.48098 52.19148 51.90135 51.61056 51.31906 51.02681 50.73377 50.43988 50.14511 49.84941 49.55274 49.25505 48.95630 48.65645 48.35545 48.05326 47.74984 47.44513 47.13910 46.83171 46.52291 46.21265 45.90089 45.58760 45.27272 44.95621 44.63802 44.31812 43.99647 43.67300 43.34770 43.02050 42.69137 42.36026 42.02714 41.69195 41.35466 41.01522 40.67359 40.32972 39.98358 39.63513 39.28431 38.93110 38.57545 38.21731 37.85665 37.49342 37.12760 36.75913 36.38798 36.01411 35.63748 35.25806 34.87580 34.49068 34.10265 33.71168 33.31775 32.92080 32.52082 32.11777 31.71162 31.30234 30.88991 30.47429 30.05546 29.63340 29.20809 28.77950 28.34761 27.91241 27.47387 27.03199 26.58676 26.13815 25.68617 25.23080 24.77205 24.30991 23.84438 23.37546 22.90317 22.42750 21.94848 21.46611 20.98041 20.49140 19.99910 19.50355 19.00477 18.50279 17.99766 17.48940 16.97807 16.46371 15.94637 15.42610 14.90297 14.37703 13.84835 13.31700 12.78305 12.24657 11.70765 11.16637 10.62281 10.07707 9.52924 8.97941 8.42768 7.87416 7.31896 6.76217 6.20392 5.64431 5.08346 4.52149 3.95851 3.39466 2.83005 2.26480 1.69905 1.13291 0.56652 0.00000 
100.00000 99.51793 99.03597 98.55423 98.07281 97.59184 97.11140 96.63162 96.15259 95.67442 95.19721 94.72106 94.24607 93.77233 93.29995 92.82901 92.35959 91.89180 91.42570 90.96139 90.49893 90.03841 89.57990 89.12345 88.66915 88.21704 87.76719 87.31965 86.87448 86.43172 85.99142 85.55362 85.11835 84.68566 84.25557 83.82811 83.40331 82.98118 82.56176 82.14504 81.73105 81.31980 80.91129 80.50553 80.10252 79.70225 79.30473 78.90995 78.51791 78.12858 77.74196 77.35804 76.97680 76.59821 76.22227 75.84894 75.47821 75.11005 74.74443 74.38132 74.02070 73.66254 73.30679 72.95344 72.60245 72.25377 71.90738 71.56324 71.22131 70.88155 70.54392 70.20839 69.87491 69.54344 69.21394 68.88637 68.56068 68.23684 67.91479 67.59450 67.27593 66.95902 66.64373 66.33002 66.01784 65.70715 65.39790 65.09005 64.78356 64.47837 64.17444 63.87172 63.57018 63.26975 62.97041 62.67210 62.37477 62.07838 61.78289 61.48825 61.19441 60.90132 60.60895 60.31725 60.02617 59.73566 59.44568 59.15618 58.86713 58.57847 58.29016 58.00215 57.71440 57.42687 57.13951 56.85227 56.56511 56.27798 55.99085 55.70366 55.41638 55.12895 54.84134 54.55349 54.26538 53.97694 53.68814 53.39893 53.10927 52.81911 52.52842 52.23715 51.94524 51.65267 51.35939 51.06534 50.77050 50.47481 50.17823 49.88072 49.58224 49.28274 48.98217 48.68050 48.37768 48.07366 47.76841 47.46188 47.15403 46.84481 46.53418 46.22210 45.90852 45.59340 45.27670 44.95838 44.63839 44.31668 43.99322 43.66796 43.34087 43.01189 42.68098 42.34811 42.01323 41.67629 41.33726 40.99610 40.65275 40.30719 39.95936 39.60924 39.25677 38.90192 38.54464 38.18490 37.82266 37.45788 37.09051 36.72053 36.34789 35.97255 35.59449 35.21366 34.83002 34.44355 34.05420 33.66195 33.26677 32.86861 32.46746 32.06327 31.65603 31.24569 30.83225 30.41567 29.99593 29.57300 29.14687 28.71751 28.28491 27.84904 27.40991 26.96748 26.52176 26.07273 25.62038 25.16472 24.70573 24.24341 23.77778 23.30883 22.83657 22.36101 21.88216 21.40004 20.91467 20.42606 19.93424 19.43924 18.94109 18.43982 17.93546 17.42807 16.91767 16.40432 15.88807 15.36897 14.84708 14.32246 13.79518 13.26529 12.73288 12.19801 11.66077 11.12124 10.57949 10.03563 9.48973 8.94190 8.39223 7.84082 7.28777 6.73319 6.17719 5.61987 5.06135 4.50175 3.94117 3.37974 2.81758 2.25480 1.69153 1.12790 0.56401 0.00000 
100.00000 99.52167 99.04345 98.56544 98.08774 97.61046 97.13371 96.65758 96.18218 95.70761 95.23396 94.76133 94.28982 93.81952 93.35052 92.88291 92.41677 91.95220 91.48926 91.02804 90.56862 90.11106 89.65543 89.20181 88.75025 88.30082 87.85356 87.40855 86.96582 86.52542 86.08740 85.65179 85.21864 84.78798 84.35985 83.93426 83.51124 83.09083 82.67302 82.25785 81.84533 81.43546 81.02825 80.62371 80.22184 79.82265 79.42612 79.03226 78.64105 78.25249 77.86657 77.48328 77.10259 76.72449 76.34897 75.97600 75.60555 75.23762 74.87216 74.50916 74.14859 73.79041 73.43460 73.08113 72.72996 72.38105 72.03438 71.68991 71.34761 71.00742 70.66933 70.33328 69.99924 69.66717 69.33703 69.00878 68.68237 68.35777 68.03493 67.71381 67.39437 67.07656 66.76035 66.44568 66.13251 65.82080 65.51051 65.20158 64.89398 64.58766 64.28258 63.97869 63.67594 63.37429 63.07370 62.77412 62.47550 62.17780 61.88098 61.58499 61.28978 60.99531 60.70154 60.40842 60.11590 59.82393 59.53249 59.24151 58.95096 58.66079 58.37095 58.08141 57.79211 57.50302 57.21408 56.92525 56.63649 56.34776 56.05901 55.77019 55.48127 55.19219 54.90292 54.61341 54.32362 54.03349 53.74300 53.45209 53.16073 52.86886 52.57645 52.28345 51.98981 51.69550 51.40047 51.10468 50.80808 50.51063 50.21229 49.91302 49.61276 49.31149 49.00915 48.70570 48.40110 48.09530 47.78827 47.47996 47.17032 46.85932 46.54691 46.23304 45.91769 45.60079 45.28232 44.96222 44.64046 44.31699 43.99178 43.66477 43.33592 43.00520 42.67257 42.33797 42.00137 41.66273 41.32201 40.97916 40.63414 40.28692 39.93745 39.58569 39.23161 38.87516 38.51630 38.15500 37.79122 37.42491 37.05605 36.68459 36.31050 35.93373 35.55427 35.17206 34.78708 34.39929 34.00866 33.61516 33.21876 32.81942 32.41712 32.01183 31.60352 31.19216 30.77774 30.36022 29.93958 29.51581 29.08887 28.65877 28.22547 27.78896 27.34923 26.90627 26.46007 26.01062 25.55792 25.10195 24.64273 24.18024 23.71450 23.24551 22.77328 22.29781 21.81913 21.33724 20.85217 20.36394 19.87257 19.37809 18.88053 18.37992 17.87631 17.36973 16.86022 16.34784 15.83263 15.31464 14.79393 14.27057 13.74461 13.21612 12.68517 12.15183 11.61619 11.07832 10.53830 9.99622 9.45216 8.90623 8.35851 7.80911 7.25811 6.70563 6.15177 5.59664 5.04033 4.48298 3.92469 3.36556 2.80573 2.24530 1.68439 1.12313 0.56162 0.00000 
100.00000 99.52531 99.05072 98.57633 98.10225 97.62857 97.15539 96.68282 96.21095 95.73987 95.26969 94.80049 94.33236 93.86541 93.39970 92.93534 92.47240 92.01096 91.55110 91.09290 90.63644 90.18177 89.72897 89.27811 88.82923 88.38241 87.93770 87.49516 87.05482 86.61673 86.18095 85.74751 85.31644 84.88779 84.46158 84.03783 83.61659 83.19786 82.78166 82.36802 81.95695 81.54845 81.14254 80.73922 80.33850 79.94038 79.54484 79.15190 78.76155 78.37377 77.98856 77.60591 77.22579 76.84820 76.47312 76.10052 75.73040 75.36271 74.99745 74.63458 74.27409 73.91593 73.56008 73.20652 72.85520 72.50610 72.15919 71.81443 71.47178 71.13121 70.79268 70.45616 70.12160 69.78897 69.45823 69.12934 68.80226 68.47694 68.15335 67.83145 67.51119 67.19253 66.87543 66.55984 66.24573 65.93304 65.62175 65.31179 65.00313 64.69573 64.38954 64.08451 63.78060 63.47778 63.17598 62.87518 62.57531 62.27635 61.97825 61.68095 61.38442 61.08861 60.79348 60.49898 60.20507 59.91170 59.61883 59.32642 59.03442 58.74278 58.45146 58.16043 57.86962 57.57901 57.28854 56.99817 56.70786 56.41756 56.12723 55.83683 55.54631 55.25563 54.96475 54.67361 54.38219 54.09043 53.79829 53.50572 53.21269 52.91916 52.62507 52.33038 52.03506 51.73905 51.44232 51.14482 50.84652 50.54735 50.24729 49.94630 49.64432 49.34131 49.03724 48.73205 48.42572 48.11818 47.80941 47.49936 47.18798 46.87524 46.56109 46.24549 45.92840 45.60977 45.28956 44.96774 44.64425 44.31906 43.99213 43.66341 43.33286 43.00044 42.66611 42.32983 41.99156 41.65126 41.30888 40.96439 40.61774 40.26890 39.91783 39.56448 39.20882 38.85081 38.49042 38.12759 37.76230 37.39451 37.02419 36.65129 36.27578 35.89762 35.51679 35.13324 34.74695 34.35788 33.96600 33.57128 33.17369 32.77320 32.36978 31.96341 31.55406 31.14170 30.72632 30.30788 29.88637 29.46177 29.03406 28.60322 28.16924 27.73210 27.29179 26.84831 26.40164 25.95177 25.49871 25.04245 24.58299 24.12033 23.65447 23.18543 22.71321 22.23783 21.75929 21.27762 20.79283 20.30495 19.81400 19.32001 18.82301 18.32304 17.82013 17.31432 16.80566 16.29419 15.77996 15.26302 14.74344 14.22127 13.69656 13.16940 12.63984 12.10796 11.57384 11.03754 10.49916 9.95878 9.41648 8.87235 8.32649 7.77899 7.22994 6.67946 6.12763 5.57456 5.02037 4.46515 3.90902 3.35209 2.79447 2.23627 1.67761 1.11860 0.55936 0.00000 
100.00000 99.52884 99.05778 98.58692 98.11635 97.64617 97.17647 96.70736 96.23892 95.77124 95.30443 94.83857 94.37374 93.91004 93.44755 92.98634 92.52652 92.06814 91.61129 91.15604 90.70246 90.25061 89.80058 89.35241 88.90616 88.46191 88.01968 87.57955 87.14156 86.70575 86.27217 85.84085 85.41183 84.98515 84.56084 84.13891 83.71941 83.30235 82.88775 82.47562 82.06599 81.65886 81.25424 80.85214 80.45257 80.05551 79.66098 79.26897 78.87947 78.49249 78.10800 77.72600 77.34647 76.96940 76.59478 76.22258 75.85279 75.48539 75.12034 74.75764 74.39724 74.03913 73.68328 73.32966 72.97823 72.62897 72.28185 71.93683 71.59388 71.25296 70.91403 70.57707 70.24204 69.90889 69.57759 69.24810 68.92038 68.59439 68.27009 67.94744 67.62640 67.30693 66.98899 66.67253 66.35752 66.04390 65.73164 65.42070 65.11103 64.80259 64.49533 64.18921 63.88420 63.58023 63.27728 62.97529 62.67423 62.37405 62.07470 61.77615 61.47834 61.18124 60.88479 60.58896 60.29370 59.99897 59.70473 59.41092 59.11751 58.82445 58.53170 58.23921 57.94694 57.65486 57.36290 57.07103 56.77921 56.48740 56.19554 55.90359 55.61152 55.31928 55.02683 54.73411 54.44110 54.14774 53.85400 53.55982 53.26517 52.97001 52.67428 52.37796 52.08099 51.78333 51.48494 51.18578 50.88581 50.58497 50.28324 49.98056 49.67690 49.37220 49.06644 48.75956 48.45153 48.14231 47.83184 47.52009 47.20701 46.89257 46.57673 46.25943 45.94064 45.62032 45.29842 44.97491 44.64974 44.32287 43.99427 43.66388 43.33167 42.99759 42.66161 42.32369 41.98379 41.64186 41.29787 40.95177 40.60354 40.25312 39.90048 39.54558 39.18839 38.82886 38.46696 38.10265 37.73589 37.36665 36.99490 36.62059 36.24370 35.86419 35.48202 35.09717 34.70960 34.31928 33.92618 33.53027 33.13152 32.72991 32.32540 31.91798 31.50761 31.09428 30.67795 30.25862 29.83626 29.41085 28.98237 28.55082 28.11617 27.67841 27.23753 26.79353 26.34640 25.89612 25.44271 24.98615 24.52645 24.06361 23.59763 23.12853 22.65632 22.18100 21.70259 21.22112 20.73659 20.24903 19.75848 19.26495 18.76848 18.26910 17.76685 17.26177 16.75390 16.24329 15.73000 15.21406 14.69554 14.17449 13.65099 13.12508 12.59684 12.06634 11.53365 10.99886 10.46203 9.92326 9.38262 8.84020 8.29610 7.75041 7.20321 6.65462 6.10472 5.55363 5.00143 4.44824 3.89417 3.33931 2.78379 2.22771 1.67117 1.11430 0.55721 0.00000 
100.00000 99.53228 99.06466 98.59722 98.13006 97.66328 97.19697 96.73122 96.26612 95.80176 95.33823 94.87561 94.41399 93.95346 93.49410 93.03598 92.57919 92.12379 91.66987 91.21750 90.76674 90.31765 89.87032 89.42478 88.98111 88.53936 88.09958 87.66182 87.22612 86.79255 86.36112 85.93189 85.50489 85.08015 84.65770 84.23758 83.81980 83.40438 82.99136 82.58074 82.17253 81.76676 81.36343 80.96254 80.56411 80.16812 79.77460 79.38352 78.99489 78.60870 78.22495 77.84361 77.46469 77.08816 76.71402 76.34224 75.97281 75.60570 75.24090 74.87838 74.51811 74.16008 73.80425 73.45060 73.09910 72.74971 72.40241 72.05717 71.71394 71.37271 71.03343 70.69607 70.36059 70.02696 69.69513 69.36508 69.03677 68.71015 68.38518 68.06183 67.74006 67.41982 67.10107 66.78379 66.46791 66.15341 65.84023 65.52834 65.21770 64.90826 64.59998 64.29282 63.98673 63.68168 63.37761 63.07449 62.77228 62.47092 62.17037 61.87060 61.57156 61.27320 60.97549 60.67837 60.38181 60.08576 59.79018 59.49503 59.20025 58.90581 58.61167 58.31778 58.02409 57.73058 57.43718 57.14386 56.85057 56.55728 56.26393 55.97049 55.67691 55.38315 55.08917 54.79492 54.50036 54.20545 53.91014 53.61439 53.31817 53.02142 52.72411 52.42618 52.12761 51.82834 51.52834 51.22756 50.92596 50.62350 50.32013 50.01581 49.71051 49.40417 49.09676 48.78823 48.47855 48.16767 47.85555 47.54214 47.22741 46.91132 46.59382 46.27487 45.95442 45.63245 45.30891 44.98375 44.65694 44.32843 43.99819 43.66617 43.33234 42.99665 42.65906 42.31954 41.97804 41.63453 41.28897 40.94131 40.59152 40.23956 39.88539 39.52898 39.17029 38.80927 38.44591 38.08015 37.71196 37.34131 36.96817 36.59249 36.21425 35.83341 35.44995 35.06382 34.67500 34.28346 33.88917 33.49210 33.09222 32.68951 32.28394 31.87549 31.46413 31.04984 30.63260 30.21239 29.78920 29.36300 28.93377 28.50151 28.06621 27.62784 27.18640 26.74189 26.29430 25.84362 25.38985 24.93299 24.47305 24.01002 23.54392 23.07475 22.60253 22.12726 21.64897 21.16767 20.68338 20.19612 19.70593 19.21283 18.71685 18.21802 17.71640 17.21200 16.70489 16.19509 15.68268 15.16768 14.65016 14.13019 13.60781 13.08309 12.55610 12.02691 11.49558 10.96221 10.42685 9.88960 9.35054 8.80974 8.26731 7.72333 7.17789 6.63109 6.08302 5.53378 4.98348 4.43222 3.88009 3.32720 2.77367 2.21959 1.66508 1.11023 0.55517 0.00000 
100.00000 99.53562 99.07134 98.60723 98.14340 97.67993 97.21691 96.75443 96.29258 95.83144 95.37111 94.91165 94.45316 93.99572 93.53940 93.08429 92.63046 92.17797 91.72691 91.27735 90.82934 90.38295 89.93825 89.49530 89.05414 88.61484 88.17745 87.74201 87.30858 86.87719 86.44788 86.02070 85.59568 85.17286 84.75225 84.33390 83.91782 83.50403 83.09257 82.68343 82.27665 81.87222 81.47017 81.07049 80.67320 80.27829 79.88576 79.49562 79.10787 78.72249 78.33947 77.95882 77.58052 77.20455 76.83090 76.45956 76.09050 75.72372 75.35918 74.99687 74.63676 74.27883 73.92305 73.56940 73.21785 72.86836 72.52092 72.17548 71.83202 71.49051 71.15091 70.81318 70.47730 70.14322 69.81091 69.48034 69.15147 68.82425 68.49866 68.17464 67.85217 67.53121 67.21171 66.89363 66.57693 66.26158 65.94753 65.63474 65.32317 65.01278 64.70352 64.39536 64.08825 63.78214 63.47701 63.17279 62.86946 62.56697 62.26527 61.96433 61.66410 61.36453 61.06559 60.76723 60.46941 60.17209 59.87522 59.57876 59.28266 58.98689 58.69140 58.39614 58.10108 57.80618 57.51138 57.21665 56.92194 56.62721 56.33242 56.03752 55.74248 55.44724 55.15178 54.85603 54.55997 54.26355 53.96672 53.66945 53.37169 53.07340 52.77454 52.47506 52.17493 51.87410 51.57252 51.27016 50.96698 50.66293 50.35797 50.05206 49.74515 49.43721 49.12820 48.81807 48.50677 48.19428 47.88055 47.56553 47.24918 46.93147 46.61236 46.29179 45.96974 45.64616 45.32101 44.99425 44.66583 44.33573 44.00389 43.67029 43.33487 42.99761 42.65845 42.31737 41.97432 41.62926 41.28216 40.93297 40.58167 40.22821 39.87255 39.51467 39.15451 38.79205 38.42725 38.06008 37.69050 37.31847 36.94397 36.56696 36.18740 35.80527 35.42053 35.03316 34.64313 34.25039 33.85494 33.45674 33.05576 32.65197 32.24537 31.83591 31.42358 31.00836 30.59022 30.16916 29.74514 29.31817 28.88821 28.45526 28.01931 27.58034 27.13835 26.69334 26.24529 25.79420 25.34008 24.88292 24.42274 23.95952 23.49328 23.02403 22.55179 22.07655 21.59835 21.11720 20.63313 20.14615 19.65629 19.16358 18.66806 18.16976 17.66871 17.16496 16.65855 16.14952 15.63793 15.12382 14.60725 14.08828 13.56697 13.04337 12.51756 11.98960 11.45957 10.92753 10.39357 9.85776 9.32018 8.78092 8.24007 7.69771 7.15393 6.60882 6.06248 5.51501 4.96650 4.41705 3.86677 3.31575 2.76409 2.21191 1.65931 1.10638 0.55324 0.00000 
100.00000 99.53888 99.07784 98.61698 98.15638 97.69613 97.23631 96.77702 96.31833 95.86033 95.40310 94.94673 94.49128 94.03685 93.58351 93.13132 92.68037 92.23073 91.78246 91.33564 90.89032 90.44657 90.00444 89.56401 89.12532 88.68842 88.25337 87.82021 87.38898 86.95974 86.53252 86.10736 85.68429 85.26334 84.84455 84.42794 84.01354 83.60137 83.19144 82.78378 82.37840 81.97532 81.57453 81.17606 80.77990 80.38606 79.99455 79.60535 79.21847 78.83390 78.45164 78.07168 77.69401 77.31861 76.94547 76.57459 76.20593 75.83948 75.47523 75.11315 74.75323 74.39542 74.03972 73.68610 73.33453 72.98498 72.63742 72.29183 71.94816 71.60640 71.26651 70.92846 70.59220 70.25772 69.92496 69.59391 69.26451 68.93674 68.61055 68.28592 67.96279 67.64114 67.32092 67.00209 66.68462 66.36846 66.05358 65.73993 65.42747 65.11617 64.80597 64.49685 64.18875 63.88164 63.57548 63.27021 62.96581 62.66223 62.35942 62.05735 61.75597 61.45524 61.15512 60.85556 60.55652 60.25797 59.95985 59.66212 59.36475 59.06768 58.77089 58.47432 58.17792 57.88167 57.58552 57.28942 56.99333 56.69721 56.40102 56.10471 55.80824 55.51157 55.21467 54.91747 54.61995 54.32206 54.02376 53.72500 53.42575 53.12596 52.82559 52.52460 52.22295 51.92059 51.61749 51.31359 51.00887 50.70327 50.39676 50.08930 49.78084 49.47134 49.16076 48.84906 48.53620 48.22214 47.90683 47.59024 47.27232 46.95304 46.63235 46.31021 45.98659 45.66144 45.33472 45.00639 44.67642 44.34476 44.01137 43.67622 43.33926 43.00045 42.65977 42.31716 41.97260 41.62603 41.27743 40.92676 40.57398 40.21906 39.86195 39.50262 39.14104 38.77717 38.41098 38.04242 37.67148 37.29811 36.92228 36.54396 36.16313 35.77973 35.39376 35.00518 34.61395 34.22005 33.82346 33.42415 33.02209 32.61727 32.20964 31.79920 31.38592 30.96979 30.55078 30.12887 29.70406 29.27632 28.84564 28.41201 27.97542 27.53586 27.09333 26.64782 26.19931 25.74783 25.29335 24.83589 24.37545 23.91203 23.44565 22.97631 22.50403 22.02881 21.55069 21.06967 20.58579 20.09905 19.60950 19.11716 18.62206 18.12424 17.62373 17.12058 16.61483 16.10652 15.59570 15.08243 14.56675 14.04872 13.52841 13.00587 12.48117 11.95437 11.42555 10.89478 10.36213 9.82768 9.29151 8.75370 8.21434 7.67350 7.13129 6.58778 6.04308 5.49727 4.95046 4.40273 3.85418 3.30492 2.75505 2.20466 1.65385 1.10274 0.55142 0.00000 
100.00000 99.54204 99.08416 98.62646 98.16901 97.71189 97.25519 96.79900 96.34339 95.88845 95.43425 94.98087 94.52840 94.07690 93.62645 93.17712 92.72899 92.28211 91.83657 91.39242 90.94973 90.50855 90.06895 89.63098 89.19470 88.76015 88.32739 87.89646 87.46741 87.04028 86.61510 86.19192 85.77077 85.35168 84.93467 84.51979 84.10704 83.69646 83.28806 82.88186 82.47787 82.07611 81.67659 81.27931 80.88429 80.49152 80.10101 79.71276 79.32676 78.94302 78.56152 78.18226 77.80523 77.43041 77.05780 76.68739 76.31914 75.95306 75.58912 75.22729 74.86757 74.50992 74.15432 73.80076 73.44919 73.09960 72.75196 72.40624 72.06240 71.72043 71.38028 71.04193 70.70534 70.37048 70.03732 69.70581 69.37593 69.04764 68.72090 68.39568 68.07194 67.74964 67.42874 67.10920 66.79099 66.47407 66.15839 65.84392 65.53062 65.21844 64.90735 64.59731 64.28827 63.98020 63.67305 63.36678 63.06135 62.75672 62.45284 62.14968 61.84720 61.54534 61.24408 60.94337 60.64315 60.34341 60.04408 59.74514 59.44653 59.14822 58.85016 58.55231 58.25463 57.95708 57.65961 57.36218 57.06475 56.76729 56.46973 56.17205 55.87421 55.57615 55.27784 54.97924 54.68030 54.38098 54.08125 53.78105 53.48035 53.17910 52.87727 52.57481 52.27168 51.96784 51.66325 51.35786 51.05164 50.74454 50.43652 50.12754 49.81756 49.50654 49.19444 48.88122 48.56683 48.25124 47.93440 47.61628 47.29683 46.97602 46.65379 46.33013 46.00497 45.67829 45.35005 45.02019 44.68870 44.35552 44.02062 43.68395 43.34549 43.00519 42.66301 42.31892 41.97288 41.62484 41.27479 40.92267 40.56845 40.21209 39.85357 39.49283 39.12986 38.76462 38.39706 38.02716 37.65489 37.28021 36.90309 36.52350 36.14141 35.75678 35.36960 34.97983 34.58744 34.19241 33.79471 33.39432 32.99121 32.58535 32.17674 31.76534 31.35113 30.93410 30.51423 30.09150 29.66590 29.23741 28.80602 28.37172 27.93451 27.49437 27.05129 26.60528 26.15633 25.70444 25.24961 24.79184 24.33114 23.86752 23.40098 22.93154 22.45920 21.98399 21.50592 21.02501 20.54129 20.05478 19.56550 19.07349 18.57878 18.08140 17.58140 17.07881 16.57366 16.06602 15.55593 15.04343 14.52859 14.01145 13.49208 12.97053 12.44687 11.92117 11.39349 10.86391 10.33250 9.79933 9.26448 8.72803 8.19007 7.65068 7.10994 6.56795 6.02479 5.48055 4.93533 4.38922 3.84231 3.29471 2.74651 2.19781 1.64871 1.09931 0.54970 0.00000 
100.00000 99.54512 99.09032 98.63569 98.18130 97.72723 97.27357 96.82040 96.36779 95.91582 95.46457 95.01412 94.56454 94.11589 93.66827 93.22173 92.77634 92.33217 91.88929 91.44775 91.00762 90.56896 90.13183 89.69627 89.26235 88.83010 88.39959 87.97084 87.54392 87.11886 86.69569 86.27446 85.85519 85.43792 85.02268 84.60949 84.19838 83.78936 83.38247 82.97771 82.57511 82.17467 81.77640 81.38032 80.98642 80.59473 80.20522 79.81792 79.43281 79.04989 78.66916 78.29061 77.91423 77.54001 77.16794 76.79801 76.43020 76.06450 75.70088 75.33934 74.97984 74.62237 74.26690 73.91341 73.56188 73.21228 72.86459 72.51876 72.17479 71.83263 71.49226 71.15365 70.81676 70.48156 70.14801 69.81610 69.48577 69.15700 68.82974 68.50397 68.17965 67.85674 67.53520 67.21499 66.89608 66.57843 66.26200 65.94675 65.63265 65.31964 65.00770 64.69677 64.38683 64.07784 63.76974 63.46250 63.15609 62.85045 62.54555 62.24135 61.93780 61.63486 61.33250 61.03067 60.72933 60.42843 60.12795 59.82782 59.52802 59.22850 58.92922 58.63014 58.33121 58.03240 57.73366 57.43495 57.13623 56.83745 56.53858 56.23957 55.94039 55.64098 55.34132 55.04135 54.74103 54.44033 54.13920 53.83761 53.53550 53.23284 52.92958 52.62569 52.32113 52.01584 51.70980 51.40296 51.09528 50.78672 50.47723 50.16678 49.85533 49.54284 49.22925 48.91454 48.59867 48.28159 47.96326 47.64365 47.32271 47.00040 46.67669 46.35153 46.02488 45.69671 45.36698 45.03564 44.70266 44.36801 44.03163 43.69349 43.35357 43.01180 42.66817 42.32263 41.97515 41.62569 41.27420 40.92067 40.56505 40.20730 39.84739 39.48529 39.12096 38.75437 38.38549 38.01428 37.64071 37.26475 36.88637 36.50554 36.12222 35.73640 35.34803 34.95711 34.56358 34.16744 33.76866 33.36721 32.96307 32.55621 32.14662 31.73428 31.31916 30.90125 30.48054 30.05700 29.63062 29.20140 28.76931 28.33436 27.89652 27.45580 27.01219 26.56569 26.11629 25.66399 25.20880 24.75072 24.28976 23.82592 23.35921 22.88965 22.41725 21.94202 21.46399 20.98317 20.49959 20.01327 19.52424 19.03253 18.53817 18.04120 17.54166 17.03958 16.53500 16.02798 15.51856 15.00679 14.49273 13.97642 13.45792 12.93730 12.41462 11.88995 11.36334 10.83487 10.30462 9.77265 9.23905 8.70388 8.16724 7.62920 7.08986 6.54928 6.00757 5.46481 4.92109 4.37650 3.83114 3.28510 2.73848 2.19137 1.64387 1.09608 0.54809 0.00000 
100.00000 99.54812 99.09632 98.64467 98.19326 97.74217 97.29146 96.84123 96.39154 95.94247 95.49410 95.04649 94.59973 94.15388 93.70900 93.26518 92.82247 92.38094 91.94066 91.50167 91.06405 90.62785 90.19313 89.75993 89.32831 88.89832 88.47001 88.04341 87.61858 87.19554 86.77435 86.35503 85.93761 85.52214 85.10863 84.69711 84.28762 83.88015 83.47475 83.07142 82.67019 82.27105 81.87403 81.47913 81.08637 80.69573 80.30724 79.92088 79.53666 79.15457 78.77462 78.39679 78.02107 77.64746 77.27595 76.90652 76.53916 76.17385 75.81058 75.44933 75.09008 74.73281 74.37749 74.02411 73.67264 73.32306 72.97534 72.62945 72.28536 71.94305 71.60249 71.26364 70.92648 70.59097 70.25709 69.92479 69.59405 69.26483 68.93710 68.61082 68.28595 67.96247 67.64032 67.31949 66.99992 66.68158 66.36444 66.04845 65.73357 65.41977 65.10702 64.79526 64.48446 64.17458 63.86557 63.55741 63.25005 62.94345 62.63756 62.33236 62.02779 61.72381 61.42039 61.11749 60.81506 60.51306 60.21145 59.91019 59.60923 59.30855 59.00809 58.70782 58.40768 58.10765 57.80768 57.50773 57.20775 56.90771 56.60757 56.30727 56.00679 55.70608 55.40510 55.10380 54.80216 54.50011 54.19763 53.89468 53.59120 53.28717 52.98253 52.67725 52.37129 52.06461 51.75716 51.44891 51.13981 50.82983 50.51892 50.20704 49.89415 49.58022 49.26519 48.94904 48.63172 48.31319 47.99341 47.67235 47.34996 47.02620 46.70103 46.37442 46.04632 45.71670 45.38552 45.05273 44.71831 44.38221 44.04440 43.70483 43.36348 43.02029 42.67524 42.32829 41.97941 41.62855 41.27568 40.92077 40.56377 40.20467 39.84342 39.47998 39.11433 38.74643 38.37625 38.00376 37.62893 37.25172 36.87210 36.49006 36.10555 35.71855 35.32904 34.93698 34.54234 34.14512 33.74528 33.34279 32.93764 32.52980 32.11926 31.70599 31.28998 30.87122 30.44967 30.02534 29.59820 29.16825 28.73548 28.29987 27.86143 27.42013 26.97599 26.52899 26.07915 25.62644 25.17089 24.71249 24.25126 23.78719 23.32031 22.85061 22.37813 21.90287 21.42485 20.94409 20.46062 19.97447 19.48566 18.99421 18.50017 18.00357 17.50445 17.00284 16.49879 15.99234 15.48355 14.97245 14.45911 13.94357 13.42589 12.90614 12.38437 11.86065 11.33505 10.80763 10.27846 9.74762 9.21518 8.68121 8.14581 7.60904 7.07099 6.53175 5.99140 5.45002 4.90771 4.36456 3.82065 3.27608 2.73094 2.18532 1.63933 1.09304 0.54657 0.00000 
100.00000 99.55104 99.10215 98.65342 98.20491 97.75671 97.30889 96.86152 96.41467 95.96843 95.52286 95.07803 94.63401 94.19088 93.74869 93.30752 92.86743 92.42847 91.99072 91.55423 91.11906 90.68527 90.25290 89.82201 89.39265 88.96487 88.53871 88.11421 87.69143 87.27039 86.85113 86.43369 86.01810 85.60439 85.19259 84.78273 84.37482 83.96889 83.56496 83.16304 82.76316 82.36532 81.96954 81.57582 81.18418 80.79461 80.40712 80.02171 79.63838 79.25713 78.87796 78.50085 78.12581 77.75282 77.38188 77.01296 76.64606 76.28117 75.91827 75.55733 75.19835 74.84130 74.48616 74.13291 73.78152 73.43198 73.08426 72.73832 72.39416 72.05172 71.71100 71.37195 71.03455 70.69877 70.36458 70.03194 69.70082 69.37119 69.04301 68.71625 68.39088 68.06686 67.74415 67.42272 67.10252 66.78354 66.46572 66.14902 65.83342 65.51888 65.20534 64.89278 64.58116 64.27044 63.96057 63.65153 63.34326 63.03573 62.72890 62.42273 62.11718 61.81221 61.50777 61.20384 60.90035 60.59729 60.29460 59.99225 59.69018 59.38838 59.08678 58.78535 58.48406 58.18285 57.88169 57.58054 57.27935 56.97808 56.67670 56.37517 56.07343 55.77145 55.46920 55.16662 54.86368 54.56033 54.25654 53.95227 53.64747 53.34210 53.03612 52.72950 52.42219 52.11414 51.80533 51.49571 51.18523 50.87387 50.56157 50.24830 49.93402 49.61869 49.30226 48.98471 48.66598 48.34604 48.02486 47.70238 47.37857 47.05340 46.72682 46.39880 46.06929 45.73825 45.40566 45.07147 44.73564 44.39814 44.05893 43.71797 43.37522 43.03065 42.68422 42.33590 41.98564 41.63342 41.27920 40.92295 40.56462 40.20419 39.84162 39.47689 39.10994 38.74077 38.36933 37.99559 37.61952 37.24109 36.86028 36.47705 36.09137 35.70323 35.31258 34.91942 34.52370 34.12542 33.72454 33.32104 32.91490 32.50610 32.09463 31.68046 31.26357 30.84396 30.42160 29.99648 29.56860 29.13794 28.70448 28.26823 27.82918 27.38732 26.94264 26.49516 26.04486 25.59175 25.13583 24.67710 24.21559 23.75129 23.28421 22.81437 22.34178 21.86647 21.38844 20.90773 20.42435 19.93833 19.44970 18.95850 18.46474 17.96847 17.46973 16.96855 16.46498 15.95906 15.45083 14.94036 14.42768 13.91286 13.39594 12.87699 12.35607 11.83325 11.30857 10.78212 10.25397 9.72418 9.19282 8.65999 8.12574 7.59016 7.05333 6.51533 5.97625 5.43617 4.89518 4.35337 3.81082 3.26762 2.72387 2.17965 1.63507 1.09020 0.54515 0.00000 
100.00000 99.55388 99.10784 98.66194 98.21626 97.77088 97.32586 96.88128 96.43721 95.99372 95.55088 95.10875 94.66742 94.22693 93.78737 93.34878 92.91124 92.47480 92.03953 91.60547 91.17270 90.74125 90.31119 89.88256 89.45541 89.02979 88.60575 88.18331 87.76254 87.34345 86.92610 86.51051 86.09671 85.68474 85.27462 84.86638 84.46004 84.05562 83.65315 83.25264 82.85409 82.45754 82.06299 81.67044 81.27991 80.89140 80.50491 80.12046 79.73802 79.35761 78.97923 78.60286 78.22850 77.85614 77.48577 77.11739 76.75097 76.38651 76.02398 75.66338 75.30469 74.94788 74.59294 74.23984 73.88856 73.53909 73.19139 72.84544 72.50122 72.15869 71.81783 71.47862 71.14101 70.80499 70.47052 70.13756 69.80610 69.47609 69.14750 68.82031 68.49446 68.16994 67.84670 67.52471 67.20393 66.88433 66.56587 66.24852 65.93223 65.61697 65.30270 64.98938 64.67697 64.36545 64.05476 63.74487 63.43573 63.12732 62.81959 62.51249 62.20600 61.90007 61.59466 61.28973 60.98524 60.68115 60.37742 60.07402 59.77089 59.46799 59.16530 58.86276 58.56035 58.25800 57.95569 57.65338 57.35102 57.04858 56.74600 56.44326 56.14031 55.83711 55.53362 55.22980 54.92561 54.62100 54.31594 54.01039 53.70430 53.39764 53.09037 52.78244 52.47381 52.16445 51.85431 51.54336 51.23155 50.91884 50.60520 50.29058 49.97495 49.65826 49.34047 49.02155 48.70146 48.38015 48.05759 47.73374 47.40856 47.08202 46.75406 46.42466 46.09378 45.76137 45.42741 45.09185 44.75465 44.41578 44.07521 43.73289 43.38878 43.04286 42.69509 42.34543 41.99384 41.64030 41.28476 40.92720 40.56757 40.20585 39.84200 39.47600 39.10780 38.73738 38.36470 37.98974 37.61247 37.23285 36.85087 36.46648 36.07967 35.69040 35.29866 34.90441 34.50764 34.10831 33.70642 33.30193 32.89482 32.48508 32.07269 31.65763 31.23989 30.81944 30.39629 29.97040 29.54178 29.11041 28.67628 28.23940 27.79974 27.35731 26.91211 26.46413 26.01338 25.55986 25.10357 24.64451 24.18271 23.71816 23.25087 22.78087 22.30817 21.83278 21.35473 20.87403 20.39072 19.90481 19.41634 18.92533 18.43182 17.93585 17.43744 16.93665 16.43351 15.92807 15.42037 14.91047 14.39840 13.88424 13.36802 12.84982 12.32968 11.80768 11.28388 10.75833 10.23112 9.70230 9.17196 8.64017 8.10700 7.57252 7.03683 6.50000 5.96210 5.42324 4.88348 4.34291 3.80163 3.25972 2.71726 2.17436 1.63108 1.08754 0.54382 0.00000 
100.00000 99.55665 99.11337 98.67024 98.22731 97.78467 97.34239 96.90053 96.45916 96.01836 95.57818 95.13869 94.69997 94.26207 93.82506 93.38900 92.95395 92.51997 92.08711 91.65544 91.22500 90.79586 90.36805 89.94163 89.51665 89.09315 88.67117 88.25076 87.83195 87.41479 86.99930 86.58553 86.17350 85.76323 85.35477 84.94813 84.54334 84.14042 83.73938 83.34025 82.94304 82.54776 82.15443 81.76305 81.37363 80.98617 80.60069 80.21718 79.83564 79.45608 79.07848 78.70286 78.32918 77.95747 77.58769 77.21984 76.85392 76.48990 76.12778 75.76753 75.40914 75.05259 74.69787 74.34495 73.99381 73.64442 73.29678 72.95084 72.60659 72.26399 71.92303 71.58367 71.24589 70.90966 70.57494 70.24171 69.90993 69.57957 69.25061 68.92301 68.59673 68.27174 67.94800 67.62549 67.30416 66.98399 66.66493 66.34694 66.03000 65.71407 65.39910 65.08506 64.77191 64.45962 64.14815 63.83745 63.52749 63.21823 62.90963 62.60166 62.29426 61.98742 61.68107 61.37519 61.06973 60.76466 60.45993 60.15551 59.85135 59.54742 59.24367 58.94006 58.63656 58.33312 58.02971 57.72628 57.42279 57.11920 56.81547 56.51157 56.20745 55.90306 55.59838 55.29335 54.98795 54.68212 54.37584 54.06905 53.76172 53.45381 53.14527 52.83608 52.52618 52.21554 51.90412 51.59187 51.27877 50.96476 50.64981 50.33388 50.01693 49.69892 49.37982 49.05957 48.73815 48.41551 48.09162 47.76644 47.43993 47.11204 46.78275 46.45201 46.11979 45.78605 45.45075 45.11386 44.77533 44.43514 44.09323 43.74959 43.40417 43.05694 42.70786 42.35689 42.00401 41.64918 41.29235 40.93351 40.57262 40.20964 39.84455 39.47730 39.10788 38.73624 38.36236 37.98622 37.60777 37.22699 36.84386 36.45834 36.07042 35.68006 35.28724 34.89194 34.49413 34.09379 33.69089 33.28543 32.87738 32.46672 32.05343 31.63750 31.21891 30.79765 30.37370 29.94706 29.51771 29.08564 28.65085 28.21333 27.77308 27.33009 26.88436 26.43589 25.98468 25.53074 25.07407 24.61468 24.15257 23.68776 23.22026 22.75008 22.27724 21.80176 21.32366 20.84296 20.35968 19.87385 19.38550 18.89466 18.40137 17.90565 17.40755 16.90710 16.40435 15.89934 15.39212 14.88273 14.37123 13.85767 13.34210 12.82458 12.30516 11.78392 11.26092 10.73621 10.20986 9.68196 9.15255 8.62173 8.08956 7.55611 7.02147 6.48572 5.94893 5.41119 4.87258 4.33318 3.79308 3.25236 2.71111 2.16942 1.62738 1.08507 0.54258 0.00000 
100.00000 99.55935 99.11877 98.67832 98.23808 97.79812 97.35850 96.91929 96.48056 96.04236 95.60478 95.16787 94.73170 94.29632 93.86181 93.42821 92.99559 92.56401 92.13352 91.70417 91.27602 90.84912 90.42352 89.99927 89.57640 89.15498 88.73503 88.31660 87.89973 87.48445 87.07080 86.65881 86.24851 85.83993 85.43310 85.02804 84.62478 84.22333 83.82372 83.42595 83.03006 82.63604 82.24392 81.85369 81.46538 81.07898 80.69449 80.31193 79.93129 79.55258 79.17578 78.80090 78.42792 78.05685 77.68768 77.32038 76.95497 76.59141 76.22970 75.86982 75.51176 75.15549 74.80101 74.44828 74.09729 73.74803 73.40045 73.05455 72.71030 72.36766 72.02663 71.68716 71.34923 71.01281 70.67788 70.34440 70.01234 69.68167 69.35236 69.02439 68.69770 68.37228 68.04809 67.72509 67.40325 67.08253 66.76291 66.44433 66.12678 65.81021 65.49458 65.17985 64.86600 64.55298 64.24076 63.92930 63.61855 63.30848 62.99906 62.69024 62.38199 62.07426 61.76702 61.46023 61.15384 60.84782 60.54214 60.23674 59.93160 59.62666 59.32190 59.01726 58.71272 58.40823 58.10374 57.79923 57.49465 57.18996 56.88513 56.58010 56.27484 55.96932 55.66348 55.35729 55.05072 54.74371 54.43624 54.12825 53.81972 53.51060 53.20084 52.89042 52.57929 52.26741 51.95474 51.64125 51.32689 51.01162 50.69540 50.37820 50.05998 49.74069 49.42030 49.09877 48.77606 48.45213 48.12695 47.80047 47.47266 47.14348 46.81289 46.48085 46.14733 45.81229 45.47570 45.13751 44.79769 44.45620 44.11301 43.76808 43.42138 43.07286 42.72251 42.37028 42.01613 41.66004 41.30197 40.94189 40.57976 40.21556 39.84924 39.48079 39.11017 38.73735 38.36230 37.98499 37.60540 37.22349 36.83924 36.45262 36.06361 35.67218 35.27831 34.88197 34.48314 34.08181 33.67795 33.27153 32.86255 32.45098 32.03681 31.62003 31.20061 30.77854 30.35382 29.92642 29.49635 29.06360 28.62815 28.19000 27.74915 27.30560 26.85934 26.41038 25.95871 25.50435 25.04729 24.58755 24.12514 23.66006 23.19232 22.72195 22.24896 21.77337 21.29519 20.81446 20.33119 19.84541 19.35716 18.86646 18.37334 17.87784 17.38000 16.87986 16.37745 15.87283 15.36604 14.85712 14.34612 13.83311 13.31812 12.80123 12.28248 11.76193 11.23966 10.71572 10.19018 9.66310 9.13457 8.60464 8.07339 7.54090 7.00723 6.47248 5.93671 5.40002 4.86247 4.32415 3.78514 3.24553 2.70540 2.16484 1.62394 1.08277 0.54143 0.00000 
100.00000 99.56198 99.12402 98.68620 98.24858 97.81122 97.37420 96.93757 96.50141 96.06577 95.63072 95.19632 94.76263 94.32971 93.89763 93.46644 93.03620 92.60696 92.17878 91.75170 91.32579 90.90109 90.47765 90.05551 89.63472 89.21533 88.79737 88.38089 87.96591 87.55248 87.14063 86.73040 86.32181 85.91489 85.50966 85.10616 84.70440 84.30441 83.90620 83.50979 83.11520 82.72243 82.33151 81.94243 81.55521 81.16986 80.78638 80.40476 80.02503 79.64716 79.27116 78.89703 78.52476 78.15435 77.78578 77.41905 77.05415 76.69107 76.32979 75.97030 75.61257 75.25661 74.90238 74.54988 74.19907 73.84994 73.50246 73.15662 72.81239 72.46974 72.12866 71.78910 71.45105 71.11448 70.77936 70.44566 70.11336 69.78241 69.45279 69.12447 68.79742 68.47160 68.14698 67.82353 67.50121 67.17999 66.85984 66.54071 66.22258 65.90540 65.58915 65.27378 64.95926 64.64555 64.33262 64.02043 63.70893 63.39810 63.08789 62.77826 62.46919 62.16062 61.85252 61.54486 61.23758 60.93066 60.62406 60.31773 60.01163 59.70574 59.39999 59.09437 58.78883 58.48332 58.17781 57.87226 57.56663 57.26088 56.95497 56.64886 56.34251 56.03588 55.72894 55.42163 55.11392 54.80578 54.49715 54.18801 53.87831 53.56802 53.25709 52.94548 52.63316 52.32008 52.00620 51.69150 51.37592 51.05943 50.74198 50.42355 50.10409 49.78356 49.46193 49.13915 48.81519 48.49001 48.16357 47.83584 47.50677 47.17633 46.84448 46.51118 46.17640 45.84010 45.50224 45.16279 44.82171 44.47897 44.13452 43.78834 43.44039 43.09064 42.73904 42.38557 42.03020 41.67289 41.31360 40.95231 40.58898 40.22358 39.85608 39.48646 39.11467 38.74069 38.36450 37.98606 37.60534 37.22233 36.83699 36.44929 36.05922 35.66674 35.27184 34.87449 34.47468 34.07237 33.66755 33.26020 32.85031 32.43785 32.02282 31.60519 31.18495 30.76209 30.33660 29.90847 29.47769 29.04425 28.60815 28.16938 27.72794 27.28382 26.83704 26.38758 25.93545 25.48066 25.02321 24.56311 24.10037 23.63501 23.16703 22.69644 22.22328 21.74755 21.26928 20.78849 20.30521 19.81946 19.33127 18.84067 18.34769 17.85238 17.35476 16.85488 16.35278 15.84849 15.34208 14.83357 14.32304 13.81051 13.29606 12.77973 12.26158 11.74167 11.22007 10.69683 10.17203 9.64572 9.11797 8.58887 8.05847 7.52685 6.99409 6.46025 5.92543 5.38969 4.85312 4.31580 3.77780 3.23922 2.70013 2.16061 1.62076 1.08065 0.54037 0.00000 
100.00000 99.56454 99.12915 98.69388 98.25881 97.82400 97.38950 96.95539 96.52173 96.08858 95.65600 95.22405 94.79279 94.36227 93.93257 93.50373 93.07580 92.64885 92.22293 91.79808 91.37435 90.95180 90.53047 90.11041 89.69165 89.27425 88.85824 88.44366 88.03055 87.61894 87.20886 86.80035 86.39343 85.98814 85.58450 85.18253 84.78226 84.38370 83.98688 83.59181 83.19851 82.80698 82.41725 82.02931 81.64319 81.25888 80.87639 80.49573 80.11689 79.73987 79.36468 78.99130 78.61975 78.25000 77.88205 77.51590 77.15153 76.78893 76.42809 76.06900 75.71164 75.35599 75.00204 74.64977 74.29916 73.95019 73.60284 73.25708 72.91290 72.57027 72.22916 71.88954 71.55140 71.21471 70.87943 70.54555 70.21302 69.88182 69.55192 69.22330 68.89591 68.56972 68.24471 67.92084 67.59808 67.27639 66.95574 66.63609 66.31742 65.99968 65.68284 65.36686 65.05171 64.73735 64.42375 64.11086 63.79866 63.48709 63.17613 62.86574 62.55588 62.24652 61.93760 61.62910 61.32098 61.01319 60.70571 60.39848 60.09148 59.78466 59.47798 59.17141 58.86490 58.55842 58.25192 57.94538 57.63874 57.33197 57.02502 56.71787 56.41047 56.10277 55.79475 55.48636 55.17757 54.86832 54.55859 54.24833 53.93751 53.62608 53.31401 53.00126 52.68778 52.37354 52.05850 51.74262 51.42586 51.10819 50.78956 50.46993 50.14928 49.82755 49.50471 49.18072 48.85555 48.52916 48.20150 47.87254 47.54225 47.21059 46.87751 46.54299 46.20699 45.86946 45.53038 45.18970 44.84740 44.50344 44.15778 43.81038 43.46122 43.11025 42.75745 42.40278 42.04621 41.68771 41.32724 40.96477 40.60027 40.23371 39.86506 39.49428 39.12136 38.74626 38.36895 37.98940 37.60760 37.22350 36.83709 36.44834 36.05723 35.66373 35.26783 34.86949 34.46870 34.06544 33.65969 33.25142 32.84064 32.42731 32.01142 31.59296 31.17192 30.74828 30.32203 29.89317 29.46168 29.02757 28.59082 28.15143 27.70939 27.26472 26.81740 26.36744 25.91485 25.45962 25.00178 24.54131 24.07824 23.61257 23.14433 22.67352 22.20017 21.72429 21.24590 20.76503 20.28170 19.79594 19.30778 18.81725 18.32439 17.82922 17.33178 16.83212 16.33028 15.82629 15.32020 14.81207 14.30194 13.78985 13.27587 12.76005 12.24245 11.72311 11.20212 10.67952 10.15538 9.62976 9.10274 8.57439 8.04476 7.51395 6.98201 6.44902 5.91506 5.38021 4.84454 4.30813 3.77106 3.23342 2.69527 2.15672 1.61783 1.07869 0.53939 0.00000 
100.00000 99.56704 99.13414 98.70137 98.26878 97.83645 97.40442 96.97277 96.54155 96.11082 95.68065 95.25109 94.82220 94.39403 93.96664 93.54010 93.11444 92.68972 92.26600 91.84332 91.42174 91.00129 90.58203 90.16399 89.74723 89.33178 88.91768 88.50497 88.09368 87.68386 87.27552 86.86870 86.46344 86.05975 85.65767 85.25721 84.85840 84.46127 84.06581 83.67207 83.28004 82.88974 82.50119 82.11439 81.72935 81.34608 80.96459 80.58487 80.20692 79.83076 79.45637 79.08376 78.71292 78.34385 77.97653 77.61096 77.24713 76.88504 76.52466 76.16598 75.80899 75.45368 75.10003 74.74802 74.39762 74.04883 73.70162 73.35598 73.01186 72.66927 72.32816 71.98852 71.65031 71.31352 70.97812 70.64407 70.31135 69.97994 69.64979 69.32089 68.99319 68.66667 68.34130 68.01705 67.69388 67.37175 67.05064 66.73051 66.41133 66.09306 65.77567 65.45912 65.14337 64.82840 64.51416 64.20062 63.88774 63.57548 63.26382 62.95270 62.64209 62.33196 62.02227 61.71297 61.40404 61.09542 60.78710 60.47902 60.17114 59.86344 59.55587 59.24838 58.94095 58.63354 58.32609 58.01859 57.71098 57.40322 57.09529 56.78713 56.47871 56.17000 55.86094 55.55151 55.24166 54.93136 54.62056 54.30922 53.99731 53.68479 53.37162 53.05776 52.74317 52.42781 52.11164 51.79463 51.47673 51.15791 50.83813 50.51735 50.19554 49.87264 49.54864 49.22348 48.89714 48.56956 48.24073 47.91059 47.57911 47.24626 46.91200 46.57629 46.23910 45.90038 45.56011 45.21825 44.87476 44.52961 44.18276 43.83419 43.48385 43.13171 42.77773 42.42190 42.06416 41.70450 41.34288 40.97926 40.61362 40.24593 39.87615 39.50426 39.13023 38.75403 38.37563 37.99501 37.61214 37.22699 36.83954 36.44976 36.05764 35.66314 35.26625 34.86694 34.46520 34.06100 33.65433 33.24517 32.83351 32.41932 32.00259 31.58332 31.16148 30.73707 30.31008 29.88049 29.44831 29.01352 28.57613 28.13612 27.69350 27.24826 26.80041 26.34995 25.89689 25.44122 24.98296 24.52212 24.05870 23.59272 23.12420 22.65315 22.17958 21.70353 21.22500 20.74402 20.26062 19.77483 19.28667 18.79618 18.30338 17.80832 17.31103 16.81155 16.30992 15.80618 15.30038 14.79257 14.28279 13.77109 13.25753 12.74216 12.22504 11.70622 11.18577 10.66374 10.14020 9.61522 9.08885 8.56118 8.03226 7.50217 6.97097 6.43876 5.90558 5.37154 4.83669 4.30111 3.76489 3.22811 2.69084 2.15316 1.61515 1.07691 0.53849 0.00000 
100.00000 99.56947 99.13901 98.70867 98.27851 97.84859 97.41897 96.98971 96.56087 96.13251 95.70469 95.27746 94.85088 94.42500 93.99988 93.57557 93.15213 92.72960 92.30803 91.88748 91.46799 91.04960 90.63236 90.21631 89.80150 89.38796 88.97573 88.56486 88.15536 87.74729 87.34066 86.93551 86.53187 86.12976 85.72921 85.33024 84.93288 84.53714 84.14305 83.75061 83.35984 82.97076 82.58338 82.19771 81.81375 81.43151 81.05101 80.67223 80.29519 79.91988 79.54630 79.17446 78.80434 78.43594 78.06926 77.70429 77.34101 76.97943 76.61952 76.26127 75.90468 75.54972 75.19638 74.84464 74.49448 74.14590 73.79885 73.45333 73.10932 72.76678 72.42570 72.08605 71.74781 71.41095 71.07545 70.74127 70.40839 70.07678 69.74642 69.41727 69.08930 68.76248 68.43679 68.11218 67.78863 67.46610 67.14457 66.82399 66.50433 66.18557 65.86766 65.55057 65.23427 64.91872 64.60388 64.28972 63.97620 63.66329 63.35095 63.03914 62.72783 62.41697 62.10653 61.79648 61.48678 61.17738 60.86825 60.55935 60.25064 59.94210 59.63366 59.32531 59.01699 58.70868 58.40033 58.09190 57.78336 57.47466 57.16577 56.85665 56.54726 56.23756 55.92751 55.61708 55.30622 54.99489 54.68306 54.37069 54.05773 53.74416 53.42992 53.11499 52.79933 52.48288 52.16563 51.84752 51.52852 51.20860 50.88771 50.56581 50.24288 49.91886 49.59372 49.26743 48.93995 48.61124 48.28126 47.94998 47.61735 47.28335 46.94794 46.61108 46.27273 45.93287 45.59144 45.24843 44.90379 44.55748 44.20949 43.85976 43.50828 43.15499 42.79988 42.44291 42.08405 41.72326 41.36051 40.99578 40.62903 40.26024 39.88936 39.51639 39.14128 38.76401 38.38455 38.00287 37.61896 37.23278 36.84431 36.45353 36.06042 35.66494 35.26709 34.86683 34.46416 34.05904 33.65147 33.24143 32.82890 32.41387 31.99632 31.57624 31.15362 30.72845 30.30072 29.87042 29.43755 29.00209 28.56405 28.12343 27.68022 27.23442 26.78603 26.33507 25.88152 25.42541 24.96673 24.50550 24.04172 23.57542 23.10660 22.63529 22.16149 21.68524 21.20654 20.72544 20.24194 19.75609 19.26790 18.77741 18.28465 17.78966 17.29247 16.79313 16.29167 15.78814 15.28258 14.77503 14.26556 13.75419 13.24100 12.72602 12.20932 11.69096 11.17099 10.64947 10.12647 9.60205 9.07627 8.54921 8.02092 7.49149 6.96097 6.42945 5.89699 5.36367 4.82956 4.29474 3.75929 3.22329 2.68681 2.14992 1.61272 1.07528 0.53768 0.00000 
100.00000 99.57185 99.14376 98.71578 98.28799 97.86042 97.43315 97.00623 96.57972 96.15367 95.72814 95.30318 94.87886 94.45522 94.03231 93.61019 93.18891 92.76851 92.34905 91.93058 91.51313 91.09675 90.68150 90.26740 89.85449 89.44283 89.03244 88.62336 88.21563 87.80927 87.40432 87.00081 86.59876 86.19821 85.79917 85.40167 85.00574 84.61138 84.21862 83.82748 83.43796 83.05009 82.66387 82.27931 81.89642 81.51522 81.13570 80.75786 80.38172 80.00726 79.63450 79.26342 78.89403 78.52632 78.16029 77.79592 77.43320 77.07214 76.71271 76.35491 75.99872 75.64413 75.29112 74.93968 74.58978 74.24142 73.89456 73.54919 73.20529 72.86284 72.52181 72.18218 71.84393 71.50703 71.17145 70.83717 70.50416 70.17239 69.84184 69.51247 69.18426 68.85717 68.53118 68.20625 67.88236 67.55946 67.23753 66.91654 66.59645 66.27723 65.95884 65.64125 65.32442 65.00832 64.69292 64.37818 64.06406 63.75053 63.43756 63.12509 62.81311 62.50156 62.19042 61.87965 61.56921 61.25906 60.94917 60.63949 60.32999 60.02064 59.71139 59.40220 59.09304 58.78387 58.47465 58.16534 57.85590 57.54630 57.23650 56.92645 56.61613 56.30548 55.99448 55.68308 55.37124 55.05893 54.74611 54.43274 54.11878 53.80419 53.48893 53.17297 52.85626 52.53878 52.22047 51.90131 51.58125 51.26026 50.93829 50.61532 50.29130 49.96619 49.63997 49.31258 48.98400 48.65418 48.32310 47.99071 47.65697 47.32186 46.98533 46.64736 46.30789 45.96691 45.62437 45.28023 44.93447 44.58706 44.23794 43.88711 43.53451 43.18012 42.82390 42.46582 42.10586 41.74397 41.38014 41.01432 40.64649 40.27662 39.90468 39.53065 39.15449 38.77617 38.39568 38.01298 37.62805 37.24087 36.85141 36.45964 36.06556 35.66912 35.27033 34.86914 34.46555 34.05954 33.65109 33.24018 32.82681 32.41094 31.99258 31.57171 31.14832 30.72239 30.29393 29.86292 29.42936 28.99325 28.55457 28.11333 27.66953 27.22316 26.77424 26.32276 25.86873 25.41216 24.95305 24.49142 24.02728 23.56063 23.09151 22.61991 22.14586 21.66939 21.19051 20.70925 20.22562 19.73967 19.25142 18.76091 18.26815 17.77320 17.27608 16.77683 16.27550 15.77213 15.26676 14.75944 14.25021 13.73913 13.22624 12.71161 12.19528 11.67731 11.15776 10.63669 10.11417 9.59024 9.06499 8.53846 8.01074 7.48189 6.95198 6.42107 5.88925 5.35658 4.82314 4.28901 3.75425 3.21895 2.68317 2.14701 1.61053 1.07382 0.53695 0.00000 
100.00000 99.57417 99.14839 98.72273 98.29723 97.87197 97.44699 97.02235 96.59810 96.17431 95.75101 95.32828 94.90616 94.48470 94.06395 93.64397 93.22480 92.80649 92.38909 91.97265 91.55720 91.14280 90.72948 90.31728 89.90625 89.49643 89.08784 88.68052 88.27451 87.86984 87.46655 87.06464 86.66417 86.26514 85.86760 85.47155 85.07701 84.68402 84.29258 83.90272 83.51444 83.12776 82.74269 82.35924 81.97742 81.59724 81.21870 80.84180 80.46656 80.09296 79.72101 79.35071 78.98205 78.61503 78.24965 77.88589 77.52375 77.16322 76.80429 76.44695 76.09118 75.73697 75.38431 75.03317 74.68355 74.33543 73.98878 73.64358 73.29983 72.95748 72.61653 72.27694 71.93870 71.60178 71.26616 70.93180 70.59869 70.26679 69.93608 69.60652 69.27810 68.95077 68.62452 68.29930 67.97509 67.65186 67.32957 67.00820 66.68770 66.36805 66.04921 65.73116 65.41384 65.09724 64.78131 64.46602 64.15134 63.83723 63.52365 63.21057 62.89795 62.58576 62.27395 61.96250 61.65136 61.34050 61.02988 60.71946 60.40921 60.09908 59.78905 59.47907 59.16910 58.85911 58.54906 58.23890 57.92861 57.61815 57.30747 56.99654 56.68531 56.37376 56.06184 55.74951 55.43674 55.12349 54.80972 54.49538 54.18045 53.86488 53.54864 53.23169 52.91399 52.59550 52.27618 51.95600 51.63491 51.31289 50.98989 50.66588 50.34081 50.01465 49.68737 49.35893 49.02928 48.69840 48.36625 48.03279 47.69798 47.36179 47.02418 46.68512 46.34458 46.00251 45.65888 45.31367 44.96683 44.61833 44.26813 43.91621 43.56253 43.20707 42.84977 42.49063 42.12959 41.76665 41.40175 41.03488 40.66600 40.29508 39.92211 39.54704 39.16985 38.79052 38.40902 38.02532 37.63940 37.25123 36.86080 36.46808 36.07304 35.67568 35.27595 34.87386 34.46938 34.06248 33.65317 33.24141 32.82720 32.41051 31.99135 31.56970 31.14554 30.71888 30.28969 29.85798 29.42374 28.98696 28.54765 28.10579 27.66140 27.21447 26.76500 26.31301 25.85849 25.40145 24.94191 24.47986 24.01533 23.54833 23.07888 22.60698 22.13267 21.65595 21.17686 20.69541 20.21164 19.72557 19.23722 18.74664 18.25385 17.75890 17.26180 16.76261 16.26137 15.75812 15.25289 14.74574 14.23672 13.72587 13.21324 12.69889 12.18287 11.66524 11.14606 10.62537 10.10326 9.57977 9.05496 8.52892 8.00169 7.47335 6.94397 6.41362 5.88236 5.35027 4.81743 4.28389 3.74975 3.21507 2.67993 2.14441 1.60858 1.07251 0.53630 0.00000 
100.00000 99.57643 99.15291 98.72950 98.30625 97.88323 97.46049 97.03807 96.61603 96.19444 95.77333 95.35277 94.93279 94.51346 94.09483 93.67693 93.25983 92.84356 92.42818 92.01372 91.60023 91.18776 90.77633 90.36601 89.95681 89.54878 89.14196 88.73638 88.33206 87.92905 87.52737 87.12706 86.72812 86.33061 85.93452 85.53990 85.14675 84.75511 84.36497 83.97637 83.58932 83.20382 82.81989 82.43755 82.05679 81.67762 81.30006 80.92410 80.54975 80.17701 79.80588 79.43635 79.06843 78.70211 78.33738 77.97425 77.61269 77.25270 76.89428 76.53741 76.18207 75.82826 75.47596 75.12516 74.77583 74.42797 74.08154 73.73654 73.39295 73.05073 72.70988 72.37036 72.03216 71.69525 71.35960 71.02520 70.69201 70.36000 70.02916 69.69945 69.37084 69.04331 68.71682 68.39134 68.06685 67.74332 67.42070 67.09898 66.77811 66.45807 66.13882 65.82032 65.50256 65.18548 64.86906 64.55326 64.23805 63.92339 63.60925 63.29559 62.98237 62.66956 62.35713 62.04503 61.73323 61.42169 61.11038 60.79926 60.48829 60.17744 59.86666 59.55592 59.24518 58.93441 58.62357 58.31261 58.00151 57.69021 57.37869 57.06691 56.75483 56.44241 56.12961 55.81640 55.50273 55.18857 54.87388 54.55863 54.24277 53.92626 53.60907 53.29117 52.97250 52.65304 52.33275 52.01159 51.68952 51.36650 51.04251 50.71749 50.39141 50.06425 49.73595 49.40648 49.07581 48.74390 48.41071 48.07621 47.74036 47.40313 47.06448 46.72438 46.38279 46.03967 45.69500 45.34873 45.00084 44.65129 44.30005 43.94708 43.59236 43.23584 42.87751 42.51732 42.15525 41.79127 41.42534 41.05744 40.68754 40.31561 39.94162 39.56555 39.18736 38.80704 38.42456 38.03988 37.65299 37.26387 36.87249 36.47883 36.08287 35.68459 35.28396 34.88097 34.47561 34.06785 33.65768 33.24509 32.83006 32.41257 31.99262 31.57020 31.14529 30.71788 30.28798 29.85557 29.42065 28.98322 28.54327 28.10080 27.65581 27.20831 26.75830 26.30578 25.85076 25.39325 24.93326 24.47079 24.00586 23.53849 23.06869 22.59648 22.12187 21.64489 21.16556 20.68391 20.19995 19.71373 19.22526 18.73458 18.24173 17.74673 17.24963 16.75046 16.24926 15.74607 15.24095 14.73393 14.22506 13.71438 13.20196 12.68784 12.17208 11.65473 11.13585 10.61549 10.09372 9.57060 9.04619 8.52055 7.99375 7.46586 6.93694 6.40707 5.87630 5.34472 4.81239 4.27939 3.74579 3.21166 2.67708 2.14212 1.60685 1.07136 0.53572 0.00000 
100.00000 99.57863 99.15731 98.73610 98.31505 97.89422 97.47365 97.05341 96.63353 96.21408 95.79511 95.37666 94.95879 94.54154 94.12496 93.70911 93.29402 92.87975 92.46633 92.05382 91.64225 91.23166 90.82210 90.41360 90.00620 89.59994 89.19485 88.79096 88.38831 87.98693 87.58684 87.18808 86.79067 86.39463 85.99999 85.60678 85.21500 84.82468 84.43584 84.04848 83.66264 83.27831 82.89552 82.51426 82.13456 81.75641 81.37982 81.00479 80.63134 80.25945 79.88914 79.52039 79.15321 78.78759 78.42353 78.06102 77.70006 77.34063 76.98272 76.62633 76.27145 75.91805 75.56613 75.21567 74.86665 74.51907 74.17289 73.82810 73.48469 73.14263 72.80189 72.46247 72.12433 71.78745 71.45181 71.11738 70.78414 70.45206 70.12111 69.79127 69.46251 69.13480 68.80810 68.48240 68.15766 67.83385 67.51094 67.18890 66.86770 66.54729 66.22766 65.90877 65.59059 65.27307 64.95619 64.63992 64.32422 64.00904 63.69437 63.38017 63.06639 62.75300 62.43997 62.12727 61.81484 61.50267 61.19071 60.87892 60.56727 60.25572 59.94424 59.63278 59.32131 59.00980 58.69819 58.38647 58.07459 57.76251 57.45019 57.13760 56.82469 56.51144 56.19780 55.88374 55.56921 55.25419 54.93862 54.62248 54.30573 53.98832 53.67023 53.35140 53.03182 52.71143 52.39020 52.06809 51.74507 51.42110 51.09615 50.77016 50.44312 50.11497 49.78569 49.45524 49.12358 48.79067 48.45649 48.12099 47.78414 47.44590 47.10624 46.76513 46.42253 46.07840 45.73271 45.38542 45.03652 44.68595 44.33369 43.97971 43.62397 43.26644 42.90710 42.54590 42.18282 41.81783 41.45091 41.08201 40.71112 40.33820 39.96323 39.58618 39.20702 38.82573 38.44229 38.05666 37.66883 37.27877 36.88647 36.49189 36.09502 35.69584 35.29433 34.89047 34.48424 34.07564 33.66463 33.25121 32.83537 32.41709 31.99636 31.57318 31.14752 30.71939 30.28878 29.85568 29.42008 28.98199 28.54141 28.09832 27.65274 27.20467 26.75411 26.30106 25.84553 25.38754 24.92708 24.46418 23.99884 23.53108 23.06092 22.58837 22.11345 21.63618 21.15659 20.67470 20.19054 19.70413 19.21551 18.72471 18.23175 17.73667 17.23952 16.74033 16.23913 15.73597 15.23090 14.72396 14.21519 13.70465 13.19238 12.67844 12.16288 11.64575 11.12711 10.60702 10.08554 9.56272 9.03864 8.51335 7.98691 7.45940 6.93087 6.40141 5.87106 5.33992 4.80804 4.27549 3.74236 3.20870 2.67460 2.14013 1.60536 1.07036 0.53522 0.00000 
100.00000 99.58078 99.16161 98.74255 98.32364 97.90494 97.48650 97.06837 96.65060 96.23325 95.81636 95.39998 94.98415 94.56894 94.15438 93.74052 93.32741 92.91508 92.50359 92.09298 91.68328 91.27454 90.86680 90.46009 90.05446 89.64992 89.24653 88.84431 88.44329 88.04351 87.64499 87.24776 86.85184 86.45726 86.06405 85.67221 85.28178 84.89278 84.50521 84.11909 83.73445 83.35128 82.96961 82.58944 82.21077 81.83363 81.45801 81.08392 80.71136 80.34033 79.97083 79.60287 79.23643 78.87152 78.50813 78.14626 77.78590 77.42703 77.06965 76.71376 76.35933 76.00636 75.65484 75.30474 74.95605 74.60876 74.26285 73.91829 73.57508 73.23319 72.89260 72.55329 72.21524 71.87842 71.54281 71.20838 70.87512 70.54299 70.21196 69.88202 69.55313 69.22527 68.89840 68.57251 68.24755 67.92350 67.60032 67.27799 66.95648 66.63575 66.31578 65.99652 65.67795 65.36003 65.04273 64.72601 64.40985 64.09420 63.77904 63.46432 63.15001 62.83609 62.52250 62.20922 61.89621 61.58344 61.27086 60.95844 60.64615 60.33394 60.02179 59.70965 59.39749 59.08527 58.77295 58.46050 58.14787 57.83504 57.52196 57.20859 56.89491 56.58086 56.26642 55.95155 55.63620 55.32035 55.00394 54.68695 54.36934 54.05108 53.73211 53.41241 53.09194 52.77065 52.44853 52.12552 51.80159 51.47670 51.15081 50.82390 50.49592 50.16683 49.83661 49.50521 49.17259 48.83873 48.50359 48.16712 47.82930 47.49010 47.14946 46.80737 46.46379 46.11868 45.77201 45.42375 45.07386 44.72231 44.36906 44.01410 43.65737 43.29887 42.93854 42.57636 42.21231 41.84635 41.47845 41.10858 40.73672 40.36284 39.98691 39.60891 39.22881 38.84658 38.46220 38.07565 37.68690 37.29592 36.90271 36.50724 36.10948 35.70943 35.30705 34.90233 34.49526 34.08582 33.67399 33.25977 32.84313 32.42407 32.00257 31.57863 31.15224 30.72339 30.29207 29.85828 29.42201 28.98327 28.54205 28.09835 27.65217 27.20352 26.75240 26.29882 25.84278 25.38429 24.92336 24.46001 23.99424 23.52608 23.05553 22.58263 22.10737 21.62980 21.14992 20.66777 20.18338 19.69676 19.20795 18.71698 18.22388 17.72870 17.23146 16.73220 16.23096 15.72779 15.22273 14.71582 14.20711 13.69665 13.18448 12.67066 12.15524 11.63828 11.11983 10.59995 10.07869 9.55612 9.03230 8.50728 7.98114 7.45394 6.92575 6.39662 5.86663 5.33585 4.80434 4.27218 3.73944 3.20619 2.67250 2.13844 1.60409 1.06951 0.53479 0.00000 
100.00000 99.58288 99.16581 98.74883 98.33202 97.91540 97.49904 97.08297 96.66727 96.25196 95.83710 95.42273 95.00891 94.59569 94.18309 93.77118 93.36000 92.94958 92.53998 92.13122 91.72336 91.31643 90.91047 90.50552 90.10160 89.69877 89.29704 88.89646 88.49704 88.09883 87.70185 87.30612 86.91167 86.51853 86.12672 85.73625 85.34715 84.95944 84.57313 84.18823 83.80477 83.42276 83.04219 82.66310 82.28548 81.90934 81.53468 81.16152 80.78985 80.41968 80.05100 79.68382 79.31813 78.95393 78.59122 78.22999 77.87023 77.51194 77.15511 76.79972 76.44577 76.09324 75.74212 75.39239 75.04405 74.69707 74.35144 74.00714 73.66416 73.32246 72.98204 72.64286 72.30492 71.96818 71.63262 71.29822 70.96496 70.63281 70.30173 69.97172 69.64273 69.31475 68.98774 68.66168 68.33653 68.01226 67.68886 67.36628 67.04449 66.72347 66.40317 66.08358 65.76466 65.44637 65.12868 64.81155 64.49497 64.17888 63.86325 63.54806 63.23327 62.91883 62.60473 62.29091 61.97735 61.66401 61.35085 61.03784 60.72494 60.41212 60.09933 59.78655 59.47373 59.16084 58.84784 58.53470 58.22137 57.90782 57.59402 57.27992 56.96549 56.65069 56.33548 56.01983 55.70370 55.38705 55.06985 54.75205 54.43363 54.11453 53.79473 53.47419 53.15287 52.83073 52.50774 52.18386 51.85906 51.53329 51.20652 50.87871 50.54983 50.21984 49.88871 49.55639 49.22286 48.88808 48.55201 48.21461 47.87586 47.53572 47.19415 46.85112 46.50659 46.16053 45.81291 45.46370 45.11286 44.76036 44.40616 44.05025 43.69257 43.33311 42.97183 42.60871 42.24371 41.87680 41.50795 41.13715 40.76435 40.38954 40.01268 39.63375 39.25273 38.86958 38.48429 38.09683 37.70718 37.31532 36.92123 36.52488 36.12625 35.72534 35.32211 34.91655 34.50865 34.09839 33.68575 33.27073 32.85331 32.43348 32.01122 31.58654 31.15942 30.72985 30.29783 29.86335 29.42642 28.98702 28.54517 28.10085 27.65408 27.20484 26.75316 26.29903 25.84247 25.38348 24.92207 24.45825 23.99204 23.52346 23.05252 22.57923 22.10362 21.62572 21.14553 20.66310 20.17843 19.69157 19.20255 18.71138 18.21812 17.72278 17.22541 16.72605 16.22473 15.72150 15.21641 14.70948 14.20078 13.69034 13.17823 12.66448 12.14915 11.63230 11.11398 10.59425 10.07316 9.55077 9.02715 8.50235 7.97644 7.44949 6.92155 6.39269 5.86299 5.33250 4.80130 4.26946 3.73704 3.20412 2.67076 2.13704 1.60304 1.06881 0.53444 0.00000 
100.00000 99.58492 99.16990 98.75497 98.34019 97.92561 97.51127 97.09723 96.68353 96.27021 95.85734 95.44495 95.03309 94.62180 94.21113 93.80112 93.39182 92.98327 92.57551 92.16857 91.76251 91.35735 90.95314 90.54990 90.14768 89.74651 89.34641 88.94743 88.54959 88.15292 87.75745 87.36320 86.97020 86.57848 86.18804 85.79892 85.41113 85.02470 84.63963 84.25594 83.87366 83.49278 83.11332 82.73529 82.35870 81.98355 81.60986 81.23762 80.86685 80.49753 80.12967 79.76328 79.39834 79.03486 78.67283 78.31225 77.95311 77.59540 77.23912 76.88425 76.53078 76.17870 75.82801 75.47867 75.13069 74.78405 74.43872 74.09469 73.75194 73.41046 73.07022 72.73121 72.39339 72.05676 71.72128 71.38694 71.05370 70.72155 70.39045 70.06039 69.73134 69.40326 69.07613 68.74993 68.42462 68.10018 67.77657 67.45377 67.13174 66.81045 66.48988 66.16998 65.85074 65.53211 65.21406 64.89657 64.57959 64.26309 63.94705 63.63141 63.31616 63.00126 62.68667 62.37235 62.05827 61.74440 61.43070 61.11713 60.80367 60.49026 60.17688 59.86349 59.55005 59.23652 58.92288 58.60908 58.29509 57.98086 57.66637 57.35158 57.03644 56.72092 56.40499 56.08860 55.77173 55.45432 55.13635 54.81779 54.49858 54.17869 53.85810 53.53675 53.21462 52.89167 52.56785 52.24314 51.91750 51.59088 51.26326 50.93460 50.60486 50.27400 49.94199 49.60880 49.27439 48.93872 48.60176 48.26347 47.92382 47.58277 47.24029 46.89635 46.55092 46.20395 45.85542 45.50529 45.15353 44.80011 44.44499 44.08815 43.72956 43.36918 43.00698 42.64293 42.27701 41.90919 41.53943 41.16771 40.79400 40.41828 40.04052 39.66069 39.27877 38.89473 38.50855 38.12021 37.72969 37.33696 36.94200 36.54479 36.14532 35.74356 35.33950 34.93312 34.52440 34.11334 33.69991 33.28410 32.86591 32.44531 32.02231 31.59689 31.16904 30.73876 30.30605 29.87089 29.43329 28.99325 28.55075 28.10582 27.65844 27.20862 26.75637 26.30169 25.84459 25.38509 24.92318 24.45889 23.99222 23.52320 23.05184 22.57816 22.10218 21.62391 21.14340 20.66065 20.17569 19.68856 19.19928 18.70789 18.21442 17.71889 17.22136 16.72186 16.22042 15.71709 15.21191 14.70492 14.19618 13.68573 13.17361 12.65988 12.14459 11.62779 11.10955 10.58990 10.06892 9.54665 9.02317 8.49853 7.97279 7.44601 6.91827 6.38962 5.86013 5.32987 4.79891 4.26731 3.73514 3.20248 2.66938 2.13594 1.60220 1.06825 0.53416 0.00000 
100.00000 99.58692 99.17389 98.76096 98.34817 97.93557 97.52321 97.11114 96.69940 96.28804 95.87710 95.46663 95.05668 94.64729 94.23850 93.83036 93.42290 93.01617 92.61021 92.20506 91.80075 91.39733 90.99482 90.59327 90.19271 89.79316 89.39468 88.99727 88.60098 88.20582 87.81184 87.41904 87.02747 86.63713 86.24805 85.86026 85.47377 85.08859 84.70475 84.32226 83.94113 83.56138 83.18301 82.80604 82.43048 82.05632 81.68359 81.31227 80.94238 80.57392 80.20689 79.84128 79.47710 79.11434 78.75300 78.39307 78.03456 77.67744 77.32171 76.96737 76.61440 76.26279 75.91253 75.56361 75.21600 74.86970 74.52469 74.18095 73.83847 73.49722 73.15719 72.81835 72.48069 72.14419 71.80881 71.47454 71.14136 70.80923 70.47814 70.14806 69.81896 69.49082 69.16361 68.83730 68.51186 68.18726 67.86348 67.54048 67.21824 66.89672 66.57590 66.25574 65.93620 65.61727 65.29890 64.98107 64.66373 64.34686 64.03042 63.71439 63.39872 63.08338 62.76833 62.45355 62.13899 61.82463 61.51042 61.19633 60.88233 60.56838 60.25444 59.94047 59.62645 59.31233 58.99808 58.68367 58.36904 58.05418 57.73904 57.42358 57.10777 56.79157 56.47495 56.15786 55.84028 55.52216 55.20346 54.88416 54.56421 54.24358 53.92222 53.60011 53.27720 52.95347 52.62886 52.30335 51.97691 51.64948 51.32105 50.99157 50.66100 50.32931 49.99647 49.66243 49.32717 48.99065 48.65283 48.31368 47.97317 47.63126 47.28791 46.94310 46.59678 46.24893 45.89952 45.54850 45.19586 44.84155 44.48555 44.12782 43.76833 43.40706 43.04397 42.67904 42.31223 41.94351 41.57287 41.20026 40.82567 40.44907 40.07043 39.68972 39.30693 38.92202 38.53498 38.14578 37.75440 37.36082 36.96502 36.56697 36.16667 35.76409 35.35921 34.95202 34.54251 34.13065 33.71644 33.29986 32.88091 32.45956 32.03582 31.60967 31.18110 30.75012 30.31671 29.88088 29.44261 29.00191 28.55878 28.11323 27.66524 27.21483 26.76200 26.30677 25.84913 25.38909 24.92668 24.46190 23.99476 23.52529 23.05349 22.57939 22.10301 21.62437 21.14349 20.66040 20.17513 19.68769 19.19813 18.70648 18.21276 17.71702 17.21929 16.71960 16.21800 15.71452 15.20922 14.70213 14.19330 13.68277 13.17060 12.65684 12.14154 11.62474 11.10651 10.58690 10.06596 9.54376 9.02036 8.49580 7.97017 7.44351 6.91589 6.38738 5.85804 5.32794 4.79715 4.26572 3.73374 3.20126 2.66837 2.13512 1.60158 1.06784 0.53396 0.00000 
100.00000 99.58887 99.17779 98.76680 98.35596 97.94529 97.53487 97.12472 96.71489 96.30543 95.89639 95.48781 95.07972 94.67218 94.26523 93.85891 93.45325 93.04831 92.64411 92.24070 91.83811 91.43639 91.03555 90.63565 90.23671 89.83877 89.44185 89.04599 88.65122 88.25755 87.86503 87.47366 87.08349 86.69452 86.30678 85.92030 85.53508 85.15115 84.76852 84.38721 84.00723 83.62860 83.25132 82.87540 82.50085 82.12768 81.75589 81.38550 81.01650 80.64889 80.28267 79.91786 79.55443 79.19240 78.83175 78.47249 78.11460 77.75809 77.40293 77.04913 76.69667 76.34554 75.99573 75.64722 75.30001 74.95407 74.60939 74.26596 73.92376 73.58277 73.24296 72.90433 72.56684 72.23048 71.89523 71.56107 71.22796 70.89589 70.56483 70.23475 69.90564 69.57746 69.25019 68.92379 68.59825 68.27353 67.94961 67.62645 67.30403 66.98231 66.66127 66.34087 66.02108 65.70187 65.38321 65.06507 64.74741 64.43020 64.11341 63.79700 63.48094 63.16520 62.84974 62.53453 62.21953 61.90470 61.59002 61.27545 60.96095 60.64649 60.33202 60.01752 59.70295 59.38828 59.07346 58.75846 58.44324 58.12778 57.81202 57.49594 57.17950 56.86265 56.54538 56.22763 55.90937 55.59057 55.27119 54.95119 54.63053 54.30918 53.98710 53.66426 53.34062 53.01613 52.69078 52.36451 52.03730 51.70910 51.37989 51.04962 50.71826 50.38578 50.05214 49.71729 49.38122 49.04388 48.70524 48.36527 48.02393 47.68118 47.33700 46.99134 46.64418 46.29549 45.94522 45.59336 45.23986 44.88469 44.52783 44.16925 43.80890 43.44677 43.08282 42.71702 42.34935 41.97977 41.60827 41.23481 40.85936 40.48190 40.10240 39.72085 39.33720 38.95145 38.56357 38.17353 37.78132 37.38691 36.99028 36.59142 36.19030 35.78692 35.38124 34.97326 34.56296 34.15032 33.73534 33.31801 32.89830 32.47621 32.05173 31.62486 31.19559 30.76390 30.32981 29.89330 29.45437 29.01302 28.56925 28.12306 27.67447 27.22346 26.77005 26.31425 25.85606 25.39549 24.93255 24.46727 23.99964 23.52970 23.05745 22.58291 22.10611 21.62706 21.14580 20.66234 20.17672 19.68896 19.19908 18.70714 18.21314 17.71714 17.21917 16.71925 16.21745 15.71379 15.20831 14.70107 14.19210 13.68146 13.16919 12.65535 12.13997 11.62312 11.10485 10.58522 10.06427 9.54208 9.01869 8.49416 7.96857 7.44196 6.91441 6.38598 5.85672 5.32671 4.79602 4.26470 3.73283 3.20047 2.66770 2.13458 1.60118 1.06757 0.53382 0.00000 
100.00000 99.59078 99.18160 98.77251 98.36356 97.95479 97.54624 97.13797 96.73001 96.32242 95.91522 95.50848 95.10222 94.69649 94.29133 93.88679 93.48289 93.07969 92.67722 92.27552 91.87461 91.47455 91.07536 90.67707 90.27973 89.88335 89.48798 89.09364 88.70035 88.30815 87.91706 87.52710 87.13830 86.75068 86.36427 85.97907 85.59511 85.21241 84.83098 84.45084 84.07200 83.69446 83.31826 82.94338 82.56984 82.19765 81.82681 81.45733 81.08922 80.72246 80.35707 79.99304 79.63038 79.26908 78.90913 78.55053 78.19328 77.83738 77.48280 77.12954 76.77760 76.42696 76.07762 75.72954 75.38274 75.03718 74.69286 74.34975 74.00785 73.66713 73.32757 72.98915 72.65187 72.31568 71.98058 71.64653 71.31353 70.98153 70.65053 70.32048 69.99138 69.66319 69.33589 69.00944 68.68382 68.35901 68.03498 67.71169 67.38911 67.06722 66.74599 66.42538 66.10537 65.78593 65.46701 65.14859 64.83064 64.51313 64.19601 63.87927 63.56286 63.24675 62.93090 62.61530 62.29989 61.98464 61.66952 61.35450 61.03954 60.72460 60.40965 60.09465 59.77957 59.46437 59.14901 58.83347 58.51770 58.20167 57.88533 57.56866 57.25162 56.93418 56.61628 56.29791 55.97902 55.65957 55.33953 55.01887 54.69754 54.37552 54.05275 53.72922 53.40487 53.07968 52.75361 52.42662 52.09868 51.76975 51.43979 51.10877 50.77666 50.44342 50.10900 49.77339 49.43654 49.09842 48.75900 48.41823 48.07609 47.73254 47.38756 47.04109 46.69312 46.34361 45.99253 45.63985 45.28553 44.92954 44.57185 44.21243 43.85126 43.48829 43.12351 42.75688 42.38838 42.01797 41.64563 41.27134 40.89506 40.51677 40.13644 39.75406 39.36959 38.98302 38.59432 38.20346 37.81044 37.41522 37.01779 36.61813 36.21621 35.81204 35.40558 34.99682 34.58574 34.17235 33.75661 33.33852 32.91807 32.49525 32.07005 31.64246 31.21248 30.78010 30.34532 29.90813 29.46854 29.02654 28.58213 28.13532 27.68611 27.23450 26.78050 26.32412 25.86536 25.40425 24.94078 24.47497 24.00685 23.53641 23.06369 22.58869 22.11145 21.63198 21.15031 20.66645 20.18045 19.69233 19.20211 18.70984 18.21553 17.71923 17.22098 16.72081 16.21876 15.71487 15.20918 14.70174 14.19259 13.68178 13.16936 12.65538 12.13988 11.62293 11.10456 10.58485 10.06383 9.54158 9.01815 8.49360 7.96798 7.44137 6.91382 6.38539 5.85615 5.32617 4.79551 4.26423 3.73240 3.20010 2.66738 2.13432 1.60098 1.06744 0.53375 0.00000 
100.00000 99.59263 99.18531 98.77808 98.37098 97.96405 97.55735 97.15091 96.74478 96.33900 95.93361 95.52866 95.12418 94.72022 94.31682 93.91402 93.51185 93.11035 92.70957 92.30953 91.91028 91.51184 91.11426 90.71756 90.32177 89.92694 89.53308 89.14022 88.74840 88.35763 87.96795 87.57938 87.19194 86.80565 86.42053 86.03661 85.65389 85.27240 84.89216 84.51317 84.13545 83.75901 83.38387 83.01002 82.63749 82.26627 81.89638 81.52781 81.16058 80.79467 80.43010 80.06687 79.70497 79.34440 78.98515 78.62723 78.27063 77.91534 77.56135 77.20865 76.85724 76.50710 76.15823 75.81061 75.46422 75.11906 74.77510 74.43234 74.09075 73.75032 73.41103 73.07286 72.73579 72.39980 72.06486 71.73097 71.39808 71.06619 70.73527 70.40528 70.07622 69.74804 69.42073 69.09426 68.76860 68.44372 68.11960 67.79621 67.47351 67.15148 66.83009 66.50931 66.18911 65.86945 65.55031 65.23165 64.91344 64.59565 64.27825 63.96120 63.64447 63.32803 63.01184 62.69587 62.38008 62.06445 61.74893 61.43349 61.11810 60.80272 60.48732 60.17186 59.85630 59.54062 59.22477 58.90871 58.59242 58.27586 57.95898 57.64176 57.32416 57.00614 56.68767 56.36871 56.04922 55.72916 55.40851 55.08722 54.76526 54.44259 54.11918 53.79499 53.46998 53.14411 52.81736 52.48969 52.16105 51.83142 51.50076 51.16902 50.83619 50.50222 50.16708 49.83073 49.49314 49.15427 48.81409 48.47257 48.12967 47.78535 47.43959 47.09236 46.74361 46.39332 46.04145 45.68798 45.33286 44.97608 44.61760 44.25738 43.89541 43.53164 43.16606 42.79862 42.42931 42.05810 41.68496 41.30985 40.93277 40.55367 40.17255 39.78936 39.40409 39.01672 38.62722 38.23557 37.84175 37.44574 37.04753 36.64708 36.24439 35.83944 35.43221 35.02269 34.61086 34.19671 33.78023 33.36140 32.94022 32.51667 32.09076 31.66246 31.23178 30.79871 30.36324 29.92538 29.48513 29.04247 28.59742 28.14998 27.70014 27.24793 26.79333 26.33636 25.87704 25.41536 24.95135 24.48501 24.01636 23.54542 23.07220 22.59673 22.11902 21.63910 21.15699 20.67272 20.18631 19.69780 19.20720 18.71457 18.21992 17.72329 17.22472 16.72424 16.22191 15.71774 15.21180 14.70412 14.19474 13.68372 13.17110 12.65693 12.14125 11.62414 11.10563 10.58577 10.06464 9.54227 9.01874 8.49409 7.96840 7.44171 6.91410 6.38561 5.85633 5.32631 4.79561 4.26431 3.73246 3.20014 2.66741 2.13434 1.60099 1.06744 0.53375 0.00000 
100.00000 99.59445 99.18894 98.78351 98.37822 97.97310 97.56819 97.16354 96.75919 96.35519 95.95156 95.54836 95.14563 94.74340 94.34171 93.94061 93.54012 93.14030 92.74117 92.34276 91.94512 91.54828 91.15227 90.75713 90.36287 89.96954 89.57717 89.18577 88.79539 88.40603 88.01774 87.63053 87.24442 86.85944 86.47560 86.09293 85.71144 85.33115 84.95208 84.57423 84.19762 83.82227 83.44818 83.07536 82.70382 82.33357 81.96462 81.59696 81.23060 80.86555 80.50181 80.13937 79.77823 79.41839 79.05986 78.70262 78.34666 77.99199 77.63860 77.28647 76.93561 76.58598 76.23760 75.89044 75.54449 75.19973 74.85616 74.51376 74.17251 73.83238 73.49338 73.15547 72.81864 72.48286 72.14812 71.81439 71.48166 71.14989 70.81907 70.48917 70.16016 69.83203 69.50474 69.17827 68.85259 68.52768 68.20350 67.88004 67.55725 67.23511 66.91359 66.59267 66.27230 65.95247 65.63313 65.31426 64.99583 64.67780 64.36014 64.04282 63.72580 63.40906 63.09256 62.77626 62.46014 62.14415 61.82826 61.51245 61.19666 60.88088 60.56506 60.24917 59.93317 59.61704 59.30072 58.98420 58.66742 58.35036 58.03299 57.71525 57.39713 57.07857 56.75956 56.44004 56.11999 55.79936 55.47813 55.15625 54.83369 54.51042 54.18639 53.86158 53.53594 53.20944 52.88204 52.55372 52.22442 51.89413 51.56279 51.23038 50.89686 50.56220 50.22636 49.88931 49.55101 49.21143 48.87053 48.52829 48.18466 47.83961 47.49311 47.14513 46.79564 46.44460 46.09198 45.73775 45.38188 45.02433 44.66508 44.30410 43.94135 43.57681 43.21045 42.84224 42.47216 42.10017 41.72624 41.35036 40.97249 40.59262 40.21071 39.82674 39.44070 39.05255 38.66227 38.26985 37.87526 37.47848 37.07950 36.67829 36.27484 35.86913 35.46115 35.05087 34.63830 34.22341 33.80619 33.38664 32.96473 32.54047 32.11384 31.68484 31.25347 30.81971 30.38356 29.94503 29.50411 29.06080 28.61511 28.16703 27.71657 27.26374 26.80853 26.35097 25.89106 25.42882 24.96424 24.49735 24.02817 23.55670 23.08297 22.60700 22.12880 21.64841 21.16584 20.68112 20.19428 19.70534 19.21434 18.72131 18.22628 17.72928 17.23036 16.72955 16.22688 15.72240 15.21616 14.70819 14.19854 13.68725 13.17438 12.65997 12.14408 11.62674 11.10803 10.58799 10.06667 9.54413 9.02044 8.49564 7.96980 7.44298 6.91524 6.38664 5.85725 5.32712 4.79632 4.26493 3.73299 3.20059 2.66777 2.13463 1.60121 1.06758 0.53383 0.00000 
100.00000 99.59622 99.19248 98.78882 98.38529 97.98193 97.57877 97.17587 96.77327 96.37099 95.96909 95.56761 95.16657 94.76603 94.36602 93.96658 93.56775 93.16955 92.77204 92.37523 91.97917 91.58389 91.18943 90.79580 90.40305 90.01120 89.62028 89.23032 88.84135 88.45338 88.06645 87.68058 87.29578 86.91209 86.52951 86.14808 85.76780 85.38869 85.01077 84.63405 84.25854 83.88426 83.51122 83.13942 82.76887 82.39958 82.03156 81.66481 81.29933 80.93513 80.57221 80.21056 79.85019 79.49109 79.13327 78.77671 78.42142 78.06738 77.71459 77.36304 77.01273 76.66363 76.31574 75.96906 75.62356 75.27923 74.93606 74.59403 74.25313 73.91333 73.57463 73.23700 72.90043 72.56489 72.23036 71.89683 71.56426 71.23264 70.90195 70.57216 70.24324 69.91517 69.58793 69.26149 68.93583 68.61090 68.28670 67.96319 67.64034 67.31812 66.99651 66.67547 66.35497 66.03499 65.71549 65.39644 65.07781 64.75958 64.44169 64.12414 63.80687 63.48986 63.17308 62.85649 62.54005 62.22375 61.90753 61.59137 61.27523 60.95907 60.64287 60.32659 60.01019 59.69364 59.37690 59.05993 58.74271 58.42519 58.10735 57.78913 57.47052 57.15147 56.83194 56.51191 56.19133 55.87017 55.54839 55.22596 54.90284 54.57900 54.25440 53.92900 53.60276 53.27566 52.94766 52.61872 52.28880 51.95787 51.62590 51.29285 50.95868 50.62337 50.28687 49.94915 49.61017 49.26991 48.92833 48.58539 48.24107 47.89532 47.54812 47.19943 46.84922 46.49747 46.14412 45.78917 45.43256 45.07429 44.71430 44.35258 43.98909 43.62381 43.25670 42.88775 42.51691 42.14417 41.76949 41.39285 41.01423 40.63360 40.25094 39.86621 39.47941 39.09051 38.69947 38.30630 37.91095 37.51343 37.11369 36.71174 36.30754 35.90109 35.49237 35.08136 34.66806 34.25244 33.83450 33.41422 32.99161 32.56664 32.13930 31.70961 31.27754 30.84310 30.40627 29.96707 29.52549 29.08152 28.63518 28.18646 27.73537 27.28191 26.82610 26.36794 25.90743 25.44460 24.97945 24.51200 24.04226 23.57025 23.09599 22.61949 22.14079 21.65990 21.17684 20.69165 20.20434 19.71495 19.22351 18.73005 18.23461 17.73721 17.23789 16.73670 16.23367 15.72883 15.22224 14.71394 14.20397 13.69237 13.17920 12.66451 12.14833 11.63073 11.11176 10.59147 10.06992 9.54716 9.02324 8.49823 7.97219 7.44518 6.91725 6.38847 5.85890 5.32860 4.79764 4.26608 3.73399 3.20144 2.66848 2.13519 1.60163 1.06786 0.53396 0.00000 
100.00000 99.59794 99.19593 98.79400 98.39219 97.99055 97.58911 97.18791 96.78701 96.38643 95.98621 95.58640 95.18703 94.78814 94.38977 93.99195 93.59473 93.19813 92.80219 92.40695 92.01244 91.61869 91.22574 90.83360 90.44232 90.05192 89.66244 89.27388 88.88630 88.49969 88.11410 87.72955 87.34604 86.96362 86.58229 86.20207 85.82298 85.44504 85.06826 84.69266 84.31824 83.94502 83.57301 83.20222 82.83266 82.46433 82.09723 81.73138 81.36678 81.00343 80.64133 80.28048 79.92088 79.56252 79.20542 78.84955 78.49492 78.14152 77.78934 77.43838 77.08863 76.74007 76.39269 76.04650 75.70146 75.35757 75.01481 74.67318 74.33264 73.99320 73.65482 73.31749 72.98119 72.64591 72.31162 71.97829 71.64592 71.31448 70.98394 70.65427 70.32547 69.99750 69.67033 69.34395 69.01832 68.69341 68.36921 68.04568 67.72280 67.40053 67.07885 66.75772 66.43713 66.11703 65.79740 65.47820 65.15942 64.84100 64.52293 64.20516 63.88768 63.57044 63.25341 62.93656 62.61985 62.30326 61.98674 61.67027 61.35381 61.03732 60.72077 60.40413 60.08736 59.77043 59.45330 59.13593 58.81830 58.50036 58.18208 57.86342 57.54435 57.22484 56.90484 56.58433 56.26326 55.94160 55.61931 55.29637 54.97272 54.64835 54.32320 53.99725 53.67046 53.34280 53.01422 52.68470 52.35419 52.02267 51.69010 51.35644 51.02166 50.68572 50.34859 50.01024 49.67062 49.32972 48.98748 48.64389 48.29890 47.95249 47.60462 47.25525 46.90436 46.55192 46.19788 45.84223 45.48493 45.12595 44.76526 44.40283 44.03863 43.67263 43.30481 42.93513 42.56357 42.19010 41.81470 41.43733 41.05798 40.67662 40.29322 39.90777 39.52023 39.13059 38.73883 38.34492 37.94884 37.55058 37.15012 36.74743 36.34251 35.93533 35.52588 35.11416 34.70013 34.28380 33.86514 33.44416 33.02083 32.59516 32.16714 31.73675 31.30399 30.86887 30.43137 29.99149 29.54925 29.10462 28.65763 28.20827 27.75654 27.30245 26.84602 26.38724 25.92613 25.46270 24.99696 24.52893 24.05862 23.58605 23.11124 22.63420 22.15496 21.67355 21.18998 20.70428 20.21649 19.72662 19.23471 18.74079 18.24489 17.74705 17.24731 16.74569 16.24225 15.73702 15.23005 14.72136 14.21103 13.69907 13.18555 12.67052 12.15402 11.63610 11.11682 10.59623 10.07438 9.55133 9.02714 8.50186 7.97555 7.44828 6.92010 6.39108 5.86127 5.33074 4.79956 4.26777 3.73547 3.20269 2.66952 2.13602 1.60225 1.06828 0.53417 0.00000 
100.00000 99.59963 99.19930 98.79906 98.39893 97.99896 97.59919 97.19967 96.80042 96.40149 96.00292 95.60474 95.20700 94.80972 94.41296 94.01673 93.62108 93.22605 92.83166 92.43795 92.04495 91.65270 91.26123 90.87055 90.48072 90.09174 89.70366 89.31649 88.93026 88.54500 88.16072 87.77746 87.39523 87.01405 86.63395 86.25493 85.87702 85.50023 85.12458 84.75008 84.37674 84.00457 83.63359 83.26380 82.89521 82.52783 82.16167 81.79672 81.43299 81.07048 80.70920 80.34915 79.99032 79.63271 79.27633 78.92115 78.56719 78.21444 77.86288 77.51252 77.16333 76.81532 76.46847 76.12277 75.77821 75.43478 75.09245 74.75122 74.41107 74.07199 73.73395 73.39694 73.06095 72.72594 72.39190 72.05882 71.72666 71.39541 71.06504 70.73554 70.40687 70.07902 69.75195 69.42565 69.10008 68.77522 68.45105 68.12753 67.80464 67.48235 67.16063 66.83946 66.51879 66.19861 65.87888 65.55957 65.24065 64.92209 64.60386 64.28592 63.96825 63.65081 63.33356 63.01649 62.69954 62.38269 62.06591 61.74917 61.43242 61.11563 60.79877 60.48181 60.16470 59.84742 59.52994 59.21220 58.89419 58.57586 58.25719 57.93812 57.61864 57.29870 56.97827 56.65731 56.33578 56.01366 55.69090 55.36747 55.04334 54.71847 54.39282 54.06635 53.73904 53.41084 53.08173 52.75166 52.42061 52.08853 51.75539 51.42115 51.08579 50.74927 50.41154 50.07259 49.73237 49.39085 49.04800 48.70379 48.35817 48.01112 47.66261 47.31260 46.96106 46.60796 46.25327 45.89695 45.53899 45.17933 44.81797 44.45485 44.08997 43.72329 43.35477 42.98440 42.61214 42.23798 41.86187 41.48380 41.10375 40.72168 40.33757 39.95141 39.56316 39.17281 38.78033 38.38570 37.98891 37.58994 37.18876 36.78536 36.37973 35.97184 35.56168 35.14925 34.73451 34.31748 33.89812 33.47644 33.05241 32.62605 32.19733 31.76625 31.33282 30.89701 30.45884 30.01830 29.57538 29.13010 28.68245 28.23244 27.78007 27.32535 26.86828 26.40888 25.94715 25.48311 25.01677 24.54814 24.07725 23.60410 23.12871 22.65111 22.17132 21.68936 21.20525 20.71903 20.23071 19.74033 19.24791 18.75350 18.25712 17.75880 17.25859 16.75652 16.25263 15.74696 15.23955 14.73045 14.21970 13.70734 13.19342 12.67800 12.16112 11.64283 11.12318 10.60223 10.08004 9.55665 9.03212 8.50651 7.97989 7.45230 6.92381 6.39448 5.86437 5.33354 4.80206 4.27000 3.73740 3.20435 2.67089 2.13711 1.60307 1.06882 0.53444 0.00000 
100.00000 99.60128 99.20260 98.80399 98.40550 98.00718 97.60904 97.21114 96.81352 96.41620 96.01924 95.62266 95.22650 94.83081 94.43560 94.04093 93.64683 93.25332 92.86044 92.46823 92.07672 91.68594 91.29591 90.90667 90.51825 90.13067 89.74396 89.35815 88.97326 88.58931 88.20633 87.82435 87.44337 87.06342 86.68452 86.30669 85.92994 85.55429 85.17975 84.80634 84.43407 84.06295 83.69298 83.32419 82.95657 82.59013 82.22488 81.86083 81.49797 81.13631 80.77586 80.41660 80.05854 79.70168 79.34602 78.99155 78.63827 78.28616 77.93524 77.58547 77.23687 76.88942 76.54311 76.19792 75.85385 75.51088 75.16900 74.82819 74.48845 74.14974 73.81206 73.47539 73.13971 72.80500 72.47124 72.13841 71.80649 71.47546 71.14529 70.81597 70.48746 70.15975 69.83281 69.50662 69.18114 68.85636 68.53224 68.20876 67.88589 67.56361 67.24188 66.92068 66.59997 66.27974 65.95993 65.64054 65.32152 65.00285 64.68449 64.36641 64.04859 63.73098 63.41356 63.09629 62.77913 62.46207 62.14506 61.82807 61.51106 61.19401 60.87688 60.55962 60.24222 59.92463 59.60682 59.28876 58.97041 58.65173 58.33269 58.01325 57.69339 57.37305 57.05222 56.73085 56.40891 56.08636 55.76316 55.43929 55.11470 54.78937 54.46324 54.13630 53.80850 53.47981 53.15020 52.81962 52.48805 52.15544 51.82177 51.48700 51.15109 50.81401 50.47573 50.13622 49.79542 49.45333 49.10989 48.76509 48.41887 48.07122 47.72210 47.37148 47.01932 46.66560 46.31028 45.95333 45.59473 45.23443 44.87242 44.50866 44.14312 43.77577 43.40660 43.03556 42.66263 42.28779 41.91101 41.53227 41.15153 40.76878 40.38398 39.99713 39.60819 39.21715 38.82398 38.42866 38.03118 37.63151 37.22963 36.82554 36.41921 36.01062 35.59977 35.18664 34.77121 34.35348 33.93343 33.51105 33.08634 32.65929 32.22989 31.79813 31.36401 30.92753 30.48868 30.04747 29.60389 29.15794 28.70964 28.25897 27.80595 27.35059 26.89288 26.43284 25.97049 25.50583 25.03887 24.56963 24.09813 23.62438 23.14840 22.67022 22.18985 21.70732 21.22264 20.73586 20.24699 19.75607 19.26312 18.76818 18.27128 17.77245 17.27174 16.76917 16.26479 15.75864 15.25075 14.74118 14.22997 13.71716 13.20280 12.68694 12.16963 11.65092 11.13085 10.60949 10.08689 9.56310 9.03818 8.51219 7.98518 7.45721 6.92835 6.39865 5.86818 5.33700 4.80516 4.27274 3.73980 3.20640 2.67260 2.13847 1.60409 1.06950 0.53478 0.00000 
100.00000 99.60289 99.20581 98.80881 98.41193 98.01519 97.61866 97.22235 96.82630 96.43057 96.03517 95.64015 95.24555 94.85139 94.45772 94.06457 93.67197 93.27996 92.88857 92.49782 92.10776 91.71841 91.32981 90.94197 90.55494 90.16873 89.78337 89.39889 89.01531 88.63266 88.25096 87.87022 87.49048 87.11174 86.73403 86.35737 85.98176 85.60724 85.23380 84.86147 84.49025 84.12016 83.75120 83.38339 83.01674 82.65124 82.28691 81.92375 81.56176 81.20095 80.84131 80.48285 80.12557 79.76946 79.41453 79.06076 78.70816 78.35671 78.00642 77.65728 77.30926 76.96238 76.61661 76.27195 75.92838 75.58589 75.24447 74.90411 74.56478 74.22647 73.88917 73.55285 73.21751 72.88312 72.54965 72.21710 71.88544 71.55465 71.22471 70.89559 70.56727 70.23972 69.91293 69.58687 69.26151 68.93682 68.61279 68.28938 67.96656 67.64432 67.32261 67.00141 66.68069 66.36043 66.04059 65.72114 65.40206 65.08330 64.76485 64.44666 64.12871 63.81097 63.49340 63.17597 62.85865 62.54140 62.22419 61.90699 61.58977 61.27248 60.95510 60.63760 60.31993 60.00206 59.68397 59.36561 59.04695 58.72795 58.40859 58.08881 57.76860 57.44791 57.12672 56.80497 56.48264 56.15970 55.83611 55.51182 55.18682 54.86106 54.53450 54.20711 53.87886 53.54971 53.21963 52.88858 52.55652 52.22343 51.88926 51.55398 51.21757 50.87997 50.54117 50.20111 49.85979 49.51714 49.17316 48.82779 48.48102 48.13280 47.78310 47.43190 47.07916 46.72484 46.36892 46.01137 45.65216 45.29125 44.92862 44.56424 44.19807 43.83010 43.46029 43.08861 42.71504 42.33955 41.96212 41.58272 41.20133 40.81792 40.43246 40.04494 39.65534 39.26362 38.86978 38.47379 38.07563 37.67528 37.27273 36.86795 36.46094 36.05167 35.64014 35.22632 34.81021 34.39180 33.97107 33.54801 33.12262 32.69488 32.26480 31.83236 31.39757 30.96041 30.52090 30.07901 29.63476 29.18815 28.73918 28.28786 27.83419 27.37817 26.91981 26.45913 25.99614 25.53084 25.06325 24.59338 24.12126 23.64689 23.17030 22.69151 22.21054 21.72741 21.24215 20.75478 20.26534 19.77384 19.28033 18.78482 18.28737 17.78799 17.28673 16.78363 16.27872 15.77204 15.26364 14.75356 14.24185 13.72854 13.21369 12.69734 12.17954 11.66035 11.13982 10.61799 10.09493 9.57069 9.04532 8.51888 7.99143 7.46303 6.93373 6.40361 5.87271 5.34110 4.80885 4.27601 3.74265 3.20884 2.67463 2.14010 1.60530 1.07031 0.53519 0.00000 
100.00000 99.60445 99.20895 98.81351 98.41819 98.02302 97.62804 97.23328 96.83879 96.44459 96.05073 95.65723 95.26414 94.87149 94.47932 94.08765 93.69653 93.30598 92.91604 92.52673 92.13809 91.75015 91.36294 90.97648 90.59080 90.20594 89.82190 89.43873 89.05644 88.67506 88.29461 87.91511 87.53658 87.15903 86.78250 86.40698 86.03251 85.65909 85.28674 84.91548 84.54531 84.17624 83.80828 83.44145 83.07575 82.71119 82.34777 81.98550 81.62437 81.26440 80.90559 80.54793 80.19142 79.83607 79.48187 79.12881 78.77689 78.42612 78.07647 77.72794 77.38053 77.03423 76.68902 76.34489 76.00184 75.65984 75.31890 74.97898 74.64009 74.30220 73.96529 73.62935 73.29436 72.96030 72.62716 72.29491 71.96353 71.63300 71.30330 70.97440 70.64629 70.31894 69.99233 69.66642 69.34121 69.01665 68.69272 68.36941 68.04667 67.72449 67.40283 67.08166 66.76097 66.44071 66.12086 65.80139 65.48226 65.16346 64.84494 64.52668 64.20864 63.89079 63.57311 63.25555 62.93809 62.62069 62.30332 61.98594 61.66853 61.35105 61.03346 60.71573 60.39784 60.07973 59.76138 59.44276 59.12383 58.80455 58.48489 58.16482 57.84430 57.52329 57.20176 56.87968 56.55700 56.23370 55.90974 55.58509 55.25970 54.93354 54.60658 54.27879 53.95013 53.62055 53.29004 52.95855 52.62604 52.29249 51.95786 51.62212 51.28522 50.94714 50.60784 50.26730 49.92546 49.58231 49.23781 48.89192 48.54461 48.19585 47.84561 47.49386 47.14056 46.78569 46.42920 46.07108 45.71129 45.34980 44.98658 44.62160 44.25484 43.88626 43.51584 43.14355 42.76937 42.39326 42.01521 41.63518 41.25315 40.86910 40.48301 40.09485 39.70459 39.31223 38.91773 38.52109 38.12227 37.72126 37.31805 36.91261 36.50493 36.09499 35.68279 35.26830 34.85152 34.43244 34.01103 33.58730 33.16123 32.73283 32.30207 31.86896 31.43349 30.99567 30.55548 30.11292 29.66800 29.22073 28.77109 28.31910 27.86476 27.40809 26.94907 26.48774 26.02409 25.55814 25.08991 24.61940 24.14663 23.67163 23.19441 22.71499 22.23339 21.74964 21.26377 20.77579 20.28573 19.79363 19.29952 18.80342 18.30538 17.80541 17.30358 16.79990 16.29442 15.78718 15.27822 14.76758 14.25531 13.74146 13.22606 12.70918 12.19085 11.67113 11.15008 10.62773 10.10416 9.57940 9.05353 8.52658 7.99863 7.46974 6.93995 6.40933 5.87795 5.34585 4.81312 4.27980 3.74596 3.21167 2.67699 2.14199 1.60672 1.07125 0.53566 0.00000 
100.00000 99.60598 99.21201 98.81810 98.42431 98.03066 97.63720 97.24396 96.85097 96.45828 96.06591 95.67391 95.28230 94.89112 94.50041 94.11020 93.72052 93.33140 92.94287 92.55497 92.16772 91.78116 91.39531 91.01020 90.62586 90.24231 89.85958 89.47769 89.09667 88.71654 88.33732 87.95903 87.58169 87.20532 86.82994 86.45556 86.08221 85.70988 85.33861 84.96840 84.59926 84.23120 83.86424 83.49838 83.13363 82.77000 82.40748 82.04609 81.68584 81.32671 80.96871 80.61185 80.25613 79.90153 79.54806 79.19572 78.84450 78.49439 78.14539 77.79750 77.45070 77.10498 76.76034 76.41676 76.07423 75.73275 75.39229 75.05285 74.71440 74.37694 74.04044 73.70490 73.37028 73.03658 72.70377 72.37184 72.04076 71.71052 71.38108 71.05244 70.72456 70.39743 70.07101 69.74530 69.42025 69.09584 68.77205 68.44886 68.12623 67.80413 67.48255 67.16145 66.84080 66.52058 66.20075 65.88129 65.56216 65.24333 64.92478 64.60647 64.28838 63.97046 63.65269 63.33504 63.01747 62.69995 62.38245 62.06493 61.74737 61.42972 61.11196 60.79405 60.47596 60.15764 59.83908 59.52023 59.20106 58.88154 58.56162 58.24128 57.92048 57.59919 57.27737 56.95498 56.63199 56.30837 55.98408 55.65908 55.33335 55.00683 54.67951 54.35135 54.02230 53.69234 53.36142 53.02953 52.69661 52.36264 52.02758 51.69140 51.35406 51.01553 50.67578 50.33477 49.99246 49.64883 49.30384 48.95746 48.60966 48.26039 47.90964 47.55737 47.20355 46.84814 46.49112 46.13246 45.77212 45.41008 45.04630 44.68076 44.31342 43.94427 43.57327 43.20040 42.82562 42.44892 42.07027 41.68963 41.30700 40.92233 40.53562 40.14684 39.75596 39.36297 38.96784 38.57056 38.17110 37.76945 37.36559 36.95951 36.55118 36.14059 35.72773 35.31258 34.89514 34.47539 34.05333 33.62893 33.20220 32.77312 32.34170 31.90792 31.47178 31.03328 30.59242 30.14920 29.70361 29.25566 28.80535 28.35269 27.89769 27.44034 26.98066 26.51866 26.05435 25.58773 25.11884 24.64767 24.17425 23.69859 23.22072 22.74064 22.25840 21.77400 21.28748 20.79886 20.30817 19.81544 19.32069 18.82397 18.32530 17.82472 17.32226 16.81797 16.31188 15.80403 15.29447 14.78323 14.27037 13.75592 13.23993 12.72246 12.20355 11.68326 11.16162 10.63871 10.11456 9.58924 9.06280 8.53530 8.00679 7.47733 6.94699 6.41582 5.88389 5.35125 4.81797 4.28411 3.74973 3.21490 2.67968 2.14413 1.60833 1.07233 0.53620 0.00000 
100.00000 99.60748 99.21499 98.82258 98.43028 98.03812 97.64614 97.25438 96.86286 96.47164 96.08073 95.69018 95.30002 94.91029 94.52101 94.13221 93.74394 93.35622 92.96908 92.58256 92.19667 91.81146 91.42695 91.04316 90.66012 90.27787 89.89641 89.51579 89.13601 88.75710 88.37909 88.00200 87.62583 87.25062 86.87638 86.50312 86.13087 85.75963 85.38942 85.02025 84.65213 84.28508 83.91910 83.55420 83.19040 82.82768 82.46607 82.10557 81.74617 81.38788 81.03071 80.67465 80.31970 79.96586 79.61313 79.26151 78.91099 78.56156 78.21322 77.86596 77.51978 77.17466 76.83060 76.48758 76.14560 75.80463 75.46468 75.12572 74.78774 74.45072 74.11465 73.77951 73.44529 73.11197 72.77952 72.44792 72.11717 71.78723 71.45809 71.12971 70.80209 70.47520 70.14901 69.82350 69.49864 69.17442 68.85079 68.52775 68.20525 67.88328 67.56180 67.24079 66.92022 66.60006 66.28028 65.96085 65.64175 65.32293 65.00438 64.68606 64.36794 64.04998 63.73216 63.41445 63.09680 62.77920 62.46160 62.14398 61.82629 61.50852 61.19061 60.87255 60.55430 60.23581 59.91707 59.59802 59.27865 58.95891 58.63878 58.31821 57.99717 57.67562 57.35354 57.03088 56.70762 56.38371 56.05912 55.73382 55.40777 55.08094 54.75329 54.42478 54.09539 53.76507 53.43380 53.10153 52.76824 52.43388 52.09843 51.76185 51.42410 51.08516 50.74498 50.40353 50.06079 49.71671 49.37127 49.02443 48.67616 48.32643 47.97520 47.62244 47.26813 46.91222 46.55470 46.19552 45.83466 45.47209 45.10779 44.74171 44.37383 44.00413 43.63258 43.25915 42.88381 42.50654 42.12731 41.74609 41.36287 40.97762 40.59032 40.20093 39.80945 39.41585 39.02011 38.62221 38.22213 37.81986 37.41537 37.00865 36.59968 36.18846 35.77496 35.35917 34.94108 34.52067 34.09795 33.67290 33.24551 32.81577 32.38368 31.94924 31.51243 31.07327 30.63173 30.18784 29.74157 29.29295 28.84197 28.38864 27.93295 27.47493 27.01457 26.55189 26.08690 25.61962 25.15004 24.67820 24.20410 23.72777 23.24922 22.76848 22.28556 21.80049 21.31330 20.82402 20.33266 19.83926 19.34385 18.84647 18.34714 17.84590 17.34279 16.83784 16.33110 15.82260 15.31239 14.80051 14.28700 13.77192 13.25529 12.73719 12.21765 11.69672 11.17445 10.65091 10.12614 9.60020 9.07313 8.54501 8.01589 7.48582 6.95486 6.42308 5.89054 5.35729 4.82340 4.28894 3.75395 3.21852 2.68269 2.14654 1.61013 1.07353 0.53680 0.00000 
100.00000 99.60894 99.21791 98.82695 98.43610 98.04540 97.65486 97.26455 96.87447 96.48468 96.09520 95.70607 95.31733 94.92900 94.54111 94.15371 93.76681 93.38046 92.99468 92.60950 92.22495 91.84106 91.45786 91.07536 90.69361 90.31262 89.93242 89.55303 89.17448 88.79678 88.41996 88.04403 87.66903 87.29496 86.92184 86.54968 86.17851 85.80834 85.43918 85.07104 84.70394 84.33788 83.97288 83.60894 83.24607 82.88427 82.52356 82.16393 81.80539 81.44795 81.09159 80.73633 80.38217 80.02909 79.67710 79.32620 78.97638 78.62764 78.27997 77.93335 77.58780 77.24329 76.89982 76.55737 76.21594 75.87551 75.53607 75.19761 74.86011 74.52355 74.18793 73.85322 73.51941 73.18648 72.85440 72.52317 72.19276 71.86315 71.53432 71.20624 70.87890 70.55227 70.22633 69.90105 69.57642 69.25239 68.92896 68.60609 68.28375 67.96193 67.64058 67.31969 66.99923 66.67916 66.35946 66.04010 65.72105 65.40228 65.08376 64.76545 64.44733 64.12937 63.81153 63.49379 63.17610 62.85845 62.54078 62.22308 61.90531 61.58744 61.26943 60.95125 60.63287 60.31424 59.99535 59.67615 59.35661 59.03669 58.71637 58.39560 58.07436 57.75260 57.43029 57.10740 56.78389 56.45973 56.13488 55.80931 55.48299 55.15587 54.82792 54.49911 54.16941 53.83877 53.50717 53.17457 52.84093 52.50622 52.17041 51.83346 51.49534 51.15601 50.81545 50.47360 50.13046 49.78597 49.44011 49.09284 48.74414 48.39396 48.04228 47.68907 47.33429 46.97792 46.61992 46.26026 45.89892 45.53585 45.17104 44.80446 44.43607 44.06585 43.69377 43.31981 42.94393 42.56611 42.18633 41.80457 41.42078 41.03497 40.64709 40.25713 39.86506 39.47088 39.07454 38.67605 38.27536 37.87248 37.46738 37.06004 36.65046 36.23860 35.82447 35.40805 34.98932 34.56828 34.14491 33.71921 33.29117 32.86077 32.42803 31.99292 31.55545 31.11561 30.67341 30.22884 29.78191 29.33261 28.88094 28.42693 27.97056 27.51185 27.05081 26.58744 26.12176 25.65378 25.18352 24.71098 24.23619 23.75916 23.27992 22.79848 22.31487 21.82911 21.34122 20.85124 20.35919 19.86509 19.36899 18.87091 18.37089 17.86895 17.36515 16.85951 16.35208 15.84289 15.33199 14.81942 14.30522 13.78945 13.27214 12.75335 12.23312 11.71151 11.18857 10.66434 10.13889 9.61227 9.08453 8.55573 8.02593 7.49519 6.96356 6.43111 5.89789 5.36397 4.82941 4.29428 3.75862 3.22252 2.68603 2.14921 1.61214 1.07487 0.53747 0.00000 
100.00000 99.61036 99.22075 98.83122 98.44179 98.05250 97.66338 97.27447 96.88580 96.49741 96.10932 95.72158 95.33422 94.94726 94.56074 94.17469 93.78915 93.40413 93.01968 92.63582 92.25257 91.86998 91.48805 91.10683 90.72633 90.34659 89.96762 89.58944 89.21209 88.83558 88.45993 88.08516 87.71129 87.33834 86.96632 86.59526 86.22516 85.85605 85.48793 85.12081 84.75471 84.38964 84.02560 83.66261 83.30067 82.93978 82.57996 82.22121 81.86353 81.50692 81.15139 80.79693 80.44354 80.09123 79.73999 79.38982 79.04071 78.69265 78.34565 77.99969 77.65477 77.31088 76.96801 76.62615 76.28528 75.94540 75.60649 75.26854 74.93154 74.59546 74.26030 73.92604 73.59265 73.26013 72.92846 72.59760 72.26756 71.93829 71.60979 71.28204 70.95500 70.62866 70.30299 69.97797 69.65358 69.32979 69.00657 68.68390 68.36175 68.04010 67.71892 67.39817 67.07784 66.75790 66.43831 66.11905 65.80008 65.48138 65.16292 64.84466 64.52658 64.20864 63.89082 63.57307 63.25538 62.93770 62.62001 62.30227 61.98444 61.66651 61.34842 61.03016 60.71168 60.39295 60.07395 59.75462 59.43495 59.11489 58.79441 58.47348 58.15206 57.83012 57.50763 57.18454 56.86082 56.53645 56.21137 55.88557 55.55900 55.23163 54.90342 54.57435 54.24437 53.91344 53.58155 53.24865 52.91470 52.57967 52.24354 51.90625 51.56779 51.22811 50.88719 50.54498 50.20146 49.85660 49.51035 49.16269 48.81358 48.46300 48.11091 47.75727 47.40206 47.04525 46.68681 46.32670 45.96489 45.60136 45.23608 44.86902 44.50014 44.12943 43.75685 43.38238 43.00599 42.62766 42.24735 41.86505 41.48074 41.09437 40.70595 40.31543 39.92280 39.52805 39.13114 38.73207 38.33080 37.92733 37.52163 37.11369 36.70350 36.29103 35.87629 35.45924 35.03989 34.61821 34.19421 33.76787 33.33918 32.90814 32.47473 32.03897 31.60084 31.16033 30.71746 30.27222 29.82460 29.37462 28.92228 28.46757 28.01052 27.55111 27.08937 26.62531 26.15893 25.69024 25.21927 24.74602 24.27052 23.79278 23.31282 22.83066 22.34633 21.85985 21.37124 20.88053 20.38776 19.89294 19.39610 18.89730 18.39654 17.89388 17.38935 16.88298 16.37481 15.86489 15.35326 14.83995 14.32502 13.80851 13.29047 12.77095 12.24999 11.72764 11.20396 10.67900 10.15282 9.62546 9.09699 8.56746 8.03692 7.50545 6.97308 6.43990 5.90595 5.37130 4.83601 4.30014 3.76375 3.22691 2.68969 2.15214 1.61433 1.07633 0.53820 0.00000 
100.00000 99.61175 99.22353 98.83538 98.44733 98.05942 97.67168 97.28415 96.89685 96.50982 96.12310 95.73672 95.35070 94.96508 94.57990 94.19518 93.81095 93.42724 93.04409 92.66151 92.27955 91.89822 91.51755 91.13757 90.75831 90.37978 90.00202 89.62504 89.24886 88.87351 88.49901 88.12538 87.75263 87.38079 87.00986 86.63988 86.27084 85.90276 85.53567 85.16956 84.80445 84.44035 84.07727 83.71522 83.35421 82.99423 82.63530 82.27742 81.92059 81.56482 81.21011 80.85645 80.50385 80.15231 79.80181 79.45237 79.10397 78.75662 78.41030 78.06500 77.72073 77.37746 77.03520 76.69393 76.35364 76.01432 75.67595 75.33853 75.00204 74.66646 74.33177 73.99797 73.66504 73.33295 73.00168 72.67123 72.34157 72.01268 71.68453 71.35712 71.03040 70.70438 70.37900 70.05427 69.73014 69.40661 69.08363 68.76119 68.43926 68.11781 67.79681 67.47625 67.15608 66.83629 66.51683 66.19770 65.87885 65.56025 65.24188 64.92370 64.60568 64.28780 63.97002 63.65231 63.33464 63.01697 62.69928 62.38153 62.06369 61.74572 61.42760 61.10929 60.79075 60.47195 60.15286 59.83345 59.51367 59.19351 58.87291 58.55185 58.23030 57.90821 57.58556 57.26231 56.93842 56.61386 56.28860 55.96259 55.63581 55.30823 54.97980 54.65049 54.32026 53.98909 53.65694 53.32377 52.98955 52.65424 52.31781 51.98023 51.64146 51.30147 50.96022 50.61768 50.27383 49.92861 49.58201 49.23399 48.88451 48.53355 48.18107 47.82705 47.47144 47.11422 46.75536 46.39483 46.03260 45.66863 45.30291 44.93539 44.56606 44.19488 43.82183 43.44688 43.07001 42.69118 42.31037 41.92757 41.54273 41.15585 40.76689 40.37584 39.98268 39.58738 39.18991 38.79028 38.38844 37.98440 37.57812 37.16960 36.75881 36.34575 35.93040 35.51274 35.09277 34.67048 34.24585 33.81887 33.38954 32.95786 32.52381 32.08739 31.64859 31.20743 30.76388 30.31797 29.86967 29.41901 28.96597 28.51057 28.05282 27.59271 27.13027 26.66549 26.19839 25.72899 25.25729 24.78332 24.30709 23.82861 23.34792 22.86502 22.37995 21.89272 21.40336 20.91190 20.41837 19.92279 19.42520 18.92563 18.42411 17.92068 17.41538 16.90824 16.39930 15.88860 15.37619 14.86211 14.34640 13.82911 13.31029 12.78998 12.26824 11.74510 11.22064 10.69489 10.16792 9.63977 9.11051 8.58018 8.04886 7.51659 6.98343 6.44945 5.91471 5.37926 4.84317 4.30651 3.76933 3.23169 2.69367 2.15533 1.61672 1.07792 0.53899 0.00000 
100.00000 99.61310 99.22624 98.83944 98.45274 98.06618 97.67978 97.29359 96.90763 96.52194 96.13654 95.75148 95.36678 94.98248 94.59859 94.21517 93.83223 93.44980 93.06792 92.68660 92.30589 91.92580 91.54636 91.16761 90.78955 90.41222 90.03563 89.65982 89.28481 88.91060 88.53724 88.16472 87.79308 87.42232 87.05247 86.68354 86.31555 85.94850 85.58242 85.21731 84.85318 84.49005 84.12792 83.76681 83.40671 83.04764 82.68959 82.33258 81.97660 81.62167 81.26777 80.91492 80.56310 80.21233 79.86259 79.51388 79.16620 78.81955 78.47391 78.12929 77.78567 77.44304 77.10140 76.76073 76.42103 76.08229 75.74448 75.40760 75.07163 74.73656 74.40237 74.06905 73.73658 73.40493 73.07411 72.74408 72.41482 72.08632 71.75855 71.43150 71.10513 70.77944 70.45439 70.12996 69.80613 69.48287 69.16016 68.83797 68.51628 68.19506 67.87428 67.55392 67.23395 66.91433 66.59505 66.27607 65.95736 65.63889 65.32064 65.00257 64.68466 64.36686 64.04916 63.73152 63.41390 63.09628 62.77862 62.46089 62.14306 61.82510 61.50697 61.18864 60.87007 60.55124 60.23211 59.91264 59.59280 59.27256 58.95188 58.63072 58.30907 57.98687 57.66410 57.34071 57.01669 56.69198 56.36656 56.04039 55.71344 55.38567 55.05705 54.72754 54.39711 54.06573 53.73335 53.39995 53.06548 52.72993 52.39324 52.05540 51.71635 51.37608 51.03454 50.69171 50.34755 50.00202 49.65510 49.30674 48.95693 48.60562 48.25279 47.89841 47.54243 47.18484 46.82559 46.46467 46.10204 45.73766 45.37152 45.00359 44.63382 44.26221 43.88871 43.51331 43.13597 42.75668 42.37540 41.99211 41.60678 41.21940 40.82994 40.43838 40.04469 39.64886 39.25087 38.85069 38.44831 38.04370 37.63686 37.22777 36.81641 36.40276 35.98682 35.56856 35.14799 34.72508 34.29983 33.87223 33.44227 33.00995 32.57525 32.13818 31.69873 31.25690 30.81269 30.36609 29.91712 29.46576 29.01203 28.55593 28.09747 27.63666 27.17349 26.70799 26.24017 25.77003 25.29760 24.82288 24.34590 23.86667 23.38522 22.90156 22.41572 21.92772 21.43759 20.94535 20.45103 19.95466 19.45628 18.95591 18.45359 17.94936 17.44325 16.93530 16.42555 15.91404 15.40081 14.88590 14.36937 13.85125 13.33160 12.81045 12.28787 11.76390 11.23860 10.71201 10.18419 9.65520 9.12509 8.59391 8.06174 7.52861 6.99460 6.45977 5.92417 5.38787 4.85092 4.31340 3.77536 3.23686 2.69798 2.15878 1.61931 1.07965 0.53986 0.00000 
100.00000 99.61442 99.22887 98.84339 98.45801 98.07277 97.68768 97.30280 96.91814 96.53375 96.14966 95.76588 95.38247 94.99944 94.61684 94.23468 93.85299 93.47182 93.09117 92.71110 92.33161 91.95273 91.57450 91.19694 90.82006 90.44390 90.06848 89.69382 89.31994 88.94686 88.57461 88.20319 87.83263 87.46295 87.09416 86.72627 86.35931 85.99328 85.62820 85.26408 84.90093 84.53875 84.17757 83.81738 83.45819 83.10001 82.74285 82.38670 82.03158 81.67748 81.32440 80.97235 80.62132 80.27132 79.92233 79.57437 79.22741 78.88147 78.53653 78.19258 77.84962 77.50764 77.16663 76.82658 76.48748 76.14931 75.81208 75.47575 75.14032 74.80578 74.47210 74.13928 73.80729 73.47611 73.14574 72.81615 72.48732 72.15923 71.83186 71.50519 71.17919 70.85385 70.52915 70.20505 69.88154 69.55859 69.23617 68.91426 68.59284 68.27188 67.95134 67.63121 67.31146 66.99205 66.67296 66.35417 66.03563 65.71733 65.39923 65.08130 64.76352 64.44584 64.12824 63.81070 63.49317 63.17562 62.85803 62.54036 62.22258 61.90465 61.58655 61.26823 60.94967 60.63084 60.31169 59.99220 59.67233 59.35205 59.03132 58.71011 58.38838 58.06611 57.74325 57.41977 57.09564 56.77082 56.44528 56.11898 55.79189 55.46398 55.13520 54.80553 54.47493 54.14336 53.81079 53.47719 53.14252 52.80675 52.46984 52.13176 51.79248 51.45196 51.11017 50.76707 50.42263 50.07682 49.72961 49.38096 49.03085 48.67923 48.32607 47.97136 47.61504 47.25710 46.89751 46.53622 46.17322 45.80847 45.44194 45.07361 44.70345 44.33142 43.95751 43.58168 43.20390 42.82417 42.44243 42.05868 41.67289 41.28504 40.89509 40.50304 40.10886 39.71252 39.31401 38.91331 38.51039 38.10525 37.69786 37.28822 36.87629 36.46207 36.04555 35.62671 35.20554 34.78203 34.35617 33.92795 33.49737 33.06441 32.62907 32.19136 31.75125 31.30876 30.86387 30.41660 29.96694 29.51489 29.06046 28.60366 28.14449 27.68295 27.21906 26.75282 26.28426 25.81337 25.34019 24.86471 24.38696 23.90696 23.42473 22.94028 22.45365 21.96485 21.47392 20.98087 20.48574 19.98855 19.48934 18.98815 18.48499 17.97992 17.47296 16.96416 16.45356 15.94119 15.42709 14.91132 14.39392 13.87492 13.35439 12.83236 12.30890 11.78404 11.25784 10.73035 10.20164 9.67174 9.14073 8.60865 8.07556 7.54153 7.00660 6.47085 5.93434 5.39711 4.85925 4.32080 3.78184 3.24242 2.70261 2.16248 1.62209 1.08150 0.54078 0.00000 
100.00000 99.61571 99.23145 98.84725 98.46316 98.07919 97.69539 97.31178 96.92840 96.54527 96.16244 95.77993 95.39777 95.01599 94.63463 94.25371 93.87325 93.49330 93.11387 92.73500 92.35671 91.97902 91.60197 91.22558 90.84986 90.47485 90.10057 89.72704 89.35427 88.98230 88.61114 88.24080 87.87131 87.50269 87.13494 86.76809 86.40214 86.03712 85.67302 85.30988 84.94769 84.58646 84.22621 83.86694 83.50866 83.15138 82.79509 82.43981 82.08553 81.73226 81.38000 81.02876 80.67852 80.32929 79.98106 79.63384 79.28762 78.94239 78.59814 78.25488 77.91259 77.57127 77.23090 76.89148 76.55299 76.21542 75.87877 75.54301 75.20814 74.87413 74.54098 74.20867 73.87718 73.54650 73.21659 72.88746 72.55907 72.23142 71.90447 71.57820 71.25260 70.92764 70.60331 70.27957 69.95640 69.63377 69.31168 68.99008 68.66895 68.34827 68.02800 67.70813 67.38862 67.06945 66.75059 66.43201 66.11368 65.79557 65.47765 65.15989 64.84227 64.52474 64.20728 63.88987 63.57245 63.25502 62.93753 62.61994 62.30224 61.98438 61.66634 61.34807 61.02955 60.71075 60.39162 60.07214 59.75228 59.43199 59.11124 58.79001 58.46825 58.14593 57.82302 57.49948 57.17528 56.85039 56.52476 56.19837 55.87118 55.54315 55.21425 54.88445 54.55371 54.22199 53.88927 53.55550 53.22066 52.88471 52.54761 52.20934 51.86985 51.52911 51.18710 50.84377 50.49909 50.15304 49.80557 49.45666 49.10627 48.75437 48.40092 48.04591 47.68929 47.33103 46.97111 46.60950 46.24615 45.88105 45.51417 45.14547 44.77493 44.40252 44.02822 43.65199 43.27381 42.89365 42.51149 42.12731 41.74107 41.35277 40.96236 40.56984 40.17517 39.77835 39.37934 38.97814 38.57471 38.16905 37.76113 37.35094 36.93847 36.52369 36.10660 35.68719 35.26543 34.84133 34.41487 33.98604 33.55484 33.12126 32.68528 32.24692 31.80616 31.36301 30.91745 30.46950 30.01915 29.56641 29.11128 28.65376 28.19386 27.73160 27.26697 26.79999 26.33067 25.85902 25.38507 24.90881 24.43028 23.94949 23.46645 22.98120 22.49375 22.00413 21.51236 21.01848 20.52250 20.02446 19.52440 19.02234 18.51831 18.01236 17.50452 16.99483 16.48333 15.97006 15.45506 14.93838 14.42005 13.90014 13.37868 12.85572 12.33131 11.80551 11.27837 10.74993 10.22026 9.68941 9.15743 8.62439 8.09033 7.55533 7.01943 6.48271 5.94521 5.40701 4.86816 4.32873 3.78877 3.24837 2.70757 2.16645 1.62507 1.08349 0.54178 0.00000 
100.00000 99.61696 99.23395 98.85101 98.46817 98.08545 97.70289 97.32053 96.93839 96.55651 96.17491 95.79363 95.41269 95.03213 94.65198 94.27227 93.89301 93.51426 93.13602 92.75832 92.38120 92.00468 91.62878 91.25353 90.87896 90.50508 90.13191 89.75948 89.38782 89.01693 88.64684 88.27757 87.90913 87.54155 87.17483 86.80899 86.44405 86.08002 85.71691 85.35473 84.99349 84.63321 84.27388 83.91553 83.55815 83.20175 82.84633 82.49191 82.13848 81.78604 81.43460 81.08416 80.73471 80.38625 80.03879 79.69232 79.34683 79.00232 78.65878 78.31621 77.97460 77.63394 77.29423 76.95544 76.61758 76.28062 75.94456 75.60939 75.27509 74.94164 74.60903 74.27725 73.94628 73.61609 73.28668 72.95803 72.63011 72.30290 71.97639 71.65056 71.32537 71.00082 70.67687 70.35351 70.03071 69.70844 69.38669 69.06542 68.74461 68.42424 68.10427 67.78469 67.46546 67.14655 66.82795 66.50961 66.19151 65.87362 65.55591 65.23835 64.92092 64.60357 64.28629 63.96903 63.65177 63.33447 63.01711 62.69965 62.38206 62.06430 61.74635 61.42817 61.10972 60.79098 60.47191 60.15248 59.83265 59.51239 59.19166 58.87044 58.54868 58.22635 57.90343 57.57986 57.25563 56.93069 56.60501 56.27856 55.95130 55.62319 55.29421 54.96431 54.63346 54.30164 53.96879 53.63490 53.29992 52.96382 52.62657 52.28813 51.94847 51.60755 51.26535 50.92182 50.57694 50.23067 49.88298 49.53383 49.18320 48.83105 48.47735 48.12207 47.76517 47.40663 47.04642 46.68450 46.32084 45.95543 45.58821 45.21918 44.84829 44.47553 44.10085 43.72425 43.34569 42.96514 42.58258 42.19798 41.81133 41.42259 41.03175 40.63878 40.24366 39.84637 39.44688 39.04519 38.64127 38.23510 37.82667 37.41595 37.00295 36.58763 36.16999 35.75001 35.32768 34.90300 34.47594 34.04651 33.61470 33.18049 32.74389 32.30488 31.86347 31.41966 30.97343 30.52480 30.07376 29.62032 29.16447 28.70624 28.24561 27.78261 27.31723 26.84949 26.37941 25.90699 25.43224 24.95519 24.47586 23.99425 23.51039 23.02431 22.53602 22.04555 21.55293 21.05818 20.56133 20.06241 19.56145 19.05849 18.55356 18.04670 17.53794 17.02732 16.51488 16.00066 15.48471 14.96707 14.44779 13.92690 13.40446 12.88052 12.35513 11.82833 11.30019 10.77075 10.24007 9.70820 9.17521 8.64114 8.10606 7.57002 7.03309 6.49533 5.95679 5.41754 4.87765 4.33717 3.79617 3.25471 2.71286 2.17068 1.62824 1.08560 0.54283 0.00000 
100.00000 99.61818 99.23640 98.85468 98.47305 98.09155 97.71021 97.32906 96.94813 96.56745 96.18706 95.80697 95.42723 95.04787 94.66890 94.29036 93.91229 93.53469 93.15761 92.78107 92.40510 92.02972 91.65495 91.28082 90.90736 90.53458 90.16251 89.79117 89.42058 89.05076 88.68173 88.31351 87.94611 87.57954 87.21384 86.84900 86.48505 86.12200 85.75986 85.39863 85.03834 84.67899 84.32058 83.96313 83.60665 83.25113 82.89659 82.54302 82.19043 81.83883 81.48820 81.13856 80.78991 80.44223 80.09554 79.74981 79.40506 79.06128 78.71846 78.37659 78.03567 77.69568 77.35662 77.01849 76.68126 76.34493 76.00948 75.67490 75.34118 75.00831 74.67626 74.34502 74.01458 73.68492 73.35602 73.02787 72.70043 72.37370 72.04765 71.72226 71.39752 71.07339 70.74986 70.42690 70.10449 69.78260 69.46122 69.14030 68.81984 68.49981 68.18017 67.86090 67.54197 67.22336 66.90503 66.58697 66.26913 65.95149 65.63403 65.31670 64.99949 64.68235 64.36527 64.04820 63.73112 63.41400 63.09680 62.77949 62.46205 62.14442 61.82660 61.50853 61.19019 60.87155 60.55257 60.23322 59.91346 59.59326 59.27258 58.95140 58.62968 58.30738 57.98447 57.66092 57.33668 57.01174 56.68604 56.35956 56.03226 55.70411 55.37508 55.04512 54.71421 54.38230 54.04937 53.71538 53.38030 53.04409 52.70672 52.36815 52.02835 51.68729 51.34492 51.00123 50.65618 50.30973 49.96184 49.61250 49.26166 48.90929 48.55536 48.19984 47.84270 47.48391 47.12343 46.76124 46.39731 46.03160 45.66408 45.29474 44.92353 44.55044 44.17543 43.79848 43.41956 43.03864 42.65571 42.27072 41.88367 41.49453 41.10327 40.70987 40.31431 39.91658 39.51664 39.11448 38.71008 38.30342 37.89449 37.48327 37.06974 36.65389 36.23571 35.81518 35.39229 34.96703 34.53940 34.10937 33.67695 33.24213 32.80490 32.36525 31.92319 31.47872 31.03182 30.58251 30.13077 29.67663 29.22007 28.76111 28.29975 27.83599 27.36986 26.90135 26.43049 25.95727 25.48173 25.00387 24.52371 24.04127 23.55657 23.06963 22.58048 22.08913 21.59563 21.09998 20.60223 20.10239 19.60051 19.09662 18.59075 18.08293 17.57321 17.06162 16.54821 16.03300 15.51606 14.99742 14.47712 13.95521 13.43175 12.90678 12.38035 11.85250 11.32331 10.79281 10.26106 9.72813 9.19406 8.65891 8.12274 7.58561 7.04759 6.50872 5.96908 5.42873 4.88772 4.34613 3.80402 3.26144 2.71847 2.17517 1.63161 1.08785 0.54396 0.00000 
100.00000 99.61937 99.23878 98.85824 98.47781 98.09749 97.71734 97.33737 96.95762 96.57812 96.19889 95.81998 95.44141 95.06320 94.68539 94.30800 93.93107 93.55462 93.17867 92.80326 92.42841 92.05414 91.68048 91.30745 90.93508 90.56338 90.19239 89.82211 89.45258 89.08381 88.71582 88.34862 87.98224 87.61669 87.25198 86.88813 86.52516 86.16308 85.80189 85.44161 85.08225 84.72382 84.36633 84.00978 83.65418 83.29954 82.94587 82.59315 82.24141 81.89063 81.54082 81.19199 80.84413 80.49723 80.15131 79.80634 79.46234 79.11929 78.77718 78.43602 78.09579 77.75649 77.41811 77.08063 76.74405 76.40835 76.07352 75.73956 75.40644 75.07415 74.74268 74.41201 74.08212 73.75300 73.42462 73.09698 72.77005 72.44381 72.11825 71.79333 71.46904 71.14537 70.82227 70.49974 70.17774 69.85626 69.53527 69.21474 68.89466 68.57498 68.25569 67.93677 67.61817 67.29988 66.98186 66.66410 66.34655 66.02920 65.71200 65.39494 65.07798 64.76109 64.44423 64.12739 63.81053 63.49361 63.17660 62.85948 62.54221 62.22476 61.90709 61.58917 61.27097 60.95246 60.63360 60.31436 59.99471 59.67460 59.35402 59.03292 58.71126 58.38902 58.06617 57.74266 57.41846 57.09354 56.76786 56.44139 56.11409 55.78593 55.45688 55.12689 54.79594 54.46400 54.13101 53.79696 53.46181 53.12552 52.78806 52.44940 52.10949 51.76832 51.42584 51.08201 50.73682 50.39022 50.04218 49.69266 49.34165 48.98909 48.63497 48.27925 47.92189 47.56288 47.20217 46.83973 46.47554 46.10957 45.74179 45.37216 45.00067 44.62727 44.25195 43.87468 43.49543 43.11417 42.73088 42.34554 41.95811 41.56859 41.17693 40.78313 40.38716 39.98899 39.58861 39.18600 38.78114 38.37402 37.96460 37.55289 37.13886 36.72249 36.30378 35.88271 35.45927 35.03345 34.60524 34.17463 33.74161 33.30617 32.86832 32.42804 31.98533 31.54020 31.09263 30.64263 30.19021 29.73535 29.27808 28.81838 28.35627 27.89176 27.42486 26.95557 26.48391 26.00990 25.53353 25.05484 24.57384 24.09055 23.60498 23.11717 22.62713 22.13488 21.64046 21.14389 20.64520 20.14442 19.64159 19.13673 18.62988 18.12107 17.61035 17.09775 16.58332 16.06709 15.54911 15.02941 14.50806 13.98509 13.46055 12.93450 12.40697 11.87803 11.34773 10.81612 10.28325 9.74919 9.21398 8.67769 8.14038 7.60210 7.06292 6.52289 5.98209 5.44057 4.89839 4.35562 3.81232 3.26857 2.72441 2.17993 1.63518 1.09023 0.54515 0.00000 
100.00000 99.62053 99.24109 98.86172 98.48244 98.10328 97.72428 97.34546 96.96686 96.58850 96.21042 95.83265 95.45521 95.07814 94.70145 94.32519 93.94938 93.57404 93.19920 92.82489 92.45113 92.07795 91.70537 91.33342 90.96212 90.59149 90.22154 89.85232 89.48382 89.11608 88.74910 88.38292 88.01754 87.65298 87.28926 86.92639 86.56438 86.20325 85.84301 85.48367 85.12524 84.76772 84.41113 84.05548 83.70077 83.34700 82.99418 82.64232 82.29141 81.94146 81.59248 81.24445 80.89738 80.55127 80.20612 79.86191 79.51866 79.17634 78.83497 78.49452 78.15500 77.81639 77.47869 77.14188 76.80595 76.47090 76.13671 75.80337 75.47087 75.13918 74.80830 74.47821 74.14889 73.82032 73.49250 73.16539 72.83899 72.51326 72.18820 71.86377 71.53997 71.21676 70.89413 70.57204 70.25049 69.92944 69.60887 69.28875 68.96906 68.64977 68.33087 68.01231 67.69407 67.37613 67.05845 66.74102 66.42379 66.10675 65.78985 65.47308 65.15640 64.83978 64.52319 64.20661 63.88999 63.57330 63.25653 62.93962 62.62256 62.30531 61.98783 61.67010 61.35207 61.03372 60.71502 60.39593 60.07641 59.75644 59.43597 59.11498 58.79343 58.47129 58.14852 57.82509 57.50096 57.17609 56.85047 56.52404 56.19678 55.86865 55.53961 55.20963 54.87868 54.54673 54.21373 53.87965 53.54447 53.20813 52.87062 52.53189 52.19192 51.85066 51.50809 51.16417 50.81887 50.47215 50.12398 49.77433 49.42317 49.07047 48.71618 48.36028 48.00275 47.64354 47.28263 46.91998 46.55557 46.18937 45.82134 45.45146 45.07970 44.70603 44.33043 43.95286 43.57330 43.19173 42.80812 42.42243 42.03466 41.64477 41.25275 40.85856 40.46219 40.06362 39.66283 39.25979 38.85449 38.44690 38.03702 37.62483 37.21031 36.79344 36.37421 35.95262 35.52864 35.10226 34.67348 34.24229 33.80868 33.37264 32.93417 32.49326 32.04991 31.60412 31.15588 30.70519 30.25207 29.79650 29.33850 28.87807 28.41521 27.94993 27.48225 27.01217 26.53970 26.06486 25.58767 25.10813 24.62627 24.14210 23.65565 23.16693 22.67598 22.18281 21.68745 21.18993 20.69027 20.18852 19.68469 19.17883 18.67096 18.16113 17.64937 17.13572 16.62023 16.10293 15.58386 15.06308 14.54062 14.01653 13.49087 12.96368 12.43502 11.90492 11.37346 10.84068 10.30664 9.77139 9.23499 8.69750 8.15898 7.61949 7.07910 6.53785 5.99581 5.45306 4.90964 4.36563 3.82109 3.27609 2.73069 2.18495 1.63895 1.09274 0.54640 0.00000 
100.00000 99.62166 99.24335 98.86510 98.48694 98.10891 97.73103 97.35333 96.97585 96.59861 96.22165 95.84498 95.46865 95.09268 94.71710 94.34193 93.96721 93.59296 93.21920 92.84597 92.47328 92.10116 91.72965 91.35875 90.98849 90.61890 90.24999 89.88179 89.51431 89.14758 88.78161 88.41642 88.05203 87.68845 87.32569 86.96379 86.60273 86.24255 85.88324 85.52482 85.16731 84.81070 84.45501 84.10024 83.74641 83.39351 83.04155 82.69053 82.34046 81.99134 81.64317 81.29595 80.94968 80.60436 80.25998 79.91654 79.57404 79.23247 78.89183 78.55210 78.21329 77.87538 77.53837 77.20224 76.86699 76.53260 76.19906 75.86636 75.53448 75.20341 74.87313 74.54364 74.21490 73.88691 73.55965 73.23310 72.90724 72.58205 72.25751 71.93360 71.61030 71.28759 70.96544 70.64383 70.32274 70.00214 69.68201 69.36233 69.04306 68.72419 68.40569 68.08753 67.76968 67.45211 67.13481 66.81773 66.50085 66.18415 65.86758 65.55113 65.23477 64.91845 64.60216 64.28586 63.96951 63.65310 63.33658 63.01993 62.70311 62.38609 62.06883 61.75131 61.43350 61.11535 60.79683 60.47792 60.15858 59.83877 59.51846 59.19761 58.87620 58.55419 58.23154 57.90822 57.58419 57.25942 56.93388 56.60753 56.28034 55.95227 55.62328 55.29335 54.96244 54.63051 54.29752 53.96346 53.62827 53.29192 52.95439 52.61564 52.27563 51.93433 51.59170 51.24771 50.90234 50.55553 50.20728 49.85752 49.50625 49.15342 48.79900 48.44297 48.08528 47.72591 47.36482 47.00200 46.63739 46.27099 45.90275 45.53264 45.16065 44.78674 44.41087 44.03304 43.65320 43.27134 42.88742 42.50142 42.11333 41.72310 41.33073 40.93618 40.53944 40.14048 39.73928 39.33583 38.93011 38.52209 38.11176 37.69911 37.28411 36.86675 36.44702 36.02491 35.60040 35.17348 34.74414 34.31238 33.87819 33.44155 33.00246 32.56092 32.11693 31.67048 31.22157 30.77020 30.31637 29.86009 29.40136 28.94018 28.47656 28.01051 27.54204 27.07115 26.59786 26.12219 25.64415 25.16374 24.68100 24.19594 23.70858 23.21894 22.72705 22.23292 21.73660 21.23809 20.73744 20.23468 19.72983 19.22293 18.71401 18.20312 17.69028 17.17555 16.65895 16.14053 15.62034 15.09841 14.57480 14.04956 13.52272 12.99435 12.46449 11.93319 11.40051 10.86651 10.33123 9.79474 9.25709 8.71834 8.17856 7.63780 7.09612 6.55359 6.01026 5.46621 4.92149 4.37618 3.83033 3.28401 2.73729 2.19024 1.64291 1.09539 0.54773 0.00000 
100.00000 99.62276 99.24554 98.86839 98.49133 98.11439 97.73760 97.36099 96.98460 96.60845 96.23257 95.85699 95.48173 95.10684 94.73233 94.35823 93.98457 93.61138 93.23868 92.86650 92.49486 92.12378 91.75330 91.38343 91.01420 90.64562 90.27773 89.91053 89.54405 89.17831 88.81333 88.44912 88.08570 87.72308 87.36129 87.00033 86.64021 86.28096 85.92258 85.56508 85.20847 84.85276 84.49796 84.14407 83.79111 83.43907 83.08797 82.73780 82.38857 82.04027 81.69292 81.34651 81.00103 80.65650 80.31290 79.97023 79.62849 79.28767 78.94777 78.60877 78.27068 77.93349 77.59718 77.26174 76.92717 76.59345 76.26057 75.92852 75.59728 75.26684 74.93719 74.60831 74.28018 73.95278 73.62610 73.30013 72.97483 72.65019 72.32620 72.00282 71.68005 71.35785 71.03621 70.71509 70.39449 70.07437 69.75471 69.43549 69.11668 68.79825 68.48018 68.16244 67.84500 67.52784 67.21093 66.89424 66.57774 66.26141 65.94521 65.62911 65.31308 64.99710 64.68114 64.36515 64.04912 63.73300 63.41677 63.10040 62.78386 62.46710 62.15010 61.83283 61.51526 61.19734 60.87905 60.56035 60.24121 59.92160 59.60148 59.28081 58.95958 58.63773 58.31523 57.99206 57.66817 57.34353 57.01811 56.69187 56.36479 56.03681 55.70791 55.37806 55.04721 54.71534 54.38241 54.04838 53.71323 53.37691 53.03939 52.70065 52.36063 52.01932 51.67667 51.33265 50.98723 50.64038 50.29206 49.94224 49.59089 49.23797 48.88345 48.52731 48.16950 47.81000 47.44877 47.08579 46.72102 46.35444 45.98602 45.61572 45.24352 44.86939 44.49330 44.11522 43.73513 43.35300 42.96881 42.58252 42.19412 41.80358 41.41088 41.01599 40.61890 40.21958 39.81800 39.41416 39.00803 38.59959 38.18883 37.77573 37.36027 36.94243 36.52222 36.09960 35.67457 35.24712 34.81724 34.38491 33.95013 33.51290 33.07321 32.63104 32.18641 31.73930 31.28972 30.83767 30.38313 29.92613 29.46666 29.00473 28.54035 28.07351 27.60424 27.13254 26.65842 26.18189 25.70298 25.22170 24.73806 24.25208 23.76379 23.27320 22.78035 22.28525 21.78792 21.28841 20.78673 20.28293 19.77702 19.26905 18.75905 18.24705 17.73310 17.21723 16.69949 16.17991 15.65854 15.13543 14.61063 14.08417 13.55611 13.02650 12.49539 11.96284 11.42889 10.89360 10.35704 9.81925 9.28029 8.74023 8.19912 7.65702 7.11400 6.57012 6.02544 5.48003 4.93394 4.38726 3.84003 3.29234 2.74423 2.19579 1.64708 1.09817 0.54912 0.00000 
100.00000 99.62382 99.24767 98.87159 98.49559 98.11971 97.74399 97.36844 96.99311 96.61801 96.24319 95.86866 95.49446 95.12061 94.74715 94.37409 94.00147 93.62931 93.25764 92.88648 92.51587 92.14581 91.77634 91.40748 91.03925 90.67167 90.30477 89.93856 89.57306 89.20830 88.84428 88.48103 88.11857 87.75690 87.39605 87.03602 86.67684 86.31850 85.96104 85.60444 85.24873 84.89391 84.53999 84.18699 83.83489 83.48371 83.13346 82.78413 82.43573 82.08826 81.74173 81.39612 81.05145 80.70771 80.36489 80.02299 79.68202 79.34195 79.00280 78.66455 78.32718 77.99071 77.65511 77.32037 76.98649 76.65346 76.32125 75.98987 75.65929 75.32950 75.00048 74.67223 74.34472 74.01793 73.69186 73.36647 73.04176 72.71770 72.39427 72.07145 71.74922 71.42756 71.10645 70.78586 70.46577 70.14615 69.82699 69.50825 69.18991 68.87195 68.55434 68.23705 67.92005 67.60333 67.28684 66.97057 66.65448 66.33854 66.02273 65.70701 65.39136 65.07575 64.76013 64.44450 64.12880 63.81302 63.49712 63.18106 62.86482 62.54836 62.23165 61.91466 61.59736 61.27971 60.96167 60.64322 60.32432 60.00494 59.68505 59.36460 59.04356 58.72191 58.39961 58.07661 57.75290 57.42843 57.10316 56.77707 56.45012 56.12228 55.79350 55.46376 55.13301 54.80124 54.46839 54.13444 53.79936 53.46310 53.12563 52.78692 52.44694 52.10565 51.76301 51.41899 51.07357 50.72670 50.37835 50.02850 49.67710 49.32412 48.96953 48.61331 48.25541 47.89581 47.53447 47.17137 46.80647 46.43975 46.07117 45.70071 45.32833 44.95400 44.57771 44.19942 43.81910 43.43673 43.05229 42.66574 42.27706 41.88623 41.49322 41.09802 40.70059 40.30093 39.89899 39.49478 39.08826 38.67942 38.26824 37.85471 37.43880 37.02051 36.59981 36.17671 35.75117 35.32319 34.89277 34.45989 34.02454 33.58672 33.14642 32.70364 32.25837 31.81061 31.36035 30.90761 30.45237 29.99465 29.53444 29.07175 28.60658 28.13896 27.66887 27.19634 26.72137 26.24399 25.76419 25.28201 24.79745 24.31054 23.82130 23.32974 22.83590 22.33979 21.84144 21.34089 20.83816 20.33328 19.82628 19.31720 18.80607 18.29294 17.77783 17.26079 16.74186 16.22108 15.69850 15.17416 14.64810 14.12038 13.59105 13.06015 12.52775 11.99388 11.45861 10.92198 10.38407 9.84492 9.30460 8.76316 8.22066 7.67717 7.13274 6.58745 6.04135 5.49451 4.94700 4.39888 3.85021 3.30107 2.75152 2.20162 1.65146 1.10109 0.55058 0.00000 
100.00000 99.62486 99.24974 98.87469 98.49973 98.12489 97.75020 97.37568 97.00138 96.62731 96.25351 95.88001 95.50683 95.13400 94.76156 94.38951 94.01791 93.64676 93.27609 92.90594 92.53632 92.16725 91.79877 91.43090 91.06365 90.69705 90.33112 89.96587 89.60134 89.23753 88.87447 88.51216 88.15064 87.78991 87.42998 87.07088 86.71261 86.35519 85.99862 85.64292 85.28810 84.93417 84.58113 84.22899 83.87775 83.52743 83.17802 82.82954 82.48197 82.13533 81.78961 81.44481 81.10094 80.75799 80.41596 80.07484 79.73464 79.39534 79.05694 78.71943 78.38280 78.04706 77.71218 77.37815 77.04498 76.71264 76.38112 76.05042 75.72051 75.39138 75.06302 74.73541 74.40853 74.08238 73.75692 73.43215 73.10804 72.78457 72.46173 72.13949 71.81783 71.49673 71.17617 70.85612 70.53657 70.21748 69.89884 69.58061 69.26277 68.94531 68.62818 68.31137 67.99484 67.67858 67.36254 67.04671 66.73106 66.41555 66.10016 65.78485 65.46961 65.15439 64.83916 64.52391 64.20858 63.89316 63.57761 63.26190 62.94600 62.62987 62.31349 61.99681 61.67982 61.36246 61.04472 60.72655 60.40792 60.08881 59.76917 59.44897 59.12818 58.80676 58.48468 58.16190 57.83839 57.51412 57.18904 56.86313 56.53636 56.20868 55.88005 55.55046 55.21986 54.88821 54.55548 54.22165 53.88666 53.55050 53.21311 52.87448 52.53456 52.19332 51.85073 51.50675 51.16135 50.81450 50.46616 50.11630 49.76488 49.41188 49.05726 48.70099 48.34303 47.98336 47.62195 47.25876 46.89376 46.52692 46.15821 45.78761 45.41508 45.04059 44.66412 44.28565 43.90513 43.52255 43.13787 42.75108 42.36215 41.97106 41.57777 41.18227 40.78453 40.38454 39.98227 39.57770 39.17082 38.76159 38.35002 37.93607 37.51973 37.10099 36.67983 36.25624 35.83021 35.40172 34.97077 34.53734 34.10143 33.66303 33.22213 32.77873 32.33282 31.88440 31.43348 30.98004 30.52410 30.06565 29.60469 29.14124 28.67529 28.20686 27.73595 27.26258 26.78676 26.30849 25.82780 25.34470 24.85920 24.37134 23.88112 23.38857 22.89371 22.39657 21.89718 21.39555 20.89173 20.38575 19.87762 19.36740 18.85511 18.34080 17.82450 17.30624 16.78608 16.26406 15.74021 15.21459 14.68724 14.15821 13.62756 13.09532 12.56156 12.02632 11.48967 10.95166 10.41234 9.87177 9.33002 8.78714 8.24319 7.69824 7.15235 6.60558 6.05800 5.50967 4.96066 4.41104 3.86086 3.31021 2.75914 2.20772 1.65604 1.10414 0.55210 0.00000 
100.00000 99.62586 99.25176 98.87771 98.50375 98.12991 97.75622 97.38271 97.00941 96.63634 96.26354 95.89104 95.51885 95.14702 94.77556 94.40451 94.03388 93.66372 93.29403 92.92485 92.55621 92.18812 91.82060 91.45369 91.08740 90.72176 90.35678 89.99248 89.62889 89.26602 88.90389 88.54252 88.18192 87.82211 87.46310 87.10490 86.74754 86.39101 86.03534 85.68053 85.32659 84.97353 84.62136 84.27008 83.91970 83.57023 83.22167 82.87402 82.52729 82.18147 81.83657 81.49258 81.14952 80.80736 80.46612 80.12578 79.78635 79.44782 79.11018 78.77343 78.43755 78.10254 77.76839 77.43509 77.10263 76.77100 76.44018 76.11017 75.78095 75.45249 75.12480 74.79786 74.47164 74.14613 73.82131 73.49717 73.17368 72.85083 72.52859 72.20695 71.88588 71.56537 71.24538 70.92590 70.60691 70.28837 69.97027 69.65258 69.33527 69.01833 68.70171 68.38540 68.06938 67.75360 67.43805 67.12269 66.80750 66.49245 66.17751 65.86264 65.54783 65.23304 64.91823 64.60338 64.28846 63.97344 63.65827 63.34294 63.02741 62.71165 62.39562 62.07929 61.76263 61.44561 61.12819 60.81034 60.49202 60.17320 59.85385 59.53394 59.21342 58.89227 58.57044 58.24792 57.92465 57.60061 57.27576 56.95007 56.62350 56.29602 55.96759 55.63818 55.30775 54.97626 54.64369 54.31000 53.97515 53.63911 53.30185 52.96332 52.62350 52.28236 51.93984 51.59594 51.25060 50.90379 50.55549 50.20566 49.85426 49.50127 49.14664 48.79035 48.43237 48.07267 47.71120 47.34795 46.98288 46.61595 46.24715 45.87644 45.50379 45.12917 44.75255 44.37391 43.99322 43.61045 43.22558 42.83858 42.44942 42.05808 41.66453 41.26876 40.87074 40.47044 40.06785 39.66295 39.25571 38.84612 38.43416 38.01981 37.60306 37.18389 36.76228 36.33822 35.91171 35.48272 35.05124 34.61728 34.18081 33.74183 33.30034 32.85632 32.40978 31.96071 31.50912 31.05499 30.59833 30.13915 29.67745 29.21322 28.74648 28.27724 27.80550 27.33128 26.85458 26.37542 25.89382 25.40978 24.92333 24.43449 23.94327 23.44970 22.95381 22.45561 21.95514 21.45242 20.94748 20.44035 19.93107 19.41967 18.90618 18.39065 17.87311 17.35361 16.83217 16.30886 15.78370 15.25675 14.72806 14.19768 13.66564 13.13201 12.59685 12.06019 11.52210 10.98264 10.44186 9.89981 9.35657 8.81219 8.26674 7.72026 7.17284 6.62453 6.07540 5.52552 4.97494 4.42375 3.87200 3.31976 2.76711 2.21410 1.66082 1.10733 0.55370 0.00000 
100.00000 99.62684 99.25371 98.88064 98.50765 98.13479 97.76207 97.38954 97.01721 96.64511 96.27328 95.90174 95.53052 95.15965 94.78916 94.41907 94.04940 93.68019 93.31147 92.94324 92.57554 92.20840 91.84183 91.47586 91.11051 90.74580 90.38176 90.01839 89.65572 89.29377 88.93256 88.57210 88.21241 87.85351 87.49540 87.13810 86.78163 86.42599 86.07120 85.71727 85.36420 85.01201 84.66070 84.31028 83.96075 83.61213 83.26441 82.91759 82.57169 82.22669 81.88261 81.53944 81.19718 80.85582 80.51537 80.17583 79.83718 79.49942 79.16254 78.82655 78.49143 78.15716 77.82376 77.49119 77.15946 76.82855 76.49845 76.16914 75.84061 75.51286 75.18585 74.85958 74.53403 74.20919 73.88503 73.56153 73.23869 72.91647 72.59486 72.27384 71.95339 71.63348 71.31409 70.99520 70.67679 70.35883 70.04130 69.72417 69.40741 69.09101 68.77494 68.45916 68.14366 67.82840 67.51336 67.19850 66.88381 66.56924 66.25478 65.94039 65.62604 65.31170 64.99734 64.68294 64.36845 64.05385 63.73911 63.42419 63.10906 62.79369 62.47805 62.16210 61.84582 61.52916 61.21209 60.89459 60.57662 60.25813 59.93911 59.61951 59.29930 58.97845 58.65692 58.33468 58.01169 57.68792 57.36333 57.03789 56.71156 56.38431 56.05611 55.72691 55.39669 55.06541 54.73303 54.39952 54.06484 53.72896 53.39185 53.05347 52.71378 52.37276 52.03036 51.68655 51.34131 50.99459 50.64636 50.29659 49.94524 49.59228 49.23769 48.88142 48.52344 48.16373 47.80225 47.43897 47.07385 46.70688 46.33801 45.96721 45.59447 45.21975 44.84301 44.46424 44.08340 43.70047 43.31542 42.92823 42.53886 42.14730 41.75352 41.35750 40.95921 40.55863 40.15575 39.75053 39.34296 38.93303 38.52070 38.10597 37.68882 37.26923 36.84718 36.42267 35.99568 35.56620 35.13421 34.69972 34.26270 33.82315 33.38107 32.93644 32.48927 32.03956 31.58729 31.13247 30.67510 30.21518 29.75272 29.28772 28.82018 28.35012 27.87754 27.40245 26.92487 26.44480 25.96226 25.47728 24.98985 24.50001 24.00778 23.51317 23.01621 22.51693 22.01535 21.51150 21.00541 20.49711 19.98664 19.47402 18.95930 18.44251 17.92370 17.40290 16.88015 16.35549 15.82898 15.30066 14.77058 14.23878 13.70532 13.17025 12.63362 12.09549 11.55591 11.01494 10.47263 9.92906 9.38427 8.83832 8.29129 7.74324 7.19422 6.64430 6.09356 5.54205 4.98985 4.43701 3.88362 3.32973 2.77542 2.22076 1.66582 1.11066 0.55537 0.00000 
100.00000 99.62778 99.25560 98.88347 98.51144 98.13952 97.76775 97.39615 97.02477 96.65361 96.28272 95.91213 95.54185 95.17192 94.80236 94.43320 94.06447 93.69620 93.32840 92.96110 92.59433 92.22811 91.86246 91.49741 91.13298 90.76919 90.40605 90.04360 89.68184 89.32079 88.96048 88.60092 88.24212 87.88411 87.52689 87.17047 86.81488 86.46012 86.10620 85.75314 85.40094 85.04961 84.69915 84.34959 84.00091 83.65312 83.30624 82.96026 82.61518 82.27101 81.92775 81.58539 81.24393 80.90338 80.56373 80.22497 79.88711 79.55013 79.21403 78.87880 78.54444 78.21094 77.87828 77.54646 77.21547 76.88529 76.55592 76.22733 75.89952 75.57247 75.24616 74.92059 74.59573 74.27156 73.94808 73.62525 73.30307 72.98151 72.66055 72.34017 72.02035 71.70107 71.38230 71.06403 70.74622 70.42886 70.11192 69.79538 69.47921 69.16338 68.84787 68.53265 68.21770 67.90299 67.58848 67.27416 66.95998 66.64594 66.33198 66.01809 65.70424 65.39039 65.07651 64.76258 64.44856 64.13441 63.82012 63.50564 63.19095 62.87601 62.56079 62.24526 61.92938 61.61312 61.29644 60.97932 60.66172 60.34361 60.02494 59.70570 59.38583 59.06532 58.74411 58.42219 58.09951 57.77605 57.45175 57.12660 56.80055 56.47357 56.14562 55.81668 55.48670 55.15565 54.82350 54.49020 54.15573 53.82005 53.48313 53.14492 52.80540 52.46453 52.12228 51.77862 51.43350 51.08689 50.73877 50.38909 50.03783 49.68495 49.33041 48.97419 48.61626 48.25657 47.89510 47.53182 47.16669 46.79969 46.43079 46.05994 45.68714 45.31233 44.93551 44.55663 44.17567 43.79261 43.40741 43.02005 42.63051 42.23875 41.84476 41.44851 41.04998 40.64914 40.24598 39.84047 39.43259 39.02232 38.60965 38.19455 37.77701 37.35702 36.93455 36.50960 36.08215 35.65219 35.21970 34.78468 34.34712 33.90701 33.46434 33.01911 32.57132 32.12095 31.66801 31.21250 30.75442 30.29376 29.83054 29.36476 28.89641 28.42552 27.95209 27.47613 26.99764 26.51665 26.03317 25.54721 25.05879 24.56794 24.07466 23.57899 23.08094 22.58055 22.07783 21.57282 21.06555 20.55605 20.04435 19.53048 19.01449 18.49641 17.97627 17.45413 16.93002 16.40399 15.87608 15.34634 14.81481 14.28156 13.74662 13.21005 12.67190 12.13224 11.59111 11.04857 10.50468 9.95951 9.41311 8.86554 8.31688 7.76717 7.21649 6.66491 6.11248 5.55928 5.00538 4.45084 3.89573 3.34012 2.78409 2.22770 1.67103 1.11414 0.55710 0.00000 
100.00000 99.62870 99.25743 98.88622 98.51510 98.14410 97.77324 97.40256 97.03209 96.66185 96.29188 95.92219 95.55283 95.18381 94.81516 94.44691 94.07909 93.71172 93.34482 92.97843 92.61257 92.24725 91.88250 91.51835 91.15482 90.79192 90.42967 90.06811 89.70724 89.34708 88.98765 88.62897 88.27106 87.91392 87.55757 87.20203 86.84731 86.49341 86.14036 85.78815 85.43681 85.08633 84.73672 84.38800 84.04017 83.69322 83.34717 83.00202 82.65777 82.31442 81.97198 81.63043 81.28979 80.95004 80.61119 80.27323 79.93616 79.59996 79.26465 78.93020 78.59661 78.26387 77.93198 77.60091 77.27067 76.94124 76.61260 76.28475 75.95766 75.63134 75.30575 74.98088 74.65673 74.33326 74.01047 73.68834 73.36683 73.04595 72.72566 72.40594 72.08678 71.76815 71.45002 71.13239 70.81522 70.49848 70.18216 69.86623 69.55066 69.23543 68.92052 68.60589 68.29151 67.97737 67.66343 67.34966 67.03604 66.72254 66.40912 66.09577 65.78244 65.46910 65.15574 64.84231 64.52878 64.21513 63.90132 63.58732 63.27310 62.95862 62.64385 62.32876 62.01332 61.69749 61.38125 61.06454 60.74735 60.42964 60.11137 59.79250 59.47302 59.15287 58.83203 58.51046 58.18813 57.86500 57.54104 57.21621 56.89047 56.56379 56.23615 55.90749 55.57779 55.24700 54.91511 54.58206 54.24784 53.91239 53.57568 53.23769 52.89837 52.55770 52.21563 51.87213 51.52718 51.18072 50.83274 50.48319 50.13204 49.77927 49.42483 49.06869 48.71082 48.35119 47.98977 47.62652 47.26141 46.89442 46.52551 46.15464 45.78180 45.40695 45.03006 44.65111 44.27006 43.88689 43.50156 43.11407 42.72437 42.33244 41.93826 41.54181 41.14306 40.74198 40.33856 39.93278 39.52460 39.11403 38.70102 38.28558 37.86767 37.44729 37.02441 36.59903 36.17113 35.74070 35.30772 34.87219 34.43410 33.99343 33.55018 33.10435 32.65593 32.20492 31.75131 31.29511 30.83631 30.37491 29.91093 29.44435 28.97520 28.50347 28.02917 27.55232 27.07292 26.59100 26.10655 25.61961 25.13018 24.63828 24.14394 23.64718 23.14802 22.64649 22.14261 21.63641 21.12793 20.61719 20.10422 19.58907 19.07177 18.55235 18.03086 17.50734 16.98183 16.45437 15.92501 15.39380 14.86078 14.32601 13.78954 13.25142 12.71170 12.17045 11.62771 11.08355 10.53802 9.99119 9.44312 8.89387 8.34350 7.79208 7.23967 6.68635 6.13218 5.57722 5.02155 4.46523 3.90834 3.35094 2.79312 2.23493 1.67645 1.11775 0.55891 0.00000 
100.00000 99.62959 99.25921 98.88888 98.51865 98.14853 97.77856 97.40877 97.03918 96.66983 96.30074 95.93194 95.56346 95.19532 94.82756 94.46019 94.09325 93.72677 93.36075 92.99524 92.63025 92.26582 91.90195 91.53867 91.17601 90.81399 90.45262 90.09193 89.73193 89.37264 89.01408 88.65627 88.29921 87.94294 87.58745 87.23277 86.87890 86.52586 86.17366 85.82231 85.47181 85.12218 84.77342 84.42553 84.07854 83.73243 83.38721 83.04289 82.69946 82.35694 82.01531 81.67458 81.33475 80.99581 80.65776 80.32060 79.98432 79.64893 79.31440 78.98073 78.64792 78.31596 77.98484 77.65454 77.32506 76.99639 76.66850 76.34140 76.01506 75.68947 75.36461 75.04048 74.71704 74.39430 74.07222 73.75079 73.42998 73.10979 72.79019 72.47116 72.15268 71.83472 71.51726 71.20029 70.88377 70.56769 70.25201 69.93672 69.62178 69.30718 68.99288 68.67886 68.36509 68.05155 67.73821 67.42503 67.11199 66.79906 66.48621 66.17342 65.86064 65.54786 65.23503 64.92214 64.60914 64.29601 63.98272 63.66922 63.35550 63.04152 62.72724 62.41263 62.09766 61.78230 61.46650 61.15025 60.83350 60.51622 60.19838 59.87994 59.56087 59.24113 58.92068 58.59951 58.27755 57.95480 57.63120 57.30672 56.98133 56.65500 56.32768 55.99934 55.66995 55.33948 55.00788 54.67512 54.34116 54.00598 53.66953 53.33179 52.99271 52.65226 52.31041 51.96712 51.62236 51.27609 50.92827 50.57889 50.22789 49.87525 49.52094 49.16492 48.80715 48.44761 48.08627 47.72308 47.35803 46.99107 46.62218 46.25133 45.87848 45.50361 45.12669 44.74768 44.36657 43.98332 43.59790 43.21029 42.82046 42.42839 42.03405 41.63741 41.23846 40.83717 40.43351 40.02747 39.61903 39.20816 38.79484 38.37907 37.96081 37.54005 37.11678 36.69099 36.26265 35.83176 35.39830 34.96227 34.52365 34.08243 33.63861 33.19219 32.74315 32.29149 31.83721 31.38031 30.92079 30.45866 29.99390 29.52653 29.05656 28.58398 28.10881 27.63106 27.15074 26.66786 26.18244 25.69449 25.20402 24.71107 24.21565 23.71777 23.21747 22.71478 22.20970 21.70229 21.19256 20.68055 20.16629 19.64981 19.13116 18.61037 18.08748 17.56254 17.03558 16.50664 15.97579 15.44306 14.90850 14.37217 13.83412 13.29439 12.75305 12.21015 11.66574 11.11990 10.57267 10.02412 9.47431 8.92331 8.37117 7.81797 7.26378 6.70865 6.15265 5.59587 5.03836 4.48020 3.92145 3.36220 2.80250 2.24244 1.68209 1.12152 0.56079 0.00000 
100.00000 99.63045 99.26092 98.89145 98.52208 98.15282 97.78371 97.41477 97.04604 96.67755 96.30931 95.94137 95.57374 95.20647 94.83956 94.47305 94.10697 93.74134 93.37618 93.01153 92.64740 92.28381 91.92080 91.55838 91.19658 90.83541 90.47489 90.11505 89.75590 89.39747 89.03976 88.68280 88.32660 87.97117 87.61653 87.26270 86.90967 86.55748 86.20612 85.85561 85.50595 85.15716 84.80923 84.46218 84.11602 83.77074 83.42635 83.08286 82.74026 82.39855 82.05774 81.71783 81.37881 81.04069 80.70345 80.36709 80.03162 79.69702 79.36329 79.03042 78.69840 78.36722 78.03688 77.70736 77.37865 77.05075 76.72363 76.39728 76.07170 75.74687 75.42276 75.09937 74.77668 74.45466 74.13331 73.81261 73.49253 73.17305 72.85416 72.53584 72.21806 71.90079 71.58403 71.26774 70.95190 70.63649 70.32148 70.00685 69.69257 69.37862 69.06497 68.75159 68.43846 68.12554 67.81282 67.50026 67.18783 66.87550 66.56325 66.25105 65.93886 65.62666 65.31440 65.00208 64.68964 64.37706 64.06431 63.75136 63.43817 63.12471 62.81095 62.49686 62.18239 61.86753 61.55223 61.23646 60.92019 60.60338 60.28600 59.96801 59.64939 59.33009 59.01008 58.68932 58.36779 58.04544 57.72224 57.39815 57.07315 56.74718 56.42023 56.09225 55.76321 55.43308 55.10180 54.76937 54.43572 54.10084 53.76469 53.42723 53.08842 52.74823 52.40663 52.06358 51.71905 51.37299 51.02539 50.67620 50.32539 49.97292 49.61877 49.26289 48.90526 48.54584 48.18461 47.82152 47.45654 47.08966 46.72082 46.35001 45.97718 45.60232 45.22540 44.84637 44.46522 44.08191 43.69643 43.30873 42.91880 42.52661 42.13213 41.73533 41.33621 40.93472 40.53085 40.12458 39.71588 39.30474 38.89113 38.47504 38.05644 37.63533 37.21169 36.78549 36.35673 35.92539 35.49146 35.05493 34.61579 34.17404 33.72965 33.28263 32.83298 32.38068 31.92573 31.46814 31.00790 30.54502 30.07949 29.61132 29.14052 28.66709 28.19104 27.71238 27.23112 26.74727 26.26085 25.77188 25.28037 24.78633 24.28980 23.79079 23.28933 22.78544 22.27915 21.77048 21.25948 20.74616 20.23057 19.71273 19.19270 18.67049 18.14616 17.61975 17.09130 16.56085 16.02845 15.49415 14.95800 14.42006 13.88036 13.33897 12.79595 12.25134 11.70522 11.15763 10.60864 10.05830 9.50670 8.95388 8.39991 7.84487 7.28881 6.73180 6.17393 5.61524 5.05583 4.49575 3.93508 3.37389 2.81226 2.25025 1.68795 1.12542 0.56275 0.00000 
100.00000 99.63127 99.26258 98.89394 98.52539 98.15696 97.78867 97.42057 97.05267 96.68500 96.31760 95.95048 95.58369 95.21724 94.85116 94.48549 94.12023 93.75543 93.39111 93.02729 92.66399 92.30124 91.93906 91.57748 91.21650 90.85617 90.49649 90.13748 89.77917 89.42157 89.06470 88.70857 88.35320 87.99861 87.64481 87.29181 86.93962 86.58826 86.23773 85.88805 85.53923 85.19127 84.84417 84.49795 84.15262 83.80817 83.46460 83.12193 82.78016 82.43927 82.09929 81.76019 81.42199 81.08468 80.74825 80.41271 80.07804 79.74425 79.41132 79.07925 78.74803 78.41764 78.08809 77.75936 77.43144 77.10432 76.77798 76.45241 76.12760 75.80354 75.48020 75.15757 74.83563 74.51437 74.19377 73.87381 73.55447 73.23573 72.91757 72.59998 72.28292 71.96637 71.65032 71.33474 71.01960 70.70489 70.39058 70.07663 69.76304 69.44976 69.13679 68.82407 68.51160 68.19934 67.88727 67.57535 67.26357 66.95188 66.64025 66.32867 66.01710 65.70550 65.39385 65.08212 64.77028 64.45829 64.14612 63.83374 63.52111 63.20821 62.89501 62.58146 62.26753 61.95320 61.63843 61.32318 61.00742 60.69111 60.37423 60.05673 59.73859 59.41976 59.10022 58.77992 58.45884 58.13693 57.81417 57.49051 57.16592 56.84037 56.51382 56.18623 55.85757 55.52781 55.19691 54.86482 54.53153 54.19698 53.86116 53.52401 53.18551 52.84562 52.50430 52.16153 51.81726 51.47146 51.12410 50.77513 50.42454 50.07228 49.71832 49.36262 49.00516 48.64590 48.28480 47.92184 47.55698 47.19019 46.82144 46.45070 46.07793 45.70311 45.32621 44.94719 44.56603 44.18270 43.79717 43.40941 43.01940 42.62711 42.23252 41.83559 41.43631 41.03466 40.63060 40.22411 39.81518 39.40379 38.98990 38.57352 38.15460 37.73315 37.30914 36.88255 36.45338 36.02161 35.58722 35.15021 34.71056 34.26827 33.82333 33.37572 32.92546 32.47252 32.01691 31.55862 31.09766 30.63403 30.16772 29.69875 29.22711 28.75282 28.27587 27.79629 27.31408 26.82926 26.34183 25.85181 25.35923 24.86410 24.36644 23.86627 23.36362 22.85851 22.35097 21.84102 21.32871 20.81405 20.29709 19.77786 19.25640 18.73274 18.20693 17.67900 17.14901 16.61700 16.08301 15.54710 15.00931 14.46969 13.92830 13.38520 12.84043 12.29407 11.74616 11.19676 10.64594 10.09377 9.54030 8.98560 8.42973 7.87277 7.31478 6.75584 6.19600 5.63535 5.07396 4.51189 3.94922 3.38603 2.82238 2.25836 1.69403 1.12948 0.56478 0.00000 
100.00000 99.63207 99.26417 98.89633 98.52858 98.16095 97.79347 97.42616 97.05906 96.69219 96.32559 95.95928 95.59328 95.22764 94.86237 94.49749 94.13305 93.76906 93.40554 93.04253 92.68004 92.31810 91.95673 91.59596 91.23580 90.87628 90.51741 90.15922 89.80173 89.44495 89.08889 88.73359 88.37904 88.02527 87.67229 87.32011 86.96874 86.61821 86.26850 85.91965 85.57165 85.22451 84.87824 84.53285 84.18833 83.84471 83.50197 83.16012 82.81917 82.47910 82.13994 81.80166 81.46428 81.12779 80.79218 80.45745 80.12360 79.79062 79.45850 79.12723 78.79682 78.46724 78.13849 77.81056 77.48344 77.15711 76.83157 76.50679 76.18277 75.85948 75.53692 75.21507 74.89391 74.57342 74.25359 73.93440 73.61582 73.29783 72.98043 72.66358 72.34726 72.03146 71.71614 71.40129 71.08689 70.77290 70.45930 70.14607 69.83319 69.52062 69.20834 68.89632 68.58454 68.27297 67.96157 67.65033 67.33921 67.02818 66.71722 66.40629 66.09536 65.78441 65.47339 65.16229 64.85107 64.53969 64.22814 63.91636 63.60433 63.29203 62.97941 62.66644 62.35308 62.03932 61.72510 61.41041 61.09519 60.77942 60.46307 60.14610 59.82847 59.51016 59.19111 58.87131 58.55071 58.22929 57.90699 57.58380 57.25966 56.93456 56.60844 56.28128 55.95305 55.62369 55.29319 54.96150 54.62858 54.29441 53.95895 53.62215 53.28399 52.94443 52.60344 52.26097 51.91700 51.57149 51.22440 50.87571 50.52536 50.17334 49.81961 49.46413 49.10687 48.74779 48.38687 48.02407 47.65935 47.29269 46.92406 46.55342 46.18073 45.80598 45.42913 45.05015 44.66901 44.28568 43.90014 43.51235 43.12229 42.72993 42.33525 41.93821 41.53881 41.13700 40.73277 40.32610 39.91695 39.50532 39.09119 38.67452 38.25531 37.83353 37.40917 36.98221 36.55264 36.12045 35.68561 35.24813 34.80798 34.36516 33.91967 33.47148 33.02061 32.56703 32.11076 31.65178 31.19010 30.72571 30.25863 29.78884 29.31636 28.84120 28.36335 27.88284 27.39967 26.91385 26.42539 25.93432 25.44065 24.94440 24.44558 23.94423 23.44036 22.93401 22.42519 21.91393 21.40028 20.88425 20.36589 19.84522 19.32229 18.79714 18.26981 17.74033 17.20875 16.67513 16.13950 15.60192 15.06243 14.52110 13.97796 13.43308 12.88652 12.33833 11.78858 11.23732 10.68461 10.13053 9.57513 9.01848 8.46065 7.90171 7.34172 6.78076 6.21890 5.65621 5.09276 4.52863 3.96389 3.39862 2.83288 2.26677 1.70034 1.13369 0.56688 0.00000 
100.00000 99.63284 99.26571 98.89864 98.53166 98.16479 97.79808 97.43154 97.06521 96.69912 96.33329 95.96775 95.60253 95.23767 94.87317 94.50908 94.14541 93.78220 93.41947 93.05724 92.69554 92.33438 91.97381 91.61382 91.25446 90.89573 90.53766 90.18027 89.82358 89.46759 89.11234 88.75784 88.40410 88.05114 87.69896 87.34760 86.99704 86.64732 86.29843 85.95039 85.60320 85.25688 84.91143 84.56686 84.22317 83.88036 83.53844 83.19741 82.85728 82.51804 82.17970 81.84225 81.50568 81.17001 80.83522 80.50132 80.16828 79.83612 79.50482 79.17437 78.84478 78.51601 78.18808 77.86096 77.53465 77.20913 76.88439 76.56042 76.23719 75.91471 75.59295 75.27189 74.95152 74.63182 74.31278 73.99437 73.67657 73.35936 73.04273 72.72665 72.41110 72.09606 71.78151 71.46741 71.15376 70.84052 70.52766 70.21518 69.90302 69.59119 69.27963 68.96834 68.65727 68.34641 68.03573 67.72519 67.41476 67.10443 66.79415 66.48390 66.17365 65.86337 65.55302 65.24258 64.93202 64.62129 64.31037 63.99924 63.68784 63.37616 63.06416 62.75180 62.43906 62.12589 61.81227 61.49816 61.18352 60.86833 60.55254 60.23613 59.91905 59.60128 59.28278 58.96350 58.64343 58.32251 58.00072 57.67802 57.35438 57.02976 56.70411 56.37742 56.04964 55.72073 55.39066 55.05940 54.72690 54.39314 54.05807 53.72166 53.38388 53.04469 52.70405 52.36193 52.01829 51.67310 51.32633 50.97793 50.62787 50.27612 49.92265 49.56742 49.21039 48.85153 48.49082 48.12821 47.76367 47.39718 47.02869 46.65818 46.28561 45.91096 45.53419 45.15528 44.77419 44.39089 44.00536 43.61756 43.22748 42.83507 42.44033 42.04321 41.64370 41.24177 40.83739 40.43055 40.02122 39.60937 39.19500 38.77807 38.35858 37.93649 37.51180 37.08449 36.65453 36.22193 35.78666 35.34871 34.90807 34.46474 34.01869 33.56994 33.11846 32.66425 32.20731 31.74764 31.28524 30.82010 30.35223 29.88163 29.40830 28.93226 28.45350 27.97205 27.48790 27.00107 26.51157 26.01943 25.52465 25.02726 24.52727 24.02471 23.51960 23.01197 22.50184 21.98925 21.47422 20.95679 20.43699 19.91485 19.39042 18.86373 18.33483 17.80375 17.27055 16.73526 16.19795 15.65865 15.11741 14.57430 14.02936 13.48266 12.93424 12.38417 11.83251 11.27932 10.72466 10.16860 9.61121 9.05254 8.49268 7.93169 7.36963 6.80659 6.24263 5.67782 5.11225 4.54598 3.97909 3.41166 2.84377 2.27548 1.70689 1.13805 0.56907 0.00000 
100.00000 99.63358 99.26719 98.90085 98.53461 98.16849 97.80252 97.43672 97.07113 96.70578 96.34070 95.97591 95.61144 95.24732 94.88357 94.52023 94.15732 93.79487 93.43289 93.07142 92.71048 92.35010 91.99029 91.63107 91.27248 90.91453 90.55724 90.20062 89.84471 89.48951 89.13505 88.78133 88.42839 88.07622 87.72484 87.37427 87.02452 86.67559 86.32751 85.98028 85.63390 85.28839 84.94375 84.59999 84.25711 83.91512 83.57403 83.23382 82.89451 82.55609 82.21857 81.88194 81.54620 81.21135 80.87739 80.54431 80.21210 79.88077 79.55029 79.22067 78.89190 78.56396 78.23685 77.91055 77.58506 77.26036 76.93645 76.61329 76.29089 75.96922 75.64827 75.32802 75.00847 74.68957 74.37133 74.05372 73.73673 73.42032 73.10448 72.78920 72.47444 72.16018 71.84641 71.53310 71.22022 70.90775 70.59567 70.28394 69.97255 69.66147 69.35067 69.04013 68.72981 68.41969 68.10974 67.79993 67.49023 67.18062 66.87106 66.56153 66.25198 65.94240 65.63275 65.32300 65.01312 64.70308 64.39284 64.08237 63.77164 63.46062 63.14927 62.83756 62.52545 62.21292 61.89992 61.58643 61.27241 60.95783 60.64264 60.32682 60.01034 59.69314 59.37521 59.05650 58.73698 58.41662 58.09537 57.77320 57.45008 57.12598 56.80084 56.47465 56.14736 55.81893 55.48934 55.15853 54.82649 54.49317 54.15854 53.82255 53.48519 53.14639 52.80615 52.46441 52.12114 51.77631 51.42987 51.08181 50.73207 50.38063 50.02745 49.67250 49.31574 48.95714 48.59667 48.23428 47.86995 47.50365 47.13535 46.76500 46.39258 46.01806 45.64140 45.26258 44.88157 44.49833 44.11284 43.72507 43.33499 42.94257 42.54778 42.15061 41.75102 41.34898 40.94448 40.53749 40.12799 39.71596 39.30137 38.88420 38.46444 38.04206 37.61706 37.18940 36.75908 36.32608 35.89038 35.45198 35.01087 34.56702 34.12044 33.67111 33.21904 32.76420 32.30660 31.84624 31.38312 30.91722 30.44856 29.97714 29.50297 29.02604 28.54636 28.06395 27.57881 27.09096 26.60041 26.10717 25.61127 25.11271 24.61153 24.10774 23.60137 23.09243 22.58097 22.06701 21.55057 21.03170 20.51042 19.98677 19.46080 18.93253 18.40202 17.86930 17.33442 16.79743 16.25838 15.71731 15.17427 14.62933 14.08253 13.53394 12.98361 12.43160 11.87797 11.32279 10.76611 10.20801 9.64856 9.08781 8.52584 7.96273 7.39853 6.83333 6.26720 5.70021 5.13243 4.56395 3.99484 3.42518 2.85504 2.28451 1.71366 1.14257 0.57133 0.00000 
100.00000 99.63429 99.26860 98.90298 98.53745 98.17204 97.80678 97.44169 97.07682 96.71218 96.34782 95.98374 95.61999 95.25659 94.89358 94.53096 94.16878 93.80706 93.44581 93.08508 92.72488 92.36524 92.00617 91.64771 91.28986 90.93267 90.57613 90.22028 89.86513 89.51070 89.15701 88.80406 88.45189 88.10050 87.74991 87.40012 87.05116 86.70303 86.35574 86.00931 85.66373 85.31903 84.97519 84.63224 84.29018 83.94900 83.60872 83.26933 82.93084 82.59324 82.25655 81.92074 81.58583 81.25181 80.91868 80.58643 80.25506 79.92455 79.59491 79.26612 78.93819 78.61108 78.28481 77.95935 77.63469 77.31083 76.98774 76.66542 76.34385 76.02301 75.70289 75.38347 75.06474 74.74668 74.42926 74.11248 73.79630 73.48071 73.16569 72.85122 72.53727 72.22382 71.91086 71.59835 71.28627 70.97460 70.66331 70.35238 70.04178 69.73148 69.42146 69.11169 68.80215 68.49279 68.18361 67.87456 67.56562 67.25676 66.94795 66.63916 66.33035 66.02151 65.71259 65.40356 65.09440 64.78507 64.47554 64.16577 63.85574 63.54541 63.23474 62.92371 62.61228 62.30041 61.98808 61.67525 61.36188 61.04793 60.73338 60.41819 60.10232 59.78575 59.46842 59.15031 58.83139 58.51161 58.19094 57.86934 57.54678 57.22323 56.89864 56.57298 56.24621 55.91830 55.58922 55.25892 54.92736 54.59452 54.26036 53.92483 53.58791 53.24956 52.90974 52.56842 52.22555 51.88111 51.53506 51.18736 50.83798 50.48688 50.13403 49.77940 49.42294 49.06463 48.70443 48.34230 47.97822 47.61214 47.24404 46.87389 46.50165 46.12729 45.75078 45.37209 44.99118 44.60803 44.22261 43.83489 43.44484 43.05243 42.65763 42.26042 41.86078 41.45867 41.05407 40.64696 40.23731 39.82510 39.41032 38.99293 38.57292 38.15027 37.72496 37.29698 36.86631 36.43292 35.99682 35.55798 35.11639 34.67205 34.22493 33.77505 33.32238 32.86692 32.40866 31.94761 31.48376 31.01711 30.54766 30.07542 29.60038 29.12256 28.64196 28.15858 27.67244 27.18356 26.69193 26.19759 25.70054 25.20080 24.69840 24.19335 23.68569 23.17543 22.66260 22.14723 21.62936 21.10901 20.58622 20.06103 19.53347 19.00359 18.47142 17.93702 17.40042 16.86167 16.32082 15.77793 15.23304 14.68622 14.13750 13.58696 13.03466 12.48064 11.92498 11.36774 10.80899 10.24878 9.68720 9.12430 8.56016 7.99484 7.42844 6.86100 6.29262 5.72337 5.15332 4.58255 4.01114 3.43917 2.86672 2.29386 1.72068 1.14725 0.57367 0.00000 
100.00000 99.63497 99.26996 98.90502 98.54017 98.17544 97.81085 97.44646 97.08227 96.71832 96.35464 95.99125 95.62820 95.26549 94.90317 94.54126 94.17978 93.81876 93.45823 93.09821 92.73872 92.37980 92.02146 91.66372 91.30661 90.95014 90.59434 90.23924 89.88483 89.53115 89.17821 88.82603 88.47462 88.12399 87.77417 87.42516 87.07698 86.72963 86.38313 86.03748 85.69270 85.34879 85.00576 84.66361 84.32235 83.98199 83.64252 83.30395 82.96628 82.62950 82.29363 81.95866 81.62458 81.29139 80.95909 80.62768 80.29714 79.96748 79.63868 79.31073 78.98364 78.65738 78.33195 78.00734 77.68353 77.36051 77.03827 76.71680 76.39607 76.07608 75.75681 75.43824 75.12036 74.80314 74.48656 74.17062 73.85528 73.54054 73.22635 72.91272 72.59960 72.28699 71.97485 71.66317 71.35192 71.04107 70.73060 70.42049 70.11070 69.80121 69.49200 69.18304 68.87429 68.56574 68.25735 67.94909 67.64094 67.33286 67.02483 66.71681 66.40877 66.10069 65.79253 65.48426 65.17585 64.86726 64.55847 64.24944 63.94014 63.63053 63.32059 63.01027 62.69954 62.38838 62.07675 61.76460 61.45191 61.13865 60.82477 60.51024 60.19503 59.87910 59.56242 59.24495 58.92665 58.60749 58.28743 57.96644 57.64448 57.32151 56.99751 56.67242 56.34622 56.01886 55.69032 55.36055 55.02953 54.69720 54.36354 54.02851 53.69208 53.35420 53.01484 52.67397 52.33154 51.98753 51.64190 51.29460 50.94561 50.59489 50.24241 49.88812 49.53200 49.17401 48.81411 48.45228 48.08847 47.72266 47.35480 46.98488 46.61285 46.23868 45.86234 45.48381 45.10304 44.72001 44.33469 43.94704 43.55705 43.16467 42.76989 42.37268 41.97300 41.57084 41.16617 40.75896 40.34919 39.93683 39.52187 39.10428 38.68405 38.26114 37.83555 37.40726 36.97624 36.54249 36.10599 35.66672 35.22468 34.77984 34.33221 33.88177 33.42851 32.97243 32.51352 32.05178 31.58721 31.11980 30.64956 30.17649 29.70059 29.22187 28.74032 28.25597 27.76883 27.27889 26.78618 26.29071 25.79250 25.29156 24.78792 24.28159 23.77261 23.26099 22.74677 22.22997 21.71062 21.18877 20.66443 20.13765 19.60847 19.07693 18.54306 18.00692 17.46855 16.92800 16.38532 15.84055 15.29376 14.74499 14.19430 13.64176 13.08742 12.53134 11.97358 11.41422 10.85332 10.29094 9.72715 9.16203 8.59564 8.02806 7.45937 6.88963 6.31893 5.74733 5.17493 4.60179 4.02800 3.45364 2.87879 2.30353 1.72793 1.15209 0.57609 0.00000 
100.00000 99.63561 99.27126 98.90696 98.54276 98.17868 97.81475 97.45101 97.08747 96.72418 96.36116 95.99844 95.63605 95.27401 94.91236 94.55112 94.19032 93.82998 93.47013 93.11080 92.75201 92.39378 92.03614 91.67910 91.32270 90.96695 90.61187 90.25749 89.90381 89.55086 89.19866 88.84722 88.49656 88.14669 87.79762 87.44937 87.10196 86.75538 86.40965 86.06479 85.72079 85.37768 85.03544 84.69409 84.35364 84.01408 83.67542 83.33767 83.00082 82.66487 82.32982 81.99568 81.66243 81.33008 80.99862 80.66805 80.33836 80.00954 79.68159 79.35450 79.02826 78.70285 78.37828 78.05453 77.73158 77.40942 77.08804 76.76743 76.44757 76.12844 75.81004 75.49233 75.17531 74.85895 74.54324 74.22816 73.91368 73.59980 73.28647 72.97370 72.66144 72.34968 72.03840 71.72757 71.41717 71.10717 70.79754 70.48827 70.17932 69.87068 69.56230 69.25417 68.94625 68.63853 68.33096 68.02352 67.71618 67.40892 67.10169 66.79448 66.48724 66.17995 65.87259 65.56510 65.25747 64.94967 64.64165 64.33339 64.02485 63.71600 63.40681 63.09724 62.78725 62.47683 62.16592 61.85450 61.54253 61.22998 60.91680 60.60298 60.28846 59.97321 59.65721 59.34041 59.02278 58.70427 58.38487 58.06452 57.74319 57.42085 57.09746 56.77298 56.44737 56.12061 55.79265 55.46346 55.13299 54.80122 54.46810 54.13360 53.79769 53.46032 53.12146 52.78108 52.43913 52.09558 51.75040 51.40354 51.05498 50.70467 50.35258 49.99868 49.64293 49.28530 48.92574 48.56423 48.20073 47.83521 47.46764 47.09797 46.72619 46.35224 45.97611 45.59776 45.21716 44.83428 44.44909 44.06155 43.67164 43.27933 42.88460 42.48740 42.08772 41.68553 41.28081 40.87352 40.46365 40.05117 39.63605 39.21828 38.79784 38.37470 37.94885 37.52026 37.08892 36.65482 36.21793 35.77824 35.33575 34.89044 34.44229 33.99130 33.53746 33.08077 32.62121 32.15879 31.69350 31.22533 30.75430 30.28039 29.80362 29.32399 28.84150 28.35617 27.86800 27.37700 26.88319 26.38657 25.88718 25.38502 24.88012 24.37249 23.86216 23.34916 22.83352 22.31525 21.79440 21.27100 20.74508 20.21668 19.68583 19.15259 18.61698 18.07907 17.53888 16.99647 16.45189 15.90520 15.35644 14.80568 14.25296 13.69835 13.14191 12.58370 12.02379 11.46224 10.89912 10.33449 9.76844 9.20102 8.63232 8.06240 7.49134 6.91922 6.34612 5.77211 5.19727 4.62169 4.04544 3.46861 2.89128 2.31352 1.73544 1.15710 0.57859 0.00000 
100.00000 99.63623 99.27249 98.90882 98.54524 98.18178 97.81847 97.45535 97.09244 96.72978 96.36739 96.00530 95.64354 95.28215 94.92114 94.56054 94.20039 93.84071 93.48152 93.12285 92.76473 92.40717 92.05021 91.69386 91.33814 90.98309 90.62871 90.27503 89.92206 89.56983 89.21835 88.86764 88.51771 88.16858 87.82025 87.47276 87.12610 86.78028 86.43532 86.09123 85.74802 85.40568 85.06423 84.72368 84.38403 84.04528 83.70743 83.37049 83.03445 82.69933 82.36511 82.03180 81.69939 81.36788 81.03727 80.70754 80.37870 80.05074 79.72365 79.39742 79.07204 78.74750 78.42380 78.10091 77.77883 77.45755 77.13705 76.81732 76.49833 76.18009 75.86256 75.54574 75.22960 74.91412 74.59929 74.28509 73.97150 73.65850 73.34605 73.03416 72.72278 72.41190 72.10150 71.79154 71.48202 71.17289 70.86414 70.55573 70.24765 69.93987 69.63236 69.32509 69.01803 68.71116 68.40444 68.09785 67.79136 67.48493 67.17855 66.87217 66.56576 66.25931 65.95276 65.64610 65.33928 65.03229 64.72507 64.41761 64.10987 63.80181 63.49341 63.18462 62.87541 62.56576 62.25561 61.94495 61.63374 61.32193 61.00950 60.69640 60.38261 60.06809 59.75280 59.43671 59.11978 58.80197 58.48324 58.16357 57.84292 57.52124 57.19850 56.87466 56.54970 56.22356 55.89622 55.56763 55.23777 54.90658 54.57404 54.24012 53.90476 53.56794 53.22961 52.88975 52.54832 52.20527 51.86057 51.51419 51.16609 50.81623 50.46458 50.11110 49.75575 49.39851 49.03933 48.67818 48.31502 47.94983 47.58257 47.21319 46.84168 46.46799 46.09210 45.71397 45.33357 44.95087 44.56583 44.17843 43.78864 43.39643 43.00176 42.60461 42.20496 41.80276 41.39801 40.99068 40.58072 40.16814 39.75289 39.33496 38.91433 38.49098 38.06488 37.63601 37.20437 36.76992 36.33267 35.89258 35.44965 35.00387 34.55522 34.10369 33.64928 33.19198 32.73177 32.26867 31.80265 31.33373 30.86190 30.38716 29.90952 29.42897 28.94553 28.45921 27.97000 27.47793 26.98300 26.48523 25.98463 25.48123 24.97504 24.46609 23.95439 23.43998 22.92288 22.40312 21.88074 21.35576 20.82821 20.29815 19.76560 19.23061 18.69322 18.15348 17.61142 17.06711 16.52059 15.97192 15.42114 14.86832 14.31351 13.75678 13.19818 12.63778 12.07564 11.51183 10.94643 10.37949 9.81109 9.24130 8.67021 8.09787 7.52438 6.94980 6.37421 5.79771 5.22036 4.64225 4.06346 3.48408 2.90418 2.32386 1.74319 1.16227 0.58118 0.00000 
100.00000 99.63682 99.27367 98.91058 98.54759 98.18472 97.82200 97.45948 97.09716 96.73510 96.37331 96.01183 95.65068 95.28989 94.92950 94.56953 94.21000 93.85095 93.49239 93.13436 92.77688 92.41998 92.06367 91.70798 91.35293 90.99855 90.64485 90.29185 89.93958 89.58805 89.23727 88.88727 88.53806 88.18966 87.84207 87.49531 87.14939 86.80433 86.46013 86.11680 85.77436 85.43280 85.09214 84.75238 84.41352 84.07557 83.73853 83.40240 83.06719 82.73289 82.39950 82.06702 81.73545 81.40479 81.07502 80.74615 80.41817 80.09107 79.76485 79.43948 79.11498 78.79132 78.46849 78.14649 77.82530 77.50491 77.18530 76.86645 76.54837 76.23102 75.91439 75.59846 75.28322 74.96865 74.65472 74.34142 74.02874 73.71663 73.40510 73.09410 72.78363 72.47365 72.16415 71.85509 71.54647 71.23824 70.93038 70.62288 70.31569 70.00880 69.70218 69.39579 69.08962 68.78363 68.47780 68.17209 67.86647 67.56092 67.25540 66.94989 66.64435 66.33875 66.03306 65.72724 65.42128 65.11512 64.80875 64.50212 64.19521 63.88798 63.58039 63.27242 62.96403 62.65517 62.34583 62.03596 61.72554 61.41451 61.10286 60.79053 60.47751 60.16374 59.84920 59.53385 59.21766 58.90058 58.58258 58.26362 57.94367 57.62269 57.30064 56.97749 56.65319 56.32772 56.00103 55.67309 55.34386 55.01330 54.68138 54.34806 54.01330 53.67706 53.33931 53.00001 52.65912 52.31661 51.97243 51.62656 51.27896 50.92959 50.57840 50.22538 49.87048 49.51366 49.15489 48.79413 48.43136 48.06653 47.69960 47.33056 46.95935 46.58596 46.21034 45.83246 45.45228 45.06979 44.68494 44.29771 43.90807 43.51597 43.12140 42.72433 42.32473 41.92256 41.51781 41.11044 40.70044 40.28777 39.87242 39.45435 39.03355 38.61000 38.18367 37.75455 37.32262 36.88785 36.45024 36.00976 35.56641 35.12017 34.67102 34.21897 33.76399 33.30608 32.84524 32.38146 31.91472 31.44505 30.97242 30.49684 30.01832 29.53686 29.05245 28.56512 28.07487 27.58171 27.08565 26.58670 26.08489 25.58023 25.07273 24.56243 24.04934 23.53349 23.01491 22.49363 21.96967 21.44307 20.91387 20.38211 19.84781 19.31103 18.77181 18.23020 17.68623 17.13996 16.59144 16.04073 15.48788 14.93295 14.37599 13.81707 13.25624 12.69359 12.12916 11.56303 10.99526 10.42594 9.85513 9.28290 8.70933 8.13451 7.55849 6.98138 6.40324 5.82415 5.24421 4.66349 4.08208 3.50005 2.91751 2.33453 1.75121 1.16762 0.58385 0.00000 
100.00000 99.63737 99.27478 98.91225 98.54981 98.18750 97.82535 97.46339 97.10164 96.74014 96.37893 96.01802 95.65745 95.29725 94.93744 94.57806 94.21913 93.86068 93.50274 93.14532 92.78846 92.43218 92.07651 91.72146 91.36706 91.01333 90.66029 90.30796 89.95636 89.60551 89.25543 88.90612 88.55761 88.20992 87.86305 87.51702 87.17183 86.82751 86.48406 86.14149 85.79981 85.45903 85.11914 84.78017 84.44210 84.10495 83.76872 83.43340 83.09901 82.76553 82.43298 82.10134 81.77061 81.44080 81.11189 80.78388 80.45676 80.13053 79.80518 79.48070 79.15708 78.83431 78.51237 78.19127 77.87097 77.55148 77.23277 76.91484 76.59766 76.28123 75.96551 75.65050 75.33618 75.02253 74.70952 74.39715 74.08539 73.77421 73.46360 73.15353 72.84398 72.53493 72.22635 71.91822 71.61052 71.30322 70.99629 70.68970 70.38344 70.07747 69.77176 69.46629 69.16104 68.85596 68.55103 68.24623 67.94152 67.63687 67.33225 67.02764 66.72299 66.41828 66.11348 65.80855 65.50346 65.19819 64.89268 64.58693 64.28088 63.97450 63.66777 63.36065 63.05310 62.74509 62.43658 62.12754 61.81794 61.50773 61.19689 60.88537 60.57314 60.26017 59.94642 59.63185 59.31643 59.00011 58.68287 58.36466 58.04546 57.72521 57.40389 57.08145 56.75787 56.43310 56.10710 55.77985 55.45129 55.12139 54.79013 54.45744 54.12331 53.78770 53.45056 53.11185 52.77155 52.42961 52.08600 51.74068 51.39361 51.04475 50.69408 50.34154 49.98712 49.63076 49.27244 48.91211 48.54975 48.18531 47.81877 47.45008 47.07922 46.70615 46.33083 45.95323 45.57332 45.19107 44.80645 44.41941 44.02994 43.63800 43.24356 42.84659 42.44706 42.04495 41.64022 41.23285 40.82282 40.41010 39.99466 39.57648 39.15553 38.73180 38.30527 37.87591 37.44370 37.00863 36.57067 36.12982 35.68606 35.23937 34.78975 34.33717 33.88163 33.42313 32.96165 32.49719 32.02975 31.55931 31.08588 30.60947 30.13006 29.64768 29.16231 28.67396 28.18266 27.68839 27.19119 26.69105 26.18800 25.68206 25.17324 24.66156 24.14705 23.62974 23.10965 22.58680 22.06124 21.53300 21.00210 20.46859 19.93251 19.39390 18.85280 18.30927 17.76333 17.21506 16.66449 16.11169 15.55671 14.99960 14.44043 13.87926 13.31615 12.75117 12.18438 11.61585 11.04567 10.47388 9.90058 9.32584 8.74973 8.17233 7.59372 7.01398 6.43320 5.85146 5.26884 4.68542 4.10130 3.51656 2.93128 2.34556 1.75948 1.17314 0.58661 0.00000 
100.00000 99.63790 99.27583 98.91382 98.55192 98.19013 97.82851 97.46708 97.10587 96.74491 96.38424 96.02387 95.66386 95.30421 94.94496 94.58615 94.22779 93.86992 93.51255 93.15573 92.79946 92.44379 92.08872 91.73429 91.38051 91.02742 90.67502 90.32334 89.97240 89.62221 89.27280 88.92417 88.57636 88.22936 87.88319 87.53788 87.19342 86.84983 86.50712 86.16530 85.82437 85.48435 85.14524 84.80705 84.46977 84.13342 83.79799 83.46349 83.12991 82.79727 82.46554 82.13475 81.80487 81.47591 81.14786 80.82071 80.49447 80.16912 79.84465 79.52106 79.19833 78.87646 78.55543 78.23523 77.91585 77.59727 77.27948 76.96247 76.64622 76.33072 76.01593 75.70186 75.38848 75.07576 74.76370 74.45227 74.14145 73.83122 73.52156 73.21244 72.90384 72.59574 72.28811 71.98093 71.67418 71.36782 71.06184 70.75621 70.45089 70.14587 69.84111 69.53659 69.23227 68.92814 68.62415 68.32029 68.01651 67.71280 67.40911 67.10542 66.80170 66.49791 66.19403 65.89002 65.58584 65.28147 64.97688 64.67202 64.36687 64.06139 63.75555 63.44931 63.14264 62.83550 62.52786 62.21969 61.91094 61.60159 61.29159 60.98092 60.66953 60.35739 60.04446 59.73070 59.41609 59.10058 58.78413 58.46671 58.14829 57.82881 57.50825 57.18658 56.86374 56.53971 56.21444 55.88790 55.56006 55.23086 54.90028 54.56828 54.23482 53.89986 53.56337 53.22530 52.88562 52.54429 52.20128 51.85654 51.51004 51.16175 50.81161 50.45961 50.10569 49.74983 49.39199 49.03213 48.67022 48.30621 47.94008 47.57179 47.20130 46.82859 46.45361 46.07632 45.69671 45.31473 44.93036 44.54355 44.15428 43.76252 43.36824 42.97140 42.57198 42.16995 41.76528 41.35793 40.94790 40.53514 40.11964 39.70137 39.28030 38.85642 38.42969 38.00011 37.56765 37.13229 36.69401 36.25280 35.80864 35.36152 34.91142 34.45833 34.00225 33.54316 33.08105 32.61592 32.14776 31.67657 31.20234 30.72509 30.24480 29.76148 29.27513 28.78577 28.29340 27.79802 27.29966 26.79832 26.29401 25.78677 25.27660 24.76353 24.24757 23.72877 23.20713 22.68270 22.15550 21.62557 21.09294 20.55765 20.01974 19.47926 18.93624 18.39073 17.84279 17.29245 16.73978 16.18483 15.62766 15.06832 14.50688 13.94339 13.37793 12.81055 12.24134 11.67035 11.09766 10.52335 9.94748 9.37014 8.79141 8.21136 7.63007 7.04763 6.46413 5.87964 5.29426 4.70806 4.12114 3.53359 2.94549 2.35694 1.76803 1.17884 0.58946 0.00000 
100.00000 99.63839 99.27681 98.91530 98.55389 98.19260 97.83148 97.47055 97.10984 96.74939 96.38923 96.02939 95.66989 95.31077 94.95206 94.59378 94.23596 93.87864 93.52183 93.16557 92.80988 92.45478 92.10030 91.74647 91.39329 91.04081 90.68903 90.33798 89.98767 89.63813 89.28938 88.94142 88.59428 88.24796 87.90249 87.55788 87.21414 86.87127 86.52929 86.18821 85.84803 85.50877 85.17043 84.83301 84.49652 84.16096 83.82634 83.49265 83.15989 82.82807 82.49719 82.16723 81.83821 81.51010 81.18292 80.85665 80.53129 80.20682 79.88325 79.56055 79.23873 78.91777 78.59765 78.27837 77.95992 77.64227 77.32542 77.00935 76.69404 76.37948 76.06565 75.75253 75.44010 75.12835 74.81725 74.50678 74.19693 73.88767 73.57897 73.27083 72.96320 72.65607 72.34942 72.04322 71.73744 71.43206 71.12706 70.82240 70.51806 70.21401 69.91023 69.60668 69.30334 69.00017 68.69716 68.39426 68.09145 67.78870 67.48597 67.18324 66.88048 66.57765 66.27471 65.97165 65.66842 65.36499 65.06134 64.75741 64.45319 64.14864 63.84372 63.53840 63.23264 62.92642 62.61968 62.31241 62.00456 61.69609 61.38698 61.07718 60.76667 60.45539 60.14332 59.83042 59.51665 59.20198 58.88637 58.56977 58.25216 57.93350 57.61375 57.29286 56.97081 56.64755 56.32305 55.99727 55.67018 55.34172 55.01187 54.68059 54.34783 54.01357 53.67776 53.34036 53.00134 52.66066 52.31829 51.97417 51.62828 51.28058 50.93102 50.57958 50.22622 49.87089 49.51357 49.15421 48.79278 48.42924 48.06356 47.69570 47.32562 46.95329 46.57868 46.20175 45.82247 45.44080 45.05670 44.67016 44.28113 43.88958 43.49548 43.09881 42.69952 42.29760 41.89300 41.48571 41.07570 40.66294 40.24740 39.82905 39.40789 38.98387 38.55698 38.12720 37.69450 37.25887 36.82028 36.37873 35.93419 35.48664 35.03609 34.58250 34.12587 33.66620 33.20347 32.73767 32.26880 31.79686 31.32184 30.84374 30.36256 29.87831 29.39098 28.90059 28.40714 27.91064 27.41110 26.90854 26.40297 25.89440 25.38286 24.86837 24.35095 23.83062 23.30742 22.78136 22.25249 21.72084 21.18644 20.64933 20.10955 19.56715 19.02216 18.47464 17.92463 17.37218 16.81735 16.26020 15.70078 15.13914 14.57536 14.00950 13.44162 12.87178 12.30007 11.72654 11.15128 10.57436 9.99585 9.41584 8.83440 8.25162 7.66758 7.08235 6.49604 5.90872 5.32049 4.73142 4.14162 3.55117 2.96016 2.36869 1.77684 1.18472 0.59241 0.00000 
100.00000 99.63885 99.27773 98.91668 98.55573 98.19491 97.83426 97.47380 97.11356 96.75359 96.39391 96.03455 95.67555 95.31692 94.95871 94.60094 94.24365 93.88685 93.53057 93.17485 92.81970 92.46516 92.11124 91.75798 91.40539 91.05349 90.70231 90.35187 90.00219 89.65328 89.30516 88.95786 88.61137 88.26573 87.92094 87.57702 87.23397 86.89182 86.55056 86.21021 85.87078 85.53227 85.19469 84.85805 84.52234 84.18757 83.85375 83.52087 83.18894 82.85795 82.52790 82.19879 81.87062 81.54339 81.21707 80.89168 80.56721 80.24364 79.92096 79.59918 79.27827 78.95823 78.63904 78.32070 78.00318 77.68648 77.37058 77.05547 76.74112 76.42752 76.11466 75.80251 75.49106 75.18029 74.87017 74.56069 74.25182 73.94355 73.63585 73.32870 73.02207 72.71594 72.41029 72.10509 71.80031 71.49593 71.19193 70.88828 70.58494 70.28189 69.97911 69.67656 69.37422 69.07206 68.77004 68.46814 68.16633 67.86457 67.56284 67.26110 66.95933 66.65748 66.35553 66.05345 65.75120 65.44875 65.14606 64.84311 64.53985 64.23626 63.93230 63.62793 63.32313 63.01784 62.71205 62.40571 62.09879 61.79125 61.48306 61.17418 60.86457 60.55419 60.24302 59.93101 59.61813 59.30433 58.98959 58.67386 58.35710 58.03929 57.72037 57.40032 57.07909 56.75665 56.43295 56.10797 55.78165 55.45398 55.12489 54.79436 54.46236 54.12883 53.79374 53.45705 53.11873 52.77874 52.43703 52.09358 51.74833 51.40126 51.05233 50.70149 50.34871 49.99396 49.63719 49.27836 48.91745 48.55442 48.18922 47.82182 47.45219 47.08029 46.70608 46.32954 45.95061 45.56928 45.18551 44.79925 44.41049 44.01919 43.62531 43.22882 42.82970 42.42791 42.02343 41.61622 41.20625 40.79351 40.37796 39.95957 39.53833 39.11420 38.68716 38.25720 37.82429 37.38840 36.94953 36.50764 36.06274 35.61479 35.16378 34.70971 34.25255 33.79231 33.32896 32.86250 32.39293 31.92023 31.44442 30.96547 30.48340 29.99821 29.50990 29.01847 28.52394 28.02630 27.52558 27.02178 26.51492 26.00502 25.49208 24.97615 24.45723 23.93536 23.41055 22.88285 22.35227 21.81886 21.28265 20.74368 20.20199 19.65762 19.11062 18.56103 18.00890 17.45429 16.89725 16.33784 15.77611 15.21212 14.64594 14.07763 13.50726 12.93489 12.36061 11.78447 11.20657 10.62696 10.04573 9.46297 8.87875 8.29315 7.70626 7.11817 6.52896 5.93872 5.34755 4.75553 4.16275 3.56931 2.97530 2.38081 1.78594 1.19079 0.59544 0.00000 
100.00000 99.63928 99.27859 98.91797 98.55745 98.19706 97.83684 97.47682 97.11702 96.75750 96.39827 96.03937 95.68082 95.32267 94.96493 94.60764 94.25083 93.89453 93.53876 93.18355 92.82892 92.47491 92.12153 91.76882 91.41679 91.06546 90.71486 90.36501 90.01593 89.66763 89.32014 88.97347 88.62763 88.28264 87.93852 87.59528 87.25293 86.91147 86.57093 86.23131 85.89261 85.55485 85.21803 84.88215 84.54722 84.21325 83.88022 83.54816 83.21704 82.88688 82.55768 82.22942 81.90211 81.57574 81.25031 80.92580 80.60222 80.27956 79.95779 79.63693 79.31695 78.99784 78.67959 78.36220 78.04564 77.72990 77.41496 77.10082 76.78745 76.47483 76.16295 75.85180 75.54134 75.23157 74.92245 74.61398 74.30613 73.99887 73.69218 73.38605 73.08044 72.77533 72.47070 72.16653 71.86278 71.55943 71.25646 70.95384 70.65153 70.34951 70.04776 69.74625 69.44494 69.14380 68.84282 68.54194 68.24116 67.94043 67.63972 67.33901 67.03825 66.73742 66.43649 66.13542 65.83419 65.53274 65.23106 64.92911 64.62686 64.32426 64.02129 63.71791 63.41409 63.10979 62.80497 62.49960 62.19365 61.88707 61.57983 61.27190 60.96323 60.65380 60.34356 60.03248 59.72052 59.40763 59.09380 58.77897 58.46310 58.14617 57.82814 57.50895 57.18858 56.86699 56.54414 56.21999 55.89450 55.56764 55.23936 54.90963 54.57840 54.24565 53.91132 53.57538 53.23780 52.89853 52.55753 52.21478 51.87021 51.52381 51.17553 50.82534 50.47318 50.11904 49.76286 49.40461 49.04426 48.68176 48.31708 47.95019 47.58104 47.20960 46.83583 46.45970 46.08117 45.70021 45.31679 44.93086 44.54240 44.15137 43.75774 43.36148 42.96255 42.56093 42.15658 41.74948 41.33959 40.92689 40.51136 40.09295 39.67165 39.24744 38.82028 38.39016 37.95705 37.52093 37.08178 36.63959 36.19433 35.74599 35.29455 34.84000 34.38232 33.92151 33.45756 32.99045 32.52017 32.04673 31.57012 31.09033 30.60737 30.12124 29.63194 29.13947 28.64384 28.14505 27.64313 27.13808 26.62992 26.11866 25.60431 25.08691 24.56647 24.04302 23.51659 22.98720 22.45489 21.91968 21.38163 20.84076 20.29711 19.75073 19.20166 18.64996 18.09567 17.53884 16.97953 16.41779 15.85369 15.28729 14.71864 14.14782 13.57489 12.99993 12.42300 11.84418 11.26355 10.68118 10.09715 9.51155 8.92446 8.33596 7.74615 7.15510 6.56290 5.96966 5.37546 4.78038 4.18454 3.58801 2.99091 2.39331 1.79532 1.19705 0.59857 0.00000 
100.00000 99.63967 99.27938 98.91915 98.55903 98.19904 97.83922 97.47960 97.12022 96.76111 96.40230 96.04382 95.68571 95.32799 94.97070 94.61386 94.25751 93.90168 93.54638 93.19166 92.83753 92.48402 92.13116 91.77898 91.42748 91.07670 90.72667 90.37739 90.02889 89.68118 89.33430 88.98824 88.64304 88.29869 87.95523 87.61265 87.27098 86.93022 86.59038 86.25147 85.91351 85.57648 85.24042 84.90530 84.57115 84.23796 83.90574 83.57449 83.24420 82.91487 82.58651 82.25911 81.93266 81.60717 81.28262 80.95901 80.63633 80.31457 79.99373 79.67380 79.35475 79.03659 78.71930 78.40286 78.08727 77.77251 77.45855 77.14540 76.83302 76.52140 76.21053 75.90039 75.59095 75.28219 74.97410 74.66666 74.35983 74.05361 73.74796 73.44287 73.13831 72.83425 72.53067 72.22755 71.92485 71.62256 71.32065 71.01908 70.71783 70.41688 70.11618 69.81573 69.51548 69.21540 68.91548 68.61566 68.31594 68.01626 67.71661 67.41695 67.11725 66.81747 66.51759 66.21757 65.91738 65.61698 65.31634 65.01542 64.71420 64.41263 64.11069 63.80834 63.50553 63.20225 62.89844 62.59408 62.28913 61.98355 61.67730 61.37036 61.06268 60.75422 60.44495 60.13483 59.82383 59.51190 59.19900 58.88511 58.57018 58.25417 57.93705 57.61877 57.29930 56.97861 56.65664 56.33336 56.00873 55.68272 55.35529 55.02639 54.69598 54.36404 54.03051 53.69536 53.35855 53.02005 52.67980 52.33778 51.99394 51.64825 51.30066 50.95114 50.59965 50.24615 49.89060 49.53297 49.17321 48.81129 48.44717 48.08081 47.71217 47.34123 46.96794 46.59226 46.21417 45.83362 45.45057 45.06501 44.67688 44.28616 43.89281 43.49680 43.09810 42.69667 42.29249 41.88553 41.47575 41.06312 40.64762 40.22922 39.80790 39.38362 38.95636 38.52610 38.09282 37.65649 37.21709 36.77460 36.32901 35.88029 35.42843 34.97342 34.51523 34.05387 33.58931 33.12156 32.65059 32.17640 31.69900 31.21837 30.73452 30.24744 29.75714 29.26362 28.76689 28.26695 27.76382 27.25750 26.74802 26.23538 25.71960 25.20071 24.67873 24.15368 23.62558 23.09448 22.56039 22.02336 21.48342 20.94061 20.39496 19.84653 19.29535 18.74148 18.18497 17.62587 17.06423 16.50012 15.93358 15.36470 14.79352 14.22012 13.64457 13.06693 12.48728 11.90570 11.32227 10.73706 10.15015 9.56163 8.97159 8.38010 7.78727 7.19317 6.59790 6.00156 5.40423 4.80601 4.20701 3.60730 3.00700 2.40620 1.80500 1.20350 0.60180 0.00000 
100.00000 99.64003 99.28010 98.92023 98.56047 98.20085 97.84140 97.48215 97.12315 96.76442 96.40600 96.04791 95.69020 95.33289 94.97601 94.61960 94.26368 93.90828 93.55344 93.19918 92.84552 92.49249 92.14012 91.78844 91.43746 91.08721 90.73771 90.38898 90.04105 89.69392 89.34762 89.00217 88.65758 88.31387 87.97104 87.62912 87.28812 86.94804 86.60890 86.27070 85.93346 85.59717 85.26185 84.92750 84.59412 84.26172 83.93030 83.59985 83.27038 82.94189 82.61438 82.28784 81.96226 81.63764 81.31399 80.99128 80.66951 80.34868 80.02877 79.70977 79.39168 79.07448 78.75815 78.44269 78.12808 77.81431 77.50135 77.18920 76.87783 76.56724 76.25739 75.94827 75.63987 75.33215 75.02511 74.71871 74.41295 74.10778 73.80320 73.49917 73.19568 72.89269 72.59019 72.28814 71.98653 71.68532 71.38449 71.08400 70.78384 70.48398 70.18437 69.88501 69.58585 69.28686 68.98803 68.68930 68.39066 68.09208 67.79352 67.49494 67.19633 66.89763 66.59883 66.29989 66.00078 65.70145 65.40189 65.10204 64.80189 64.50139 64.20051 63.89921 63.59746 63.29523 62.99247 62.68915 62.38524 62.08069 61.77548 61.46956 61.16289 60.85545 60.54719 60.23807 59.92806 59.61712 59.30522 58.99230 58.67834 58.36329 58.04712 57.72979 57.41126 57.09149 56.77044 56.44808 56.12435 55.79924 55.47268 55.14465 54.81511 54.48402 54.15133 53.81701 53.48101 53.14331 52.80385 52.46260 52.11953 51.77458 51.42773 51.07892 50.72813 50.37532 50.02044 49.66345 49.30432 48.94302 48.57949 48.21371 47.84563 47.47522 47.10244 46.72725 46.34962 45.96951 45.58689 45.20172 44.81396 44.42358 44.03054 43.63482 43.23638 42.83518 42.43120 42.02440 41.61475 41.20223 40.78679 40.36843 39.94710 39.52278 39.09545 38.66508 38.23164 37.79512 37.35549 36.91272 36.46681 36.01773 35.56547 35.11001 34.65133 34.18942 33.72428 33.25588 32.78422 32.30930 31.83111 31.34964 30.86489 30.37686 29.88556 29.39099 28.89315 28.39204 27.88769 27.38009 26.86927 26.35524 25.83801 25.31761 24.79405 24.26737 23.73759 23.20474 22.66885 22.12995 21.58809 21.04329 20.49560 19.94507 19.39173 18.83565 18.27686 17.71543 17.15141 16.58486 16.01583 15.44440 14.87062 14.29457 13.71632 13.13594 12.55350 11.96908 11.38277 10.79463 10.20476 9.61324 9.02015 8.42559 7.82965 7.23241 6.63398 6.03444 5.43390 4.83244 4.23017 3.62719 3.02360 2.41949 1.81498 1.21016 0.60513 0.00000 
100.00000 99.64036 99.28075 98.92121 98.56178 98.20249 97.84337 97.48447 97.12581 96.76742 96.40936 96.05163 95.69429 95.33735 94.98086 94.62484 94.26932 93.91434 93.55992 93.20609 92.85287 92.50030 92.14840 91.79720 91.44671 91.09697 90.74799 90.39979 90.05240 89.70583 89.36011 89.01524 88.67125 88.32815 87.98596 87.64468 87.30434 86.96493 86.62647 86.28898 85.95245 85.61689 85.28232 84.94872 84.61612 84.28450 83.95388 83.62424 83.29560 82.96795 82.64128 82.31560 81.99090 81.66717 81.34441 81.02261 80.70177 80.38186 80.06290 79.74485 79.42772 79.11149 78.79614 78.48167 78.16806 77.85529 77.54335 77.23222 76.92188 76.61232 76.30352 75.99545 75.68810 75.38145 75.07547 74.77015 74.46546 74.16137 73.85788 73.55494 73.25254 72.95065 72.64925 72.34831 72.04780 71.74770 71.44798 71.14861 70.84957 70.55082 70.25233 69.95408 69.65604 69.35818 69.06046 68.76286 68.46534 68.16788 67.87043 67.57298 67.27548 66.97791 66.68022 66.38239 66.08439 65.78618 65.48772 65.18898 64.88993 64.59053 64.29075 63.99054 63.68989 63.38874 63.08706 62.78482 62.48199 62.17851 61.87436 61.56950 61.26390 60.95750 60.65029 60.34221 60.03324 59.72333 59.41244 59.10054 58.78758 58.47354 58.15836 57.84201 57.52446 57.20566 56.88557 56.56416 56.24137 55.91719 55.59156 55.26444 54.93580 54.60559 54.27378 53.94033 53.60519 53.26832 52.92970 52.58926 52.24699 51.90283 51.55674 51.20870 50.85865 50.50655 50.15238 49.79608 49.43762 49.07697 48.71407 48.34890 47.98142 47.61158 47.23934 46.86468 46.48756 46.10793 45.72576 45.34101 44.95366 44.56365 44.17097 43.77556 43.37741 42.97647 42.57272 42.16612 41.75663 41.34424 40.92890 40.51060 40.08930 39.66497 39.23758 38.80712 38.37355 37.93686 37.49701 37.05400 36.60779 36.15837 35.70572 35.24982 34.79066 34.32822 33.86249 33.39346 32.92113 32.44547 31.96649 31.48418 30.99854 30.50957 30.01726 29.52163 29.02267 28.52039 28.01480 27.50591 26.99374 26.47829 25.95959 25.43766 24.91251 24.38417 23.85268 23.31805 22.78031 22.23951 21.69568 21.14886 20.59909 20.04641 19.49087 18.93252 18.37140 17.80759 17.24112 16.67207 16.10049 15.52644 14.95000 14.37123 13.79021 13.20701 12.62170 12.03436 11.44508 10.85394 10.26102 9.66640 9.07019 8.47247 7.87332 7.27286 6.67116 6.06833 5.46447 4.85968 4.25405 3.64769 3.04071 2.43320 1.82527 1.21702 0.60856 0.00000 
100.00000 99.64065 99.28133 98.92208 98.56294 98.20395 97.84513 97.48653 97.12818 96.77012 96.41237 96.05498 95.69797 95.34138 94.98524 94.62958 94.27444 93.91984 93.56581 93.21238 92.85959 92.50745 92.15599 91.80524 91.45522 91.10596 90.75748 90.40979 90.06293 89.71690 89.37173 89.02744 88.68403 88.34153 87.99996 87.65931 87.31961 86.98087 86.64309 86.30629 85.97047 85.63564 85.30180 84.96896 84.63712 84.30629 83.97646 83.64764 83.31983 82.99301 82.66720 82.34239 82.01857 81.69573 81.37388 81.05299 80.73308 80.41412 80.09610 79.77902 79.46286 79.14761 78.83326 78.51979 78.20719 77.89545 77.58454 77.27445 76.96516 76.65665 76.34891 76.04191 75.73564 75.43007 75.12518 74.82095 74.51736 74.21439 73.91200 73.61018 73.30890 73.00813 72.70786 72.40805 72.10867 71.80971 71.51113 71.21290 70.91500 70.61739 70.32006 70.02296 69.72607 69.42935 69.13279 68.83634 68.53997 68.24366 67.94737 67.65106 67.35472 67.05829 66.76176 66.46508 66.16822 65.87115 65.57383 65.27624 64.97832 64.68006 64.38141 64.08234 63.78280 63.48278 63.18222 62.88110 62.57937 62.27701 61.97396 61.67020 61.36569 61.06039 60.75425 60.44726 60.13935 59.83051 59.52068 59.20983 58.89792 58.58491 58.27077 57.95545 57.63891 57.32112 57.00203 56.68160 56.35980 56.03659 55.71192 55.38575 55.05805 54.72878 54.39788 54.06533 53.73109 53.39511 53.05735 52.71777 52.37633 52.03300 51.68773 51.34047 50.99120 50.63987 50.28644 49.93088 49.57313 49.21316 48.85094 48.48642 48.11956 47.75033 47.37869 47.00459 46.62800 46.24889 45.86721 45.48293 45.09601 44.70641 44.31411 43.91906 43.52123 43.12058 42.71709 42.31072 41.90143 41.48920 41.07399 40.65577 40.23452 39.81020 39.38279 38.95227 38.51860 38.08175 37.64172 37.19847 36.75198 36.30223 35.84921 35.39289 34.93326 34.47030 34.00401 33.53436 33.06135 32.58497 32.10521 31.62206 31.13553 30.64561 30.15229 29.65559 29.15551 28.65205 28.14521 27.63502 27.12148 26.60460 26.08441 25.56092 25.03415 24.50414 23.97089 23.43445 22.89485 22.35211 21.80628 21.25739 20.70548 20.15061 19.59281 19.03214 18.46865 17.90239 17.33343 16.76181 16.18761 15.61088 15.03171 14.45015 13.86628 13.28018 12.69192 12.10159 11.50926 10.91503 10.31897 9.72118 9.12174 8.52076 7.91832 7.31453 6.70947 6.10326 5.49598 4.88775 4.27866 3.66882 3.05834 2.44732 1.83587 1.22409 0.61210 0.00000 
100.00000 99.64090 99.28183 98.92284 98.56396 98.20523 97.84668 97.48835 97.13028 96.77249 96.41503 96.05793 95.70123 95.34495 94.98913 94.63381 94.27901 93.92476 93.57110 93.21805 92.86565 92.51391 92.16287 91.81255 91.46298 91.11418 90.76617 90.41897 90.07262 89.72711 89.38248 89.03874 88.69591 88.35400 88.01302 87.67300 87.33394 86.99585 86.65874 86.32262 85.98750 85.65339 85.32029 84.98820 84.65713 84.32708 83.99805 83.67004 83.34305 83.01708 82.69213 82.36818 82.04525 81.72331 81.40237 81.08241 80.76344 80.44542 80.12837 79.81227 79.49709 79.18284 78.86950 78.55705 78.24548 77.93477 77.62491 77.31588 77.00765 76.70022 76.39356 76.08765 75.78248 75.47801 75.17424 74.87113 74.56866 74.26681 73.96556 73.66487 73.36474 73.06512 72.76600 72.46735 72.16914 71.87134 71.57392 71.27686 70.98013 70.68370 70.38754 70.09162 69.79591 69.50038 69.20500 68.90973 68.61455 68.31942 68.02431 67.72920 67.43403 67.13879 66.84344 66.54794 66.25226 65.95637 65.66023 65.36381 65.06707 64.76998 64.47249 64.17459 63.87622 63.57735 63.27795 62.97798 62.67741 62.37619 62.07428 61.77166 61.46828 61.16410 60.85909 60.55321 60.24641 59.93867 59.62994 59.32018 59.00936 58.69743 58.38436 58.07010 57.75462 57.43787 57.11982 56.80043 56.47965 56.15745 55.83378 55.50861 55.18189 54.85358 54.52364 54.19204 53.85873 53.52367 53.18682 52.84814 52.50758 52.16511 51.82069 51.47428 51.12582 50.77530 50.42265 50.06785 49.71085 49.35162 48.99010 48.62627 48.26009 47.89150 47.52048 47.14698 46.77098 46.39241 46.01126 45.62748 45.24104 44.85189 44.46000 44.06534 43.66787 43.26755 42.86435 42.45824 42.04917 41.63713 41.22208 40.80398 40.38281 39.95854 39.53113 39.10056 38.66681 38.22985 37.78964 37.34618 36.89943 36.44938 35.99600 35.53928 35.07919 34.61573 34.14888 33.67862 33.20495 32.72785 32.24731 31.76333 31.27591 30.78504 30.29072 29.79295 29.29173 28.78708 28.27899 27.76748 27.25255 26.73423 26.21253 25.68746 25.15905 24.62733 24.09231 23.55403 23.01251 22.46780 21.91993 21.36893 20.81485 20.25774 19.69764 19.13460 18.56867 17.99991 17.42838 16.85414 16.27725 15.69778 15.11580 14.53138 13.94459 13.35551 12.76422 12.17081 11.57535 10.97794 10.37865 9.77759 9.17484 8.57051 7.96468 7.35746 6.74895 6.13924 5.52845 4.91667 4.30402 3.69059 3.07651 2.46187 1.84679 1.23138 0.61575 0.00000 
100.00000 99.64112 99.28227 98.92350 98.56484 98.20633 97.84801 97.48991 97.13208 96.77454 96.41733 96.06050 95.70406 95.34806 94.99254 94.63751 94.28302 93.92910 93.57578 93.22308 92.87103 92.51968 92.16903 91.81912 91.46997 91.12160 90.77405 90.42732 90.08145 89.73645 89.39234 89.04914 88.70686 88.36553 88.02514 87.68573 87.34729 87.00984 86.67340 86.33796 86.00354 85.67014 85.33776 85.00642 84.67612 84.34685 84.01861 83.69142 83.36526 83.04014 82.71604 82.39298 82.07093 81.74990 81.42988 81.11086 80.79283 80.47578 80.15970 79.84458 79.53041 79.21717 78.90485 78.59343 78.28291 77.97325 77.66446 77.35650 77.04936 76.74302 76.43746 76.13267 75.82861 75.52527 75.22263 74.92066 74.61934 74.31864 74.01855 73.71903 73.42006 73.12162 72.82368 72.52621 72.22919 71.93258 71.63636 71.34050 71.04498 70.74975 70.45480 70.16009 69.86559 69.57127 69.27710 68.98305 68.68908 68.39517 68.10128 67.80737 67.51343 67.21940 66.92527 66.63098 66.33652 66.04184 65.74692 65.45171 65.15617 64.86029 64.56401 64.26730 63.97014 63.67247 63.37426 63.07548 62.77609 62.47605 62.17532 61.87387 61.57166 61.26865 60.96480 60.66007 60.35443 60.04783 59.74024 59.43161 59.12191 58.81110 58.49914 58.18598 57.87160 57.55594 57.23897 56.92064 56.60093 56.27978 55.95715 55.63301 55.30731 54.98001 54.65108 54.32046 53.98813 53.65403 53.31813 52.98038 52.64075 52.29919 51.95566 51.61012 51.26252 50.91284 50.56102 50.20703 49.85082 49.49235 49.13159 48.76849 48.40301 48.03511 47.66475 47.29190 46.91650 46.53853 46.15795 45.77471 45.38877 45.00011 44.60867 44.21443 43.81735 43.41740 43.01452 42.60870 42.19990 41.78808 41.37322 40.95527 40.53421 40.11000 39.68263 39.25205 38.81824 38.38118 37.94083 37.49717 37.05019 36.59985 36.14614 35.68903 35.22851 34.76456 34.29716 33.82630 33.35197 32.87416 32.39286 31.90805 31.41974 30.92792 30.43259 29.93375 29.43140 28.92554 28.41619 27.90335 27.38703 26.86724 26.34401 25.81735 25.28727 24.75381 24.21699 23.67683 23.13338 22.58666 22.03670 21.48355 20.92726 20.36786 19.80540 19.23993 18.67152 18.10020 17.52605 16.94912 16.36948 15.78719 15.20233 14.61497 14.02518 13.43305 12.83866 12.24208 11.64340 11.04272 10.44011 9.83569 9.22954 8.62175 8.01243 7.40169 6.78961 6.17631 5.56190 4.94647 4.33015 3.71303 3.09523 2.47687 1.85805 1.23889 0.61950 0.00000 
100.00000 99.64129 99.28263 98.92404 98.56556 98.20724 97.84911 97.49122 97.13358 96.77626 96.41927 96.06266 95.70646 95.35071 94.99544 94.64068 94.28647 93.93284 93.57983 93.22745 92.87574 92.52473 92.17445 91.82492 91.47617 91.12822 90.78110 90.43482 90.08942 89.74490 89.40130 89.05862 88.71688 88.37610 88.03629 87.69748 87.35965 87.02284 86.68705 86.35228 86.01855 85.68585 85.35421 85.02361 84.69407 84.36558 84.03814 83.71177 83.38644 83.06216 82.73894 82.41675 82.09560 81.77549 81.45639 81.13831 80.82124 80.50516 80.19007 79.87595 79.56279 79.25058 78.93929 78.62893 78.31946 78.01088 77.70317 77.39630 77.09027 76.78504 76.48061 76.17694 75.87403 75.57183 75.27035 74.96954 74.66939 74.36987 74.07096 73.77264 73.47487 73.17763 72.88089 72.58464 72.28883 71.99344 71.69844 71.40381 71.10952 70.81553 70.52181 70.22834 69.93508 69.64201 69.34908 69.05628 68.76356 68.47090 68.17825 67.88560 67.59291 67.30013 67.00725 66.71421 66.42100 66.12757 65.83389 65.53992 65.24564 64.95099 64.65596 64.36049 64.06456 63.76812 63.47114 63.17359 62.87542 62.57660 62.27709 61.97685 61.67585 61.37404 61.07139 60.76786 60.46340 60.15798 59.85157 59.54411 59.23558 58.92593 58.61511 58.30310 57.98985 57.67532 57.35947 57.04226 56.72364 56.40358 56.08204 55.75897 55.43433 55.10809 54.78019 54.45061 54.11929 53.78619 53.45128 53.11451 52.77584 52.43523 52.09263 51.74801 51.40132 51.05252 50.70157 50.34843 49.99305 49.63539 49.27542 48.91309 48.54836 48.18118 47.81153 47.43935 47.06461 46.68727 46.30729 45.92463 45.53924 45.15110 44.76015 44.36637 43.96972 43.57016 43.16765 42.76216 42.35365 41.94209 41.52744 41.10967 40.68875 40.26465 39.83733 39.40677 38.97293 38.53579 38.09533 37.65150 37.20430 36.75370 36.29967 35.84220 35.38125 34.91683 34.44890 33.97746 33.50249 33.02397 32.54190 32.05628 31.56708 31.07432 30.57798 30.07806 29.57457 29.06751 28.55688 28.04270 27.52497 27.00371 26.47893 25.95064 25.41888 24.88366 24.34500 23.80295 23.25751 22.70874 22.15667 21.60133 21.04277 20.48103 19.91617 19.34823 18.77726 18.20333 17.62649 17.04681 16.46435 15.87917 15.29136 14.70099 14.10813 13.51286 12.91527 12.31544 11.71346 11.10941 10.50340 9.89552 9.28586 8.67453 8.06162 7.44724 6.83150 6.21450 5.59636 4.97717 4.35707 3.73614 3.11453 2.49232 1.86965 1.24663 0.62337 0.00000 
100.00000 99.64143 99.28291 98.92446 98.56613 98.20796 97.84999 97.49225 97.13479 96.77763 96.42083 96.06441 95.70841 95.35287 94.99782 94.64330 94.28934 93.93598 93.58324 93.23115 92.87975 92.52906 92.17912 91.82995 91.48157 91.13401 90.78730 90.44145 90.09650 89.75245 89.40933 89.06715 88.72594 88.38570 88.04646 87.70823 87.37101 87.03482 86.69967 86.36557 86.03252 85.70053 85.36961 85.03975 84.71097 84.38326 84.05662 83.73106 83.40657 83.08315 82.76079 82.43949 82.11925 81.80005 81.48189 81.16477 80.84866 80.53357 80.21947 79.90636 79.59423 79.28306 78.97283 78.66353 78.35514 78.04765 77.74103 77.43528 77.13037 76.82628 76.52299 76.22047 75.91872 75.61770 75.31739 75.01777 74.71882 74.42050 74.12280 73.82569 73.52914 73.23313 72.93763 72.64261 72.34805 72.05391 71.76017 71.46679 71.17376 70.88103 70.58858 70.29638 70.00440 69.71260 69.42095 69.12942 68.83799 68.54661 68.25525 67.96388 67.67247 67.38098 67.08937 66.79763 66.50570 66.21355 65.92115 65.62847 65.33546 65.04210 64.74833 64.45414 64.15948 63.86431 63.56861 63.27232 62.97541 62.67785 62.37959 62.08061 61.78085 61.48028 61.17887 60.87656 60.57334 60.26914 59.96394 59.65770 59.35037 59.04191 58.73229 58.42146 58.10939 57.79603 57.48134 57.16527 56.84780 56.52888 56.20846 55.88650 55.56297 55.23782 54.91101 54.58249 54.25223 53.92018 53.58630 53.25055 52.91289 52.57326 52.23164 51.88798 51.54223 51.19436 50.84431 50.49206 50.13755 49.78075 49.42161 49.06009 48.69615 48.32974 47.96083 47.58937 47.21533 46.83866 46.45932 46.07727 45.69247 45.30488 44.91447 44.52119 44.12500 43.72587 43.32376 42.91863 42.51045 42.09918 41.68479 41.26723 40.84648 40.42251 39.99528 39.56476 39.13093 38.69374 38.25318 37.80922 37.36182 36.91098 36.45665 35.99883 35.53749 35.07260 34.60416 34.13215 33.65654 33.17734 32.69452 32.20807 31.71800 31.22429 30.72694 30.22595 29.72131 29.21304 28.70113 28.18560 27.66645 27.14369 26.61734 26.08742 25.55395 25.01694 24.47643 23.93243 23.38499 22.83414 22.27990 21.72233 21.16146 20.59734 20.03002 19.45955 18.88598 18.30937 17.72978 17.14728 16.56193 15.97380 15.38296 14.78950 14.19348 13.59499 12.99412 12.39095 11.78557 11.17808 10.56856 9.95712 9.34386 8.72887 8.11227 7.49416 6.87465 6.25384 5.63186 5.00880 4.38480 3.75996 3.13440 2.50824 1.88160 1.25460 0.62736 0.00000 
100.00000 99.64154 99.28311 98.92477 98.56655 98.20849 97.85063 97.49301 97.13568 96.77866 96.42200 96.06574 95.70991 95.35454 94.99969 94.64537 94.29162 93.93849 93.58599 93.23417 92.88304 92.53265 92.18302 91.83418 91.48615 91.13896 90.79264 90.44720 90.10267 89.75906 89.41641 89.07472 88.73402 88.39432 88.05563 87.71796 87.38134 87.04576 86.71125 86.37780 86.04543 85.71414 85.38394 85.05482 84.72680 84.39987 84.07403 83.74928 83.42563 83.10306 82.78158 82.46118 82.14184 81.82358 81.50636 81.19020 80.87507 80.56097 80.24789 79.93581 79.62471 79.31459 79.00543 78.69721 78.38992 78.08354 77.77804 77.47342 77.16965 76.86671 76.56459 76.26325 75.96268 75.66285 75.36375 75.06534 74.76760 74.47052 74.17405 73.87818 73.58289 73.28813 72.99389 72.70014 72.40685 72.11399 71.82153 71.52944 71.23769 70.94626 70.65511 70.36421 70.07353 69.78304 69.49270 69.20248 68.91236 68.62229 68.33225 68.04220 67.75211 67.46194 67.17165 66.88122 66.59061 66.29979 66.00871 65.71734 65.42565 65.13360 64.84115 64.54827 64.25492 63.96106 63.66665 63.37167 63.07606 62.77979 62.48283 62.18513 61.88666 61.58737 61.28723 60.98620 60.68424 60.38131 60.07737 59.77237 59.46629 59.15907 58.85068 58.54108 58.23022 57.91806 57.60458 57.28971 56.97342 56.65567 56.33642 56.01562 55.69323 55.36921 55.04353 54.71612 54.38696 54.05600 53.72320 53.38851 53.05189 52.71330 52.37269 52.03003 51.68527 51.33837 50.98927 50.63795 50.28436 49.92845 49.57018 49.20951 48.84640 48.48081 48.11268 47.74199 47.36868 46.99272 46.61406 46.23267 45.84850 45.46151 45.07166 44.67891 44.28323 43.88457 43.48289 43.07817 42.67035 42.25940 41.84529 41.42798 41.00744 40.58363 40.15652 39.72608 39.29227 38.85507 38.41444 37.97036 37.52280 37.07174 36.61714 36.15899 35.69726 35.23194 34.76300 34.29043 33.81420 33.33432 32.85075 32.36350 31.87256 31.37791 30.87955 30.37748 29.87170 29.36221 28.84901 28.33212 27.81153 27.28727 26.75934 26.22776 25.69255 25.15373 24.61133 24.06537 23.51588 22.96291 22.40648 21.84663 21.28340 20.71685 20.14702 19.57396 18.99773 18.41838 17.83599 17.25060 16.66229 16.07113 15.47719 14.88056 14.28130 13.67951 13.07528 12.46868 11.85981 11.24877 10.63565 10.02055 9.40358 8.78484 8.16444 7.54248 6.91909 6.29436 5.66842 5.04138 4.41337 3.78449 3.15488 2.52464 1.89392 1.26282 0.63147 0.00000 
100.00000 99.64160 99.28323 98.92495 98.56680 98.20881 97.85103 97.49350 97.13625 96.77933 96.42278 96.06663 95.71093 95.35571 95.00101 94.64686 94.29330 93.94036 93.58808 93.23648 92.88561 92.53548 92.18614 91.83760 91.48989 91.14305 90.79709 90.45203 90.10791 89.76473 89.42253 89.08132 88.74111 88.40192 88.06377 87.72666 87.39062 87.05565 86.72176 86.38897 86.05726 85.72667 85.39718 85.06880 84.74153 84.41538 84.09034 83.76642 83.44361 83.12190 82.80130 82.48179 82.16338 81.84605 81.52979 81.21460 80.90046 80.58737 80.27531 79.96426 79.65422 79.34517 79.03710 78.72998 78.42380 78.11854 77.81418 77.51071 77.20811 76.90634 76.60540 76.30526 76.00590 75.70729 75.40941 75.11224 74.81575 74.51991 74.22471 73.93011 73.63609 73.34262 73.04966 72.75721 72.46522 72.17366 71.88251 71.59174 71.30132 71.01121 70.72139 70.43182 70.14248 69.85333 69.56433 69.27546 68.98668 68.69796 68.40927 68.12057 67.83183 67.54301 67.25408 66.96501 66.67575 66.38628 66.09655 65.80654 65.51620 65.22550 64.93440 64.64287 64.35086 64.05835 63.76529 63.47164 63.17737 62.88244 62.58681 62.29043 61.99329 61.69532 61.39650 61.09678 60.79612 60.49449 60.19185 59.88814 59.58334 59.27740 58.97028 58.66195 58.35235 58.04144 57.72920 57.41556 57.10050 56.78397 56.46592 56.14632 55.82512 55.50229 55.17776 54.85151 54.52350 54.19367 53.86198 53.52839 53.19287 52.85535 52.51581 52.17419 51.83046 51.48456 51.13647 50.78612 50.43348 50.07851 49.72116 49.36139 48.99915 48.63440 48.26710 47.89721 47.52468 47.14947 46.77154 46.39084 46.00734 45.62099 45.23175 44.83958 44.44444 44.04628 43.64508 43.24079 42.83337 42.42279 42.00900 41.59197 41.17167 40.74806 40.32110 39.89076 39.45701 39.01982 38.57916 38.13499 37.68729 37.23603 36.78118 36.32273 35.86064 35.39489 34.92547 34.45236 33.97553 33.49498 33.01068 32.52263 32.03082 31.53523 31.03587 30.53272 30.02580 29.51509 29.00060 28.48233 27.96030 27.43451 26.90498 26.37173 25.83476 25.29410 24.74979 24.20183 23.65027 23.09514 22.53647 21.97430 21.40868 20.83965 20.26725 19.69155 19.11260 18.53046 17.94518 17.35684 16.76550 16.17124 15.57412 14.97424 14.37166 13.76648 13.15879 12.54867 11.93622 11.32153 10.70471 10.08585 9.46507 8.84247 8.21816 7.59225 6.96485 6.33609 5.70608 5.07494 4.44280 3.80976 3.17597 2.54154 1.90660 1.27128 0.63570 0.00000 
100.00000 99.64161 99.28327 98.92502 98.56689 98.20893 97.85118 97.49369 97.13650 96.77964 96.42315 96.06709 95.71148 95.35636 95.00177 94.64776 94.29435 93.94157 93.58947 93.23808 92.88742 92.53753 92.18845 91.84018 91.49278 91.14625 90.80063 90.45594 90.11220 89.76944 89.42766 89.08690 88.74717 88.40848 88.07086 87.73430 87.39883 87.06446 86.73119 86.39903 86.06800 85.73809 85.40931 85.08167 84.75516 84.42978 84.10555 83.78245 83.46048 83.13964 82.81992 82.50132 82.18383 81.86745 81.55215 81.23794 80.92481 80.61273 80.30171 79.99172 79.68275 79.37478 79.06781 78.76180 78.45675 78.15264 77.84944 77.54714 77.24572 76.94515 76.64542 76.34650 76.04837 75.75100 75.45437 75.15846 74.86324 74.56868 74.27477 73.98146 73.68874 73.39658 73.10495 72.81382 72.52315 72.23294 71.94313 71.65371 71.36463 71.07588 70.78742 70.49922 70.21124 69.92346 69.63584 69.34834 69.06095 68.77361 68.48630 68.19899 67.91163 67.62420 67.33666 67.04897 66.76111 66.47302 66.18469 65.89606 65.60711 65.31780 65.02809 64.73794 64.44732 64.15619 63.86451 63.57224 63.27934 62.98579 62.69152 62.39652 62.10073 61.80413 61.50666 61.20829 60.90898 60.60869 60.30738 60.00501 59.70154 59.39692 59.09111 58.78408 58.47578 58.16617 57.85521 57.54285 57.22906 56.91378 56.59699 56.27863 55.95866 55.63704 55.31373 54.98868 54.66185 54.33319 54.00267 53.67023 53.33583 52.99944 52.66100 52.32047 51.97781 51.63297 51.28591 50.93658 50.58494 50.23095 49.87456 49.51573 49.15441 48.79055 48.42413 48.05508 47.68337 47.30895 46.93179 46.55183 46.16904 45.78336 45.39477 45.00322 44.60866 44.21105 43.81036 43.40655 42.99957 42.58938 42.17595 41.75924 41.33922 40.91583 40.48906 40.05886 39.62520 39.18805 38.74738 38.30315 37.85533 37.40391 36.94884 36.49010 36.02767 35.56153 35.09164 34.61800 34.14059 33.65938 33.17436 32.68552 32.19285 31.69634 31.19597 30.69176 30.18368 29.67175 29.15596 28.63631 28.11283 27.58550 27.05436 26.51940 25.98066 25.43815 24.89188 24.34190 23.78823 23.23091 22.66996 22.10543 21.53736 20.96580 20.39079 19.81240 19.23067 18.64566 18.05744 17.46608 16.87164 16.27419 15.67382 15.07061 14.46463 13.85597 13.24473 12.63100 12.01486 11.39643 10.77580 10.15309 9.52838 8.90181 8.27348 7.64350 7.01199 6.37908 5.74487 5.10951 4.47311 3.83580 3.19770 2.55895 1.91967 1.28000 0.64007 0.00000 
100.00000 99.64159 99.28323 98.92495 98.56680 98.20883 97.85108 97.49359 97.13640 96.77956 96.42311 96.06709 95.71153 95.35648 95.00198 94.64806 94.29476 93.94211 93.59016 93.23894 92.88847 92.53879 92.18993 91.84192 91.49478 91.14855 90.80325 90.45890 90.11552 89.77315 89.43179 89.09146 88.75219 88.41399 88.07687 87.74086 87.40595 87.07216 86.73950 86.40798 86.07761 85.74838 85.42031 85.09340 84.76765 84.44305 84.11962 83.79734 83.47622 83.15625 82.83743 82.51974 82.20319 81.88775 81.57343 81.26022 80.94810 80.63705 80.32708 80.01815 79.71027 79.40340 79.09755 78.79267 78.48877 78.18582 77.88380 77.58270 77.28248 76.98313 76.68463 76.38695 76.09007 75.79397 75.49862 75.20399 74.91007 74.61682 74.32421 74.03223 73.74084 73.45002 73.15973 72.86995 72.58065 72.29180 72.00337 71.71532 71.42763 71.14027 70.85320 70.56639 70.27981 69.99343 69.70722 69.42114 69.13515 68.84923 68.56334 68.27745 67.99151 67.70550 67.41939 67.13313 66.84669 66.56003 66.27312 65.98592 65.69839 65.41051 65.12222 64.83350 64.54430 64.25458 63.96432 63.67347 63.38199 63.08984 62.79699 62.50339 62.20901 61.91380 61.61773 61.32075 61.02283 60.72392 60.42399 60.12299 59.82088 59.51762 59.21317 58.90749 58.60053 58.29225 57.98262 57.67158 57.35910 57.04513 56.72962 56.41255 56.09385 55.77350 55.45144 55.12763 54.80203 54.47459 54.14527 53.81402 53.48080 53.14557 52.80828 52.46888 52.12734 51.78360 51.43762 51.08936 50.73876 50.38580 50.03041 49.67256 49.31220 48.94928 48.58377 48.21561 47.84477 47.47119 47.09483 46.71566 46.33361 45.94866 45.56076 45.16986 44.77593 44.37891 43.97877 43.57547 43.16897 42.75922 42.34619 41.92983 41.51012 41.08700 40.66045 40.23042 39.79689 39.35981 38.91916 38.47490 38.02700 37.57543 37.12016 36.66117 36.19842 35.73190 35.26158 34.78743 34.30944 33.82759 33.34187 32.85225 32.35873 31.86130 31.35994 30.85465 30.34542 29.83226 29.31517 28.79414 28.26919 27.74032 27.20754 26.67088 26.13033 25.58593 25.03770 24.48567 23.92985 23.37030 22.80703 22.24010 21.66954 21.09540 20.51773 19.93658 19.35201 18.76408 18.17285 17.57840 16.98078 16.38008 15.77637 15.16974 14.56027 13.94805 13.33317 12.71572 12.09581 11.47353 10.84899 10.22230 9.59357 8.96291 8.33044 7.69627 7.06053 6.42334 5.78483 5.14512 4.50433 3.86261 3.22008 2.57688 1.93313 1.28898 0.64456 0.00000 
100.00000 99.64152 99.28309 98.92475 98.56654 98.20852 97.85072 97.49319 97.13597 96.77910 96.42264 96.06662 95.71107 95.35605 95.00159 94.64773 94.29451 93.94197 93.59013 93.23904 92.88873 92.53922 92.19056 91.84277 91.49588 91.14992 90.80491 90.46088 90.11785 89.77584 89.43487 89.09497 88.75614 88.41842 88.08180 87.74630 87.41194 87.07873 86.74668 86.41579 86.08607 85.75752 85.43016 85.10397 84.77898 84.45517 84.13254 83.81109 83.49082 83.17172 82.85380 82.53703 82.22142 81.90695 81.59362 81.28141 80.97031 80.66031 80.35140 80.04356 79.73677 79.43102 79.12630 78.82258 78.51985 78.21808 77.91726 77.61736 77.31837 77.02027 76.72302 76.42660 76.13100 75.83619 75.54214 75.24883 74.95622 74.66430 74.37304 74.08241 73.79238 73.50293 73.21401 72.92562 72.63771 72.35025 72.06322 71.77658 71.49030 71.20436 70.91871 70.63334 70.34819 70.06325 69.77848 69.49384 69.20930 68.92483 68.64039 68.35595 68.07147 67.78692 67.50226 67.21746 66.93248 66.64729 66.36184 66.07610 65.79004 65.50362 65.21679 64.92953 64.64179 64.35353 64.06473 63.77533 63.48530 63.19461 62.90320 62.61105 62.31811 62.02434 61.72970 61.43416 61.13766 60.84018 60.54166 60.24208 59.94138 59.63952 59.33647 59.03217 58.72660 58.41970 58.11143 57.80176 57.49063 57.17800 56.86384 56.54809 56.23071 55.91166 55.59090 55.26838 54.94405 54.61787 54.28980 53.95979 53.62779 53.29377 52.95767 52.61945 52.27907 51.93647 51.59162 51.24447 50.89496 50.54307 50.18873 49.83190 49.47255 49.11062 48.74606 48.37884 48.00890 47.63620 47.26070 46.88235 46.50110 46.11692 45.72975 45.33955 44.94628 44.54989 44.15035 43.74761 43.34162 42.93235 42.51975 42.10379 41.68442 41.26161 40.83531 40.40549 39.97212 39.53515 39.09455 38.65029 38.20233 37.75065 37.29521 36.83599 36.37295 35.90607 35.43533 34.96070 34.48216 33.99969 33.51327 33.02289 32.52853 32.03018 31.52783 31.02147 30.51110 29.99672 29.47831 28.95590 28.42947 27.89904 27.36462 26.82622 26.28386 25.73756 25.18733 24.63321 24.07522 23.51340 22.94778 22.37840 21.80530 21.22853 20.64814 20.06418 19.47671 18.88580 18.29149 17.69387 17.09301 16.48897 15.88185 15.27172 14.65867 14.04278 13.42417 12.80291 12.17912 11.55289 10.92433 10.29356 9.66069 9.02583 8.38910 7.75062 7.11053 6.46894 5.82598 5.18179 4.53650 3.89024 3.24314 2.59535 1.94700 1.29824 0.64919 0.00000 
100.00000 99.64141 99.28287 98.92442 98.56611 98.20798 97.85009 97.49247 97.13518 96.77825 96.42173 96.06567 95.71010 95.35506 95.00061 94.64678 94.29360 93.94111 93.58935 93.23836 92.88818 92.53882 92.19033 91.84273 91.49606 91.15034 90.80560 90.46186 90.11915 89.77749 89.43690 89.09740 88.75900 88.42173 88.08560 87.75061 87.41680 87.08415 86.75269 86.42242 86.09335 85.76548 85.43882 85.11337 84.78913 84.46610 84.14427 83.82366 83.50424 83.18603 82.86901 82.55317 82.23851 81.92501 81.61267 81.30148 80.99142 80.68248 80.37465 80.06790 79.76223 79.45762 79.15405 78.85150 78.54996 78.24939 77.94979 77.65113 77.35339 77.05654 76.76057 76.46545 76.17115 75.87765 75.58493 75.29295 75.00170 74.71114 74.42125 74.13199 73.84335 73.55529 73.26778 72.98080 72.69431 72.40828 72.12268 71.83748 71.55265 71.26815 70.98397 70.70005 70.41637 70.13290 69.84960 69.56644 69.28338 69.00039 68.71744 68.43449 68.15150 67.86845 67.58528 67.30198 67.01850 66.73480 66.45085 66.16662 65.88205 65.59713 65.31180 65.02604 64.73980 64.45304 64.16573 63.87782 63.58929 63.30008 63.01017 62.71950 62.42804 62.13575 61.84259 61.54852 61.25349 60.95747 60.66041 60.36228 60.06303 59.76262 59.46100 59.15814 58.85400 58.54852 58.24166 57.93339 57.62366 57.31242 56.99964 56.68526 56.36924 56.05155 55.73212 55.41093 55.08792 54.76305 54.43627 54.10754 53.77682 53.44405 53.10919 52.77219 52.43301 52.09161 51.74793 51.40193 51.05356 50.70278 50.34953 49.99378 49.63548 49.27458 48.91103 48.54478 48.17580 47.80403 47.42942 47.05194 46.67153 46.28816 45.90176 45.51231 45.11975 44.72404 44.32513 43.92298 43.51756 43.10880 42.69668 42.28115 41.86217 41.43970 41.01370 40.58412 40.15094 39.71411 39.27360 38.82938 38.38140 37.92964 37.47406 37.01463 36.55133 36.08412 35.61298 35.13788 34.65881 34.17573 33.68864 33.19750 32.70232 32.20306 31.69973 31.19231 30.68080 30.16519 29.64548 29.12167 28.59376 28.06176 27.52568 26.98554 26.44134 25.89310 25.34085 24.78462 24.22442 23.66030 23.09228 22.52041 21.94473 21.36528 20.78212 20.19530 19.60487 19.01090 18.41345 17.81260 17.20841 16.60096 15.99033 15.37661 14.75989 14.14026 13.51781 12.89264 12.26486 11.63457 11.00189 10.36692 9.72979 9.09061 8.44950 7.80660 7.16202 6.51590 5.86837 5.21957 4.56963 3.91870 3.26690 2.61438 1.96129 1.30777 0.65396 0.00000 
100.00000 99.64125 99.28255 98.92394 98.56548 98.20721 97.84918 97.49143 97.13402 96.77698 96.42037 96.06422 95.70858 95.35350 94.99901 94.64516 94.29198 93.93952 93.58781 93.23689 92.88679 92.53755 92.18920 91.84177 91.49529 91.14978 90.80529 90.46182 90.11941 89.77808 89.43784 89.09872 88.76074 88.42391 88.08825 87.75376 87.42048 87.08839 86.75751 86.42786 86.09943 85.77224 85.44628 85.12155 84.79807 84.47582 84.15481 83.83503 83.51647 83.19915 82.88303 82.56813 82.25443 81.94192 81.63059 81.32043 81.01142 80.70355 80.39681 80.09118 79.78664 79.48319 79.18079 78.87943 78.57909 78.27975 77.98138 77.68398 77.38751 77.09195 76.79728 76.50347 76.21050 75.91834 75.62697 75.33636 75.04648 74.75731 74.46881 74.18097 73.89374 73.60711 73.32103 73.03549 72.75045 72.46587 72.18174 71.89801 71.61466 71.33165 71.04895 70.76653 70.48435 70.20238 69.92059 69.63894 69.35739 69.07593 68.79450 68.51307 68.23161 67.95008 67.66845 67.38668 67.10473 66.82257 66.54016 66.25746 65.97443 65.69104 65.40726 65.12303 64.83832 64.55310 64.26733 63.98095 63.69395 63.40627 63.11788 62.82874 62.53880 62.24803 61.95639 61.66383 61.37031 61.07580 60.78025 60.48361 60.18585 59.88693 59.58679 59.28541 58.98273 58.67871 58.37331 58.06649 57.75820 57.44839 57.13703 56.82407 56.50946 56.19316 55.87512 55.55530 55.23366 54.91014 54.58470 54.25730 53.92789 53.59641 53.26284 52.92711 52.58919 52.24902 51.90656 51.56176 51.21457 50.86495 50.51285 50.15822 49.80102 49.44119 49.07869 48.71347 48.34548 47.97468 47.60103 47.22446 46.84494 46.46242 46.07684 45.68818 45.29637 44.90138 44.50315 44.10165 43.69682 43.28863 42.87703 42.46197 42.04342 41.62133 41.19566 40.76637 40.33341 39.89677 39.45638 39.01222 38.56425 38.11244 37.65675 37.19715 36.73361 36.26609 35.79458 35.31904 34.83946 34.35580 33.86804 33.37617 32.88017 32.38003 31.87573 31.36725 30.85460 30.33776 29.81674 29.29153 28.76214 28.22856 27.69081 27.14890 26.60285 26.05266 25.49837 24.93999 24.37755 23.81109 23.24064 22.66624 22.08793 21.50575 20.91976 20.33002 19.73657 19.13948 18.53882 17.93466 17.32706 16.71612 16.10191 15.48452 14.86403 14.24055 13.61417 12.98498 12.35311 11.71866 11.08173 10.44245 9.80094 9.15732 8.51171 7.86424 7.21505 6.56427 5.91204 5.25849 4.60377 3.94801 3.29137 2.63399 1.97601 1.31759 0.65887 0.00000 
100.00000 99.64104 99.28213 98.92333 98.56467 98.20620 97.84799 97.49006 97.13248 96.77529 96.41854 96.06226 95.70652 95.35134 94.99678 94.64287 94.28966 93.93718 93.58548 93.23459 92.88455 92.53539 92.18715 91.83985 91.49353 91.14822 90.80394 90.46073 90.11859 89.77756 89.43766 89.09891 88.76133 88.42492 88.08972 87.75572 87.42295 87.09141 86.76112 86.43208 86.10429 85.77776 85.45250 85.12850 84.80577 84.48431 84.16411 83.84517 83.52748 83.21105 82.89586 82.58190 82.26917 81.95765 81.64734 81.33822 81.03027 80.72349 80.41786 80.11336 79.80998 79.50769 79.20648 78.90633 78.60722 78.30912 78.01202 77.71590 77.42072 77.12647 76.83313 76.54066 76.24904 75.95825 75.66826 75.37904 75.09056 74.80280 74.51573 74.22932 73.94354 73.65836 73.37375 73.08968 72.80612 72.52304 72.24040 71.95817 71.67633 71.39484 71.11366 70.83276 70.55212 70.27168 69.99143 69.71133 69.43134 69.15142 68.87155 68.59168 68.31179 68.03183 67.75176 67.47156 67.19118 66.91059 66.62975 66.34863 66.06718 65.78537 65.50315 65.22050 64.93737 64.65372 64.36952 64.08472 63.79929 63.51318 63.22636 62.93878 62.65041 62.36120 62.07111 61.78011 61.48814 61.19517 60.90116 60.60607 60.30984 60.01244 59.71383 59.41397 59.11280 58.81029 58.50639 58.20106 57.89425 57.58593 57.27603 56.96453 56.65137 56.33651 56.01991 55.70151 55.38127 55.05915 54.73510 54.40907 54.08102 53.75089 53.41865 53.08424 52.74761 52.40872 52.06753 51.72398 51.37802 51.02961 50.67870 50.32524 49.96918 49.61047 49.24907 48.88492 48.51799 48.14821 47.77554 47.39994 47.02135 46.63973 46.25502 45.86719 45.47618 45.08195 44.68445 44.28363 43.87945 43.47187 43.06082 42.64628 42.22820 41.80653 41.38124 40.95227 40.51959 40.08316 39.64293 39.19888 38.75095 38.29912 37.84335 37.38361 36.91986 36.45207 35.98021 35.50426 35.02418 34.53996 34.05156 33.55898 33.06218 32.56116 32.05589 31.54637 31.03258 30.51453 29.99220 29.46558 28.93470 28.39953 27.86010 27.31642 26.76849 26.21633 25.65997 25.09942 24.53471 23.96588 23.39296 22.81598 22.23499 21.65004 21.06117 20.46844 19.87191 19.27164 18.66769 18.06015 17.44907 16.83455 16.21667 15.59551 14.97117 14.34374 13.71332 13.08002 12.44395 11.80521 11.16393 10.52022 9.87420 9.22601 8.57577 7.92361 7.26967 6.61410 5.95702 5.29858 4.63893 3.97822 3.31659 2.65419 1.99118 1.32771 0.66393 0.00000 
100.00000 99.64079 99.28162 98.92256 98.56365 98.20495 97.84650 97.48835 97.13056 96.77317 96.41623 96.05978 95.70388 95.34857 94.99389 94.63988 94.28660 93.93407 93.58234 93.23145 92.88143 92.53232 92.18415 91.83696 91.49078 91.14563 90.80154 90.45855 90.11667 89.77592 89.43634 89.09794 88.76073 88.42474 88.08998 87.75646 87.42420 87.09320 86.76348 86.43504 86.10788 85.78202 85.45745 85.13418 84.81221 84.49153 84.17215 83.85405 83.53724 83.22171 82.90744 82.59444 82.28269 81.97218 81.66290 81.35483 81.04797 80.74229 80.43779 80.13443 79.83222 79.53112 79.23112 78.93220 78.63433 78.33751 78.04169 77.74687 77.45301 77.16010 76.86810 76.57699 76.28676 75.99736 75.70877 75.42097 75.13393 74.84761 74.56200 74.27705 73.99275 73.70905 73.42594 73.14337 72.86132 72.57976 72.29865 72.01796 71.73766 71.45771 71.17809 70.89875 70.61967 70.34081 70.06214 69.78362 69.50521 69.22688 68.94860 68.67033 68.39203 68.11367 67.83521 67.55662 67.27785 66.99887 66.71964 66.44013 66.16029 65.88009 65.59949 65.31845 65.03694 64.75490 64.47231 64.18913 63.90530 63.62081 63.33559 63.04962 62.76285 62.47524 62.18675 61.89735 61.60697 61.31559 61.02317 60.72965 60.43500 60.13918 59.84214 59.54383 59.24422 58.94326 58.64090 58.33711 58.03183 57.72503 57.41665 57.10665 56.79499 56.48162 56.16649 55.84956 55.53078 55.21010 54.88748 54.56287 54.23622 53.90749 53.57662 53.24358 52.90830 52.57074 52.23086 51.88861 51.54393 51.19677 50.84710 50.49485 50.13999 49.78245 49.42220 49.05917 48.69333 48.32462 47.95300 47.57840 47.20079 46.82012 46.43633 46.04938 45.65922 45.26580 44.86907 44.46899 44.06550 43.65856 43.24813 42.83415 42.41658 41.99537 41.57049 41.14189 40.70952 40.27334 39.83332 39.38940 38.94156 38.48975 38.03394 37.57408 37.11015 36.64212 36.16994 35.69360 35.21306 34.72829 34.23928 33.74599 33.24842 32.74653 32.24031 31.72975 31.21484 30.69557 30.17193 29.64392 29.11153 28.57478 28.03366 27.48818 26.93836 26.38421 25.82575 25.26301 24.69600 24.12476 23.54933 22.96973 22.38602 21.79824 21.20644 20.61067 20.01099 19.40747 18.80017 18.18916 17.57453 16.95635 16.33471 15.70969 15.08139 14.44992 13.81536 13.17783 12.53745 11.89431 11.24855 10.60028 9.94964 9.29675 8.64174 7.98476 7.32594 6.66542 6.00335 5.33988 4.67516 4.00934 3.34257 2.67501 2.00681 1.33814 0.66915 0.00000 
100.00000 99.64048 99.28101 98.92164 98.56244 98.20344 97.84471 97.48629 97.12823 96.77059 96.41342 96.05676 95.70066 95.34516 94.99032 94.63618 94.28278 93.93016 93.57837 93.22743 92.87740 92.52831 92.18018 91.83307 91.48698 91.14197 90.79805 90.45525 90.11360 89.77312 89.43384 89.09576 88.75892 88.42333 88.08900 87.75594 87.42418 87.09371 86.76455 86.43671 86.11019 85.78499 85.46112 85.13857 84.81736 84.49747 84.17890 83.86166 83.54573 83.23110 82.91777 82.60573 82.29497 81.98548 81.67725 81.37025 81.06448 80.75992 80.45656 80.15437 79.85334 79.55345 79.25468 78.95701 78.66042 78.36488 78.07037 77.77687 77.48436 77.19280 76.90218 76.61247 76.32364 76.03566 75.74851 75.46215 75.17657 74.89173 74.60759 74.32414 74.04134 73.75917 73.47758 73.19654 72.91604 72.63603 72.35648 72.07736 71.79863 71.52027 71.24223 70.96449 70.68701 70.40976 70.13270 69.85579 69.57900 69.30230 69.02565 68.74901 68.47235 68.19562 67.91881 67.64185 67.36473 67.08740 66.80982 66.53195 66.25377 65.97522 65.69627 65.41689 65.13702 64.85664 64.57571 64.29417 64.01200 63.72915 63.44559 63.16126 62.87614 62.59017 62.30332 62.01555 61.72681 61.43707 61.14627 60.85438 60.56135 60.26714 59.97171 59.67501 59.37699 59.07763 58.77686 58.47465 58.17094 57.86570 57.55888 57.25044 56.94032 56.62848 56.31487 55.99946 55.68218 55.36299 55.04185 54.71871 54.39352 54.06622 53.73678 53.40515 53.07127 52.73509 52.39657 52.05566 51.71231 51.36646 51.01808 50.66709 50.31347 49.95716 49.59810 49.23624 48.87155 48.50396 48.13342 47.75989 47.38331 47.00363 46.62081 46.23479 45.84553 45.45296 45.05705 44.65775 44.25500 43.84876 43.43897 43.02560 42.60859 42.18790 41.76347 41.33528 40.90326 40.46738 40.02760 39.58386 39.13614 38.68438 38.22856 37.76863 37.30456 36.83631 36.36385 35.88714 35.40616 34.92088 34.43127 33.93731 33.43897 32.93623 32.42908 31.91749 31.40147 30.88098 30.35604 29.82662 29.29274 28.75439 28.21157 27.66429 27.11256 26.55640 25.99583 25.43086 24.86152 24.28784 23.70986 23.12760 22.54112 21.95046 21.35567 20.75680 20.15391 19.54707 18.93635 18.32181 17.70354 17.08161 16.45612 15.82715 15.19480 14.55918 13.92037 13.27851 12.63369 11.98604 11.33568 10.68273 10.02733 9.36961 8.70970 8.04775 7.38390 6.71830 6.05109 5.38244 4.71249 4.04141 3.36934 2.69646 2.02292 1.34889 0.67453 0.00000 
100.00000 99.64012 99.28029 98.92056 98.56101 98.20167 97.84260 97.48386 97.12549 96.76756 96.41010 96.05317 95.69683 95.34111 94.98606 94.63174 94.27818 93.92543 93.57353 93.22252 92.87244 92.52332 92.17521 91.82813 91.48213 91.13722 90.79344 90.45081 90.10937 89.76913 89.43012 89.09236 88.75587 88.42065 88.08674 87.75414 87.42286 87.09292 86.76432 86.43706 86.11117 85.78663 85.46345 85.14163 84.82118 84.50208 84.18434 83.86795 83.55290 83.23919 82.92681 82.61575 82.30599 81.99753 81.69035 81.38444 81.07978 80.77636 80.47416 80.17315 79.87333 79.57467 79.27715 78.98075 78.68545 78.39122 78.09805 77.80590 77.51475 77.22458 76.93536 76.64706 76.35966 76.07313 75.78744 75.50257 75.21847 74.93513 74.65251 74.37059 74.08932 73.80869 73.52866 73.24920 72.97027 72.69184 72.41388 72.13636 71.85925 71.58250 71.30609 71.02998 70.75413 70.47852 70.20310 69.92785 69.65272 69.37767 69.10269 68.82771 68.55272 68.27768 68.00253 67.72726 67.45182 67.17617 66.90028 66.62410 66.34761 66.07075 65.79350 65.51580 65.23763 64.95894 64.67970 64.39986 64.11938 63.83822 63.55634 63.27370 62.99027 62.70598 62.42082 62.13473 61.84767 61.55959 61.27046 60.98024 60.68887 60.39632 60.10255 59.80750 59.51113 59.21340 58.91426 58.61368 58.31159 58.00797 57.70275 57.39590 57.08737 56.77711 56.46508 56.15122 55.83549 55.51784 55.19823 54.87660 54.55291 54.22711 53.89914 53.56897 53.23653 52.90179 52.56468 52.22517 51.88319 51.53870 51.19165 50.84198 50.48965 50.13461 49.77679 49.41616 49.05266 48.68624 48.31684 47.94442 47.56892 47.19029 46.80849 46.42345 46.03513 45.64347 45.24843 44.84996 44.44799 44.04250 43.63341 43.22069 42.80429 42.38415 41.96023 41.53249 41.10087 40.66533 40.22582 39.78231 39.33474 38.88309 38.42729 37.96732 37.50314 37.03471 36.56199 36.08496 35.60357 35.11780 34.62762 34.13300 33.63391 33.13035 32.62227 32.10968 31.59255 31.07086 30.54462 30.01380 29.47842 28.93846 28.39394 27.84484 27.29120 26.73301 26.17030 25.60308 25.03138 24.45523 23.87466 23.28970 22.70041 22.10682 21.50898 20.90695 20.30080 19.69057 19.07634 18.45820 17.83620 17.21044 16.58101 15.94799 15.31149 14.67161 14.02845 13.38213 12.73277 12.08048 11.42539 10.76764 10.10734 9.44465 8.77970 8.11264 7.44361 6.77278 6.10028 5.42629 4.75096 4.07445 3.39693 2.71857 2.03952 1.35996 0.68007 0.00000 
100.00000 99.63970 99.27946 98.91932 98.55936 98.19963 97.84017 97.48105 97.12232 96.76404 96.40625 96.04901 95.69237 95.33638 94.98108 94.62653 94.27277 93.91985 93.56780 93.21667 92.86651 92.51734 92.16920 91.82213 91.47617 91.13134 90.78767 90.44519 90.10394 89.76392 89.42516 89.08770 88.75153 88.41668 88.08317 87.75101 87.42021 87.09078 86.76273 86.43607 86.11079 85.78691 85.46443 85.14334 84.82364 84.50534 84.18843 83.87290 83.55875 83.24596 82.93454 82.62446 82.31572 82.00830 81.70220 81.39738 81.09385 80.79158 80.49055 80.19075 79.89216 79.59475 79.29850 79.00340 78.70941 78.41652 78.12470 77.83392 77.54417 77.25541 76.96762 76.68077 76.39483 76.10977 75.82557 75.54220 75.25962 74.97781 74.69674 74.41637 74.13668 73.85762 73.57918 73.30131 73.02399 72.74718 72.47085 72.19497 71.91949 71.64440 71.36964 71.09519 70.82102 70.54708 70.27335 69.99978 69.72634 69.45300 69.17971 68.90644 68.63316 68.35982 68.08640 67.81284 67.53912 67.26520 66.99103 66.71658 66.44181 66.16669 65.89116 65.61520 65.33876 65.06180 64.78429 64.50618 64.22743 63.94801 63.66786 63.38695 63.10524 62.82269 62.53925 62.25487 61.96953 61.68318 61.39576 61.10725 60.81759 60.52674 60.23466 59.94130 59.64663 59.35058 59.05312 58.75421 58.45379 58.15182 57.84826 57.54305 57.23615 56.92752 56.61710 56.30485 55.99072 55.67466 55.35663 55.03656 54.71442 54.39016 54.06372 53.73505 53.40411 53.07085 52.73520 52.39713 52.05658 51.71350 51.36783 51.01954 50.66855 50.31483 49.95831 49.59895 49.23670 48.87150 48.50329 48.13203 47.75767 47.38014 46.99940 46.61539 46.22807 45.83737 45.44325 45.04565 44.64453 44.23982 43.83149 43.41947 43.00372 42.58419 42.16082 41.73357 41.30240 40.86724 40.42806 39.98481 39.53745 39.08593 38.63020 38.17023 37.70598 37.23740 36.76446 36.28713 35.80536 35.31913 34.82840 34.33315 33.83335 33.32897 32.82000 32.30641 31.78818 31.26530 30.73776 30.20556 29.66867 29.12711 28.58087 28.02996 27.47438 26.91415 26.34927 25.77978 25.20569 24.62704 24.04384 23.45615 22.86399 22.26742 21.66649 21.06124 20.45175 19.83806 19.22027 18.59843 17.97262 17.34294 16.70948 16.07232 15.43156 14.78732 14.13969 13.48881 12.83478 12.17772 11.51778 10.85508 10.18975 9.52195 8.85181 8.17949 7.50514 6.82891 6.15097 5.47148 4.79061 4.10851 3.42537 2.74135 2.05663 1.37138 0.68578 0.00000 
100.00000 99.63923 99.27851 98.91791 98.55749 98.19730 97.83741 97.47786 97.11871 96.76002 96.40185 96.04425 95.68726 95.33095 94.97536 94.62053 94.26653 93.91339 93.56115 93.20987 92.85958 92.51032 92.16212 91.81503 91.46908 91.12430 90.78071 90.43836 90.09726 89.75744 89.41892 89.08173 88.74587 88.41138 88.07826 87.74653 87.41619 87.08727 86.75976 86.43368 86.10902 85.78580 85.46401 85.14365 84.82472 84.50722 84.19114 83.87648 83.56323 83.25138 82.94092 82.63184 82.32412 82.01776 81.71275 81.40905 81.10666 80.80556 80.50573 80.20715 79.90980 79.61366 79.31871 79.02492 78.73228 78.44074 78.15030 77.86093 77.57260 77.28527 76.99894 76.71356 76.42911 76.14556 75.86288 75.58104 75.30001 75.01976 74.74027 74.46148 74.18339 73.90595 73.62912 73.35289 73.07721 72.80205 72.52738 72.25317 71.97937 71.70596 71.43289 71.16014 70.88768 70.61545 70.34343 70.07159 69.79988 69.52826 69.25671 68.98519 68.71365 68.44207 68.17039 67.89859 67.62663 67.35447 67.08206 66.80938 66.53638 66.26302 65.98927 65.71508 65.44041 65.16523 64.88949 64.61315 64.33617 64.05852 63.78014 63.50101 63.22107 62.94028 62.65860 62.37600 62.09242 61.80782 61.52216 61.23540 60.94749 60.65839 60.36806 60.07644 59.78349 59.48918 59.19344 58.89625 58.59754 58.29728 57.99541 57.69189 57.38668 57.07972 56.77097 56.46037 56.14789 55.83347 55.51705 55.19860 54.87806 54.55539 54.23052 53.90342 53.57402 53.24229 52.90816 52.57158 52.23251 51.89088 51.54666 51.19978 50.85019 50.49784 50.14268 49.78465 49.42369 49.05976 48.69280 48.32276 47.94957 47.57320 47.19358 46.81066 46.42438 46.03469 45.64155 45.24488 44.84465 44.44079 44.03325 43.62199 43.20694 42.78806 42.36529 41.93859 41.50791 41.07318 40.63438 40.19144 39.74432 39.29297 38.83736 38.37743 37.91314 37.44446 36.97133 36.49373 36.01162 35.52496 35.03371 34.53786 34.03736 33.53220 33.02234 32.50777 31.98846 31.46441 30.93558 30.40199 29.86361 29.32044 28.77248 28.21974 27.66222 27.09992 26.53287 25.96108 25.38458 24.80338 24.21753 23.62705 23.03199 22.43239 21.82830 21.21978 20.60688 19.98968 19.36823 18.74262 18.11293 17.47924 16.84164 16.20024 15.55512 14.90641 14.25420 13.59863 12.93980 12.27786 11.61292 10.94514 10.27464 9.60158 8.92611 8.24837 7.56854 6.88676 6.20322 5.51806 4.83147 4.14362 3.45468 2.76484 2.07427 1.38315 0.69167 0.00000 
100.00000 99.63870 99.27745 98.91633 98.55539 98.19469 97.83429 97.47426 97.11464 96.75550 96.39689 96.03886 95.68148 95.32480 94.96886 94.61372 94.25942 93.90602 93.55356 93.20208 92.85162 92.50223 92.15394 91.80679 91.46082 91.11605 90.77253 90.43027 90.08930 89.74966 89.41136 89.07442 88.73886 88.40470 88.07196 87.74064 87.41077 87.08234 86.75537 86.42987 86.10583 85.78326 85.46216 85.14253 84.82437 84.50767 84.19243 83.87865 83.56631 83.25540 82.94592 82.63785 82.33118 82.02589 81.72197 81.41941 81.11818 80.81827 80.51966 80.22232 79.92624 79.63139 79.33776 79.04531 78.75403 78.46388 78.17485 77.88690 77.60001 77.31415 77.02930 76.74542 76.46249 76.18047 75.89935 75.61907 75.33962 75.06097 74.78308 74.50591 74.22945 73.95365 73.67848 73.40391 73.12991 72.85644 72.58346 72.31095 72.03886 71.76717 71.49583 71.22482 70.95409 70.68361 70.41335 70.14326 69.87331 69.60347 69.33370 69.06395 68.79420 68.52440 68.25451 67.98451 67.71434 67.44398 67.17338 66.90250 66.63131 66.35976 66.08781 65.81543 65.54258 65.26921 64.99528 64.72076 64.44560 64.16975 63.89319 63.61587 63.33774 63.05876 62.77890 62.49810 62.21632 61.93353 61.64967 61.36471 61.07860 60.79129 60.50274 60.21290 59.92174 59.62919 59.33523 59.03980 58.74285 58.44434 58.14421 57.84244 57.53895 57.23372 56.92668 56.61779 56.30700 55.99426 55.67952 55.36273 55.04385 54.72281 54.39957 54.07408 53.74628 53.41612 53.08356 52.74853 52.41099 52.07088 51.72814 51.38273 51.03460 50.68368 50.32992 49.97326 49.61366 49.25106 48.88540 48.51662 48.14468 47.76951 47.39106 47.00928 46.62410 46.23548 45.84336 45.44768 45.04839 44.64543 44.23874 43.82829 43.41399 42.99582 42.57371 42.14760 41.71745 41.28321 40.84482 40.40224 39.95541 39.50429 39.04883 38.58898 38.12470 37.65595 37.18268 36.70485 36.22243 35.73537 35.24364 34.74721 34.24605 33.74012 33.22940 32.71387 32.19350 31.66828 31.13818 30.60320 30.06333 29.51856 28.96888 28.41430 27.85482 27.29046 26.72121 26.14710 25.56815 24.98439 24.39584 23.80254 23.20453 22.60185 21.99455 21.38269 20.76633 20.14553 19.52036 18.89090 18.25723 17.61944 16.97762 16.33186 15.68228 15.02898 14.37208 13.71170 13.04795 12.38098 11.71092 11.03791 10.36210 9.68363 9.00266 8.31936 7.63388 6.94639 6.25706 5.56607 4.87360 4.17981 3.48491 2.78906 2.09246 1.39529 0.69774 0.00000 
100.00000 99.63810 99.27627 98.91456 98.55304 98.19178 97.83082 97.47024 97.11009 96.75044 96.39133 96.03284 95.67501 95.31790 94.96157 94.60606 94.25143 93.89772 93.54498 93.19326 92.84260 92.49304 92.14462 91.79738 91.45135 91.10658 90.76308 90.42089 90.08003 89.74054 89.40243 89.06573 88.73045 88.39661 88.06423 87.73332 87.40389 87.07596 86.74952 86.42459 86.10116 85.77924 85.45884 85.13994 84.82255 84.50667 84.19227 83.87937 83.56795 83.25800 82.94951 82.64246 82.33685 82.03265 81.72985 81.42844 81.12839 80.82969 80.53231 80.23624 79.94145 79.64792 79.35562 79.06454 78.77464 78.48591 78.19831 77.91181 77.62640 77.34203 77.05869 76.77634 76.49496 76.21451 75.93496 75.65628 75.37844 75.10141 74.82516 74.54965 74.27485 74.00073 73.72725 73.45438 73.18208 72.91033 72.63908 72.36830 72.09796 71.82803 71.55845 71.28921 71.02026 70.75156 70.48309 70.21480 69.94665 69.67862 69.41065 69.14272 68.87479 68.60682 68.33876 68.07059 67.80226 67.53374 67.26497 66.99594 66.72659 66.45689 66.18680 65.91627 65.64526 65.37375 65.10168 64.82901 64.55570 64.28171 64.00701 63.73154 63.45526 63.17814 62.90013 62.62118 62.34125 62.06030 61.77829 61.49517 61.21090 60.92542 60.63871 60.35070 60.06136 59.77064 59.47849 59.18486 58.88972 58.59301 58.29468 57.99469 57.69298 57.38952 57.08424 56.77710 56.46806 56.15706 55.84404 55.52897 55.21178 54.89243 54.57087 54.24704 53.92089 53.59237 53.26142 52.92800 52.59204 52.25349 51.91231 51.56842 51.22179 50.87235 50.52005 50.16483 49.80664 49.44542 49.08111 48.71366 48.34301 47.96910 47.59188 47.21130 46.82728 46.43978 46.04874 45.65410 45.25580 44.85379 44.44802 44.03842 43.62494 43.20752 42.78611 42.36065 41.93110 41.49739 41.05947 40.61729 40.17080 39.71995 39.26469 38.80497 38.34074 37.87196 37.39859 36.92057 36.43787 35.95045 35.45827 34.96130 34.45949 33.95283 33.44128 32.92480 32.40339 31.87702 31.34566 30.80931 30.26796 29.72158 29.17018 28.61377 28.05233 27.48587 26.91441 26.33796 25.75655 25.17019 24.57891 23.98274 23.38174 22.77593 22.16537 21.55011 20.93022 20.30575 19.67678 19.04339 18.40566 17.76367 17.11753 16.46732 15.81316 15.15517 14.49344 13.82812 13.15933 12.48720 11.81187 11.13349 10.45220 9.76817 9.08156 8.39252 7.70123 7.00785 6.31257 5.61557 4.91703 4.21713 3.51607 2.81403 2.11121 1.40780 0.70400 0.00000 
100.00000 99.63745 99.27496 98.91261 98.55045 98.18855 97.82697 97.46579 97.10505 96.74483 96.38517 96.02615 95.66782 95.31024 94.95345 94.59752 94.24250 93.88844 93.53539 93.18338 92.83248 92.48271 92.13412 91.78675 91.44064 91.09582 90.75232 90.41017 90.06940 89.73003 89.39210 89.05561 88.72060 88.38706 88.05504 87.72452 87.39553 87.06808 86.74217 86.41780 86.09499 85.77372 85.45401 85.13585 84.81924 84.50417 84.19063 83.87862 83.56813 83.25914 82.95165 82.64564 82.34110 82.03801 81.73635 81.43610 81.13725 80.83978 80.54366 80.24887 79.95540 79.66321 79.37228 79.08258 78.79410 78.50680 78.22066 77.93565 77.65174 77.36889 77.08709 76.80631 76.52650 76.24764 75.96970 75.69265 75.41646 75.14109 74.86650 74.59268 74.31957 74.04716 73.77540 73.50426 73.23371 72.96371 72.69423 72.42523 72.15667 71.88852 71.62075 71.35331 71.08617 70.81930 70.55265 70.28619 70.01988 69.75369 69.48758 69.22150 68.95543 68.68932 68.42313 68.15683 67.89038 67.62373 67.35685 67.08970 66.82223 66.55442 66.28622 66.01758 65.74847 65.47885 65.20867 64.93790 64.66649 64.39440 64.12159 63.84802 63.57364 63.29841 63.02229 62.74524 62.46720 62.18815 61.90802 61.62679 61.34440 61.06081 60.77597 60.48984 60.20237 59.91351 59.62322 59.33146 59.03817 58.74330 58.44681 58.14865 57.84878 57.54713 57.24367 56.93833 56.63108 56.32187 56.01063 55.69732 55.38189 55.06428 54.74444 54.42233 54.09788 53.77105 53.44177 53.11000 52.77568 52.43875 52.09917 51.75686 51.41179 51.06389 50.71310 50.35937 50.00265 49.64286 49.27997 48.91390 48.54460 48.17201 47.79608 47.41674 47.03394 46.64762 46.25771 45.86417 45.46693 45.06593 44.66112 44.25243 43.83982 43.42321 43.00256 42.57781 42.14890 41.71577 41.27838 40.83666 40.39056 39.94003 39.48501 39.02547 38.56134 38.09258 37.61914 37.14097 36.65804 36.17030 35.67770 35.18022 34.67781 34.17043 33.65807 33.14068 32.61825 32.09074 31.55814 31.02044 30.47760 29.92963 29.37651 28.81825 28.25484 27.68629 27.11260 26.53380 25.94989 25.36090 24.76686 24.16779 23.56375 22.95476 22.34088 21.72217 21.09868 20.47047 19.83763 19.20022 18.55834 17.91206 17.26149 16.60673 15.94789 15.28507 14.61841 13.94802 13.27404 12.59661 11.91587 11.23197 10.54506 9.85531 9.16288 8.46793 7.77066 7.07122 6.36981 5.66661 4.96182 4.25562 3.54821 2.83978 2.13055 1.42071 0.71046 0.00000 
100.00000 99.63673 99.27353 98.91046 98.54759 98.18500 97.82274 97.46089 97.09950 96.73864 96.37838 96.01877 95.65988 95.30177 94.94448 94.58808 94.23263 93.87816 93.52474 93.17241 92.82121 92.47120 92.12241 91.77487 91.42864 91.08374 90.74021 90.39807 90.05736 89.71810 89.38032 89.04403 88.70926 88.37602 88.04433 87.71419 87.38564 87.05866 86.73326 86.40946 86.08726 85.76665 85.44764 85.13022 84.81438 84.50013 84.18746 83.87635 83.56680 83.25879 82.95232 82.64736 82.34391 82.04193 81.74143 81.44237 81.14474 80.84852 80.55368 80.26020 79.96806 79.67724 79.38770 79.09942 78.81238 78.52655 78.24189 77.95839 77.67600 77.39471 77.11449 76.83529 76.55709 76.27986 76.00356 75.72817 75.45365 75.17997 74.90709 74.63498 74.36361 74.09294 73.82294 73.55357 73.28480 73.01659 72.74890 72.48171 72.21497 71.94865 71.68271 71.41711 71.15182 70.88680 70.62202 70.35743 70.09300 69.82870 69.56447 69.30029 69.03611 68.77190 68.50762 68.24323 67.97869 67.71396 67.44900 67.18377 66.91823 66.65235 66.38607 66.11937 65.85219 65.58450 65.31626 65.04743 64.77796 64.50781 64.23694 63.96530 63.69286 63.41958 63.14540 62.87028 62.59418 62.31706 62.03887 61.75957 61.47911 61.19744 60.91453 60.63031 60.34476 60.05782 59.76944 59.47958 59.18819 58.89522 58.60062 58.30434 58.00634 57.70657 57.40496 57.10148 56.79608 56.48870 56.17929 55.86779 55.55417 55.23835 54.92030 54.59995 54.27726 53.95217 53.62462 53.29456 52.96193 52.62668 52.28875 51.94808 51.60462 51.25832 50.90910 50.55692 50.20171 49.84343 49.48200 49.11737 48.74948 48.37827 48.00368 47.62565 47.24413 46.85904 46.47033 46.07794 45.68182 45.28189 44.87810 44.47038 44.05869 43.64296 43.22312 42.79913 42.37092 41.93843 41.50161 41.06040 40.61475 40.16459 39.70987 39.25055 38.78657 38.31787 37.84441 37.36615 36.88302 36.39499 35.90202 35.40406 34.90108 34.39303 33.87989 33.36161 32.83818 32.30956 31.77574 31.23668 30.69238 30.14282 29.58799 29.02789 28.46250 27.89184 27.31592 26.73474 26.14831 25.55667 24.95983 24.35783 23.75070 23.13849 22.52124 21.89901 21.27185 20.63984 20.00304 19.36154 18.71541 18.06475 17.40966 16.75023 16.08658 15.41883 14.74710 14.07151 13.39221 12.70933 12.02303 11.33345 10.64076 9.94512 9.24671 8.54569 7.84224 7.13656 6.42884 5.71925 5.00801 4.29531 3.58136 2.86635 2.15050 1.43402 0.71712 0.00000 
100.00000 99.63594 99.27195 98.90810 98.54447 98.18111 97.81811 97.45552 97.09342 96.73187 96.37093 96.01068 95.65117 95.29247 94.93462 94.57770 94.22176 93.86684 93.51300 93.16030 92.80877 92.45847 92.10943 91.76170 91.41531 91.07030 90.72670 90.38455 90.04388 89.70470 89.36704 89.03093 88.69639 88.36342 88.03206 87.70230 87.37416 87.04765 86.72277 86.39954 86.07794 85.75799 85.43967 85.12299 84.80795 84.49453 84.18272 83.87253 83.56393 83.25692 82.95147 82.64758 82.34523 82.04440 81.74507 81.44722 81.15083 80.85587 80.56234 80.27019 79.97942 79.68998 79.40186 79.11502 78.82945 78.54511 78.26197 77.98001 77.69918 77.41948 77.14085 76.86327 76.58671 76.31114 76.03652 75.76282 75.49001 75.21805 74.94691 74.67656 74.40695 74.13806 73.86985 73.60228 73.33532 73.06894 72.80309 72.53774 72.27285 72.00839 71.74432 71.48061 71.21721 70.95408 70.69120 70.42852 70.16601 69.90362 69.64132 69.37907 69.11683 68.85456 68.59222 68.32978 68.06719 67.80442 67.54142 67.27815 67.01458 66.75066 66.48636 66.22163 65.95643 65.69072 65.42445 65.15760 64.89011 64.62194 64.35305 64.08340 63.81294 63.54164 63.26944 62.99630 62.72219 62.44705 62.17083 61.89351 61.61502 61.33533 61.05438 60.77214 60.48855 60.20357 59.91715 59.62924 59.33979 59.04877 58.75611 58.46176 58.16569 57.86783 57.56814 57.26657 56.96306 56.65756 56.35003 56.04040 55.72864 55.41467 55.09845 54.77993 54.45905 54.13575 53.80998 53.48168 53.15080 52.81728 52.48106 52.14209 51.80031 51.45565 51.10807 50.75749 50.40387 50.04713 49.68723 49.32410 48.95768 48.58791 48.21473 47.83807 47.45788 47.07408 46.68663 46.29546 45.90051 45.50171 45.09900 44.69232 44.28161 43.86680 43.44784 43.02467 42.59722 42.16543 41.72924 41.28859 40.84344 40.39371 39.93935 39.48030 39.01651 38.54793 38.07450 37.59618 37.11291 36.62464 36.13133 35.63294 35.12942 34.62073 34.10684 33.58770 33.06330 32.53360 31.99856 31.45818 30.91243 30.36129 29.80475 29.24280 28.67544 28.10267 27.52449 26.94092 26.35195 25.75763 25.15796 24.55299 23.94273 23.32725 22.70657 22.08077 21.44988 20.81399 20.17316 19.52747 18.87701 18.22187 17.56215 16.89795 16.22938 15.55657 14.87964 14.19872 13.51395 12.82548 12.13346 11.43805 10.73941 10.03772 9.33314 8.62586 7.91607 7.20395 6.48972 5.77355 5.05566 4.33626 3.61556 2.89376 2.17109 1.44776 0.72399 0.00000 
100.00000 99.63508 99.27024 98.90554 98.54106 98.17687 97.81305 97.44966 97.08678 96.72447 96.36280 96.00184 95.64166 95.28230 94.92385 94.56634 94.20986 93.85444 93.50014 93.14701 92.79511 92.44447 92.09515 91.74718 91.40060 91.05545 90.71176 90.36956 90.02889 89.68977 89.35222 89.01627 88.68194 88.34924 88.01818 87.68878 87.36106 87.03501 86.71065 86.38797 86.06698 85.74768 85.43007 85.11414 84.79989 84.48731 84.17638 83.86711 83.55948 83.25347 82.94907 82.64626 82.34503 82.04536 81.74722 81.45060 81.15547 80.86182 80.56961 80.27882 79.98943 79.70141 79.41473 79.12937 78.84529 78.56247 78.28088 78.00048 77.72125 77.44316 77.16616 76.89024 76.61536 76.34147 76.06856 75.79659 75.52552 75.25532 74.98595 74.71738 74.44958 74.18250 73.91612 73.65039 73.38528 73.12075 72.85677 72.59331 72.33031 72.06775 71.80559 71.54379 71.28232 71.02113 70.76018 70.49945 70.23889 69.97846 69.71812 69.45784 69.19757 68.93728 68.67693 68.41648 68.15588 67.89510 67.63410 67.37284 67.11128 66.84937 66.58708 66.32436 66.06118 65.79748 65.53324 65.26841 65.00294 64.73680 64.46993 64.20231 63.93388 63.66460 63.39442 63.12331 62.85122 62.57810 62.30391 62.02861 61.75214 61.47447 61.19554 60.91531 60.63373 60.35076 60.06634 59.78043 59.49299 59.20395 58.91328 58.62092 58.32682 58.03093 57.73320 57.43358 57.13202 56.82847 56.52287 56.21516 55.90531 55.59324 55.27891 54.96227 54.64325 54.32180 53.99787 53.67139 53.34232 53.01059 52.67614 52.33892 51.99887 51.65592 51.31002 50.96111 50.60913 50.25401 49.89570 49.53413 49.16924 48.80097 48.42925 48.05402 47.67522 47.29279 46.90666 46.51677 46.12305 45.72544 45.32387 44.91829 44.50862 44.09481 43.67678 43.25449 42.82785 42.39682 41.96132 41.52131 41.07670 40.62746 40.17350 39.71479 39.25125 38.78284 38.30949 37.83116 37.34779 36.85933 36.36573 35.86694 35.36292 34.85363 34.33903 33.81907 33.29372 32.76296 32.22674 31.68505 31.13786 30.58515 30.02691 29.46313 28.89379 28.31890 27.73846 27.15248 26.56097 25.96393 25.36141 24.75342 24.14001 23.52120 22.89705 22.26760 21.63292 20.99308 20.34814 19.69819 19.04330 18.38358 17.71912 17.05003 16.37643 15.69843 15.01617 14.32978 13.63940 12.94519 12.24729 11.54588 10.84112 10.13319 9.42227 8.70855 7.99222 7.27347 6.55252 5.82957 5.10483 4.37852 3.65085 2.92204 2.19233 1.46193 0.73108 0.00000 
100.00000 99.63415 99.26838 98.90275 98.53736 98.17227 97.80756 97.44331 97.07957 96.71644 96.35397 95.99224 95.63131 95.27124 94.91211 94.55398 94.19689 93.84091 93.48610 93.13251 92.78018 92.42917 92.07952 91.73126 91.38446 91.03913 90.69531 90.35305 90.01236 89.67327 89.33581 89.00000 88.66586 88.33340 88.00264 87.67360 87.34628 87.02069 86.69683 86.37471 86.05433 85.73569 85.41879 85.10361 84.79016 84.47842 84.16839 83.86006 83.55340 83.24842 82.94508 82.64337 82.34328 82.04479 81.74787 81.45250 81.15865 80.86632 80.57546 80.28606 79.99808 79.71150 79.42630 79.14243 78.85988 78.57861 78.29859 78.01980 77.74219 77.46574 77.19041 76.91617 76.64300 76.37084 76.09967 75.82946 75.56017 75.29176 75.02420 74.75745 74.49148 74.22625 73.96173 73.69788 73.43465 73.17203 72.90996 72.64841 72.38734 72.12672 71.86650 71.60666 71.34714 71.08792 70.82896 70.57021 70.31164 70.05320 69.79487 69.53660 69.27834 69.02007 68.76175 68.50332 68.24476 67.98602 67.72706 67.46784 67.20832 66.94846 66.68822 66.42756 66.16644 65.90480 65.64263 65.37986 65.11645 64.85237 64.58758 64.32202 64.05566 63.78845 63.52035 63.25131 62.98128 62.71024 62.43812 62.16488 61.89048 61.61487 61.33800 61.05983 60.78031 60.49940 60.21703 59.93317 59.64777 59.36078 59.07214 58.78181 58.48974 58.19587 57.90016 57.60255 57.30299 57.00143 56.69781 56.39208 56.08419 55.77408 55.46169 55.14698 54.82988 54.51034 54.18830 53.86371 53.53650 53.20661 52.87399 52.53858 52.20032 51.85915 51.51500 51.16781 50.81753 50.46409 50.10743 49.74748 49.38418 49.01747 48.64728 48.27355 47.89621 47.51520 47.13045 46.74190 46.34948 45.95312 45.55276 45.14834 44.73978 44.32702 43.91000 43.48864 43.06289 42.63268 42.19794 41.75860 41.31462 40.86591 40.41243 39.95410 39.49087 39.02268 38.54947 38.07118 37.58776 37.09916 36.60531 36.10618 35.60171 35.09185 34.57657 34.05582 33.52957 32.99777 32.46039 31.91742 31.36881 30.81455 30.25462 29.68901 29.11770 28.54069 27.95798 27.36958 26.77549 26.17573 25.57033 24.95929 24.34267 23.72049 23.09281 22.45967 21.82114 21.17727 20.52814 19.87383 19.21443 18.55002 17.88072 17.20663 16.52787 15.84456 15.15683 14.46482 13.76868 13.06857 12.36464 11.65706 10.94600 10.23166 9.51421 8.79385 8.07077 7.34520 6.61733 5.88738 5.15557 4.42212 3.68727 2.95124 2.21426 1.47657 0.73840 0.00000 
100.00000 99.63314 99.26636 98.89974 98.53336 98.16729 97.80162 97.43642 97.07177 96.70774 96.34440 95.98183 95.62009 95.25925 94.89939 94.54055 94.18281 93.82623 93.47085 93.11674 92.76394 92.41250 92.06248 91.71391 91.36684 91.02130 90.67733 90.33496 89.99422 89.65514 89.31775 88.98206 88.64809 88.31587 87.98540 87.65670 87.32977 87.00463 86.68128 86.35972 86.03995 85.72197 85.40577 85.09136 84.77872 84.46784 84.15871 83.85133 83.54566 83.24171 82.93945 82.63887 82.33994 82.04264 81.74696 81.45286 81.16033 80.86934 80.57986 80.29187 80.00533 79.72022 79.43652 79.15418 78.87319 78.59350 78.31509 78.03793 77.76197 77.48720 77.21357 76.94105 76.66961 76.39922 76.12983 75.86141 75.59393 75.32735 75.06163 74.79674 74.53264 74.26930 74.00668 73.74474 73.48344 73.22274 72.96262 72.70302 72.44392 72.18528 71.92704 71.66919 71.41168 71.15447 70.89752 70.64079 70.38425 70.12785 69.87156 69.61534 69.35914 69.10293 68.84666 68.59031 68.33382 68.07715 67.82027 67.56314 67.30571 67.04794 66.78980 66.53123 66.27221 66.01268 65.75260 65.49194 65.23064 64.96867 64.70599 64.44254 64.17830 63.91320 63.64721 63.38028 63.11238 62.84344 62.57344 62.30231 62.03003 61.75653 61.48177 61.20571 60.92830 60.64948 60.36922 60.08746 59.80415 59.51925 59.23270 58.94445 58.65446 58.36266 58.06901 57.77346 57.47596 57.17644 56.87486 56.57116 56.26529 55.95719 55.64681 55.33408 55.01896 54.70139 54.38130 54.05864 53.73335 53.40537 53.07464 52.74110 52.40469 52.06535 51.72301 51.37761 51.02910 50.67740 50.32245 49.96418 49.60254 49.23745 48.86886 48.49669 48.12087 47.74135 47.35805 46.97091 46.57985 46.18481 45.78573 45.38253 44.97514 44.56351 44.14755 43.72720 43.30239 42.87306 42.43914 42.00056 41.55725 41.10915 40.65620 40.19832 39.73546 39.26755 38.79453 38.31634 37.83293 37.34423 36.85019 36.35076 35.84588 35.33550 34.81959 34.29809 33.77096 33.23816 32.69965 32.15542 31.60541 31.04962 30.48801 29.92058 29.34730 28.76818 28.18320 27.59237 26.99569 26.39318 25.78486 25.17075 24.55089 23.92530 23.29403 22.65714 22.01468 21.36671 20.71332 20.05457 19.39055 18.72137 18.04711 17.36791 16.68386 15.99510 15.30177 14.60400 13.90195 13.19577 12.48563 11.77171 11.05418 10.33323 9.60905 8.88185 8.15184 7.41922 6.68421 5.94705 5.20795 4.46714 3.72487 2.98138 2.23690 1.49168 0.74596 0.00000 
100.00000 99.63205 99.26419 98.89649 98.52904 98.16192 97.79521 97.42899 97.06334 96.69834 96.33406 95.97058 95.60797 95.24630 94.88563 94.52604 94.16759 93.81033 93.45433 93.09965 92.74633 92.39443 92.04399 91.69506 91.34769 91.00190 90.65774 90.31524 89.97443 89.63533 89.29798 88.96239 88.62858 88.29658 87.96639 87.63802 87.31148 86.98679 86.66394 86.34294 86.02378 85.70646 85.39098 85.07734 84.76551 84.45550 84.14729 83.84087 83.53622 83.23332 82.93216 82.63271 82.33497 82.03889 81.74447 81.45167 81.16047 80.87085 80.58277 80.29622 80.01115 79.72755 79.44537 79.16460 78.88519 78.60711 78.33034 78.05484 77.78058 77.50752 77.23562 76.96486 76.69519 76.42659 76.15901 75.89242 75.62679 75.36207 75.09824 74.83524 74.57305 74.31164 74.05095 73.79095 73.53162 73.27289 73.01475 72.75715 72.50005 72.24342 71.98721 71.73139 71.47592 71.22075 70.96586 70.71119 70.45672 70.20240 69.94819 69.69405 69.43995 69.18584 68.93168 68.67743 68.42305 68.16850 67.91375 67.65874 67.40344 67.14780 66.89179 66.63537 66.37848 66.12110 65.86317 65.60465 65.34551 65.08569 64.82516 64.56387 64.30178 64.03884 63.77501 63.51025 63.24450 62.97773 62.70988 62.44091 62.17079 61.89945 61.62685 61.35294 61.07768 60.80102 60.52291 60.24329 59.96213 59.67937 59.39496 59.10884 58.82098 58.53131 58.23978 57.94634 57.65094 57.35352 57.05404 56.75242 56.44863 56.14259 55.83427 55.52359 55.21050 54.89495 54.57687 54.25621 53.93290 53.60688 53.27810 52.94650 52.61200 52.27455 51.93408 51.59054 51.24385 50.89395 50.54078 50.18426 49.82434 49.46095 49.09401 48.72347 48.34925 47.97128 47.58949 47.20383 46.81420 46.42056 46.02281 45.62091 45.21476 44.80431 44.38949 43.97022 43.54642 43.11804 42.68501 42.24724 41.80468 41.35725 40.90489 40.44752 39.98509 39.51752 39.04476 38.56673 38.08338 37.59464 37.10046 36.60078 36.09554 35.58470 35.06819 34.54598 34.01801 33.48425 32.94465 32.39918 31.84781 31.29050 30.72724 30.15800 29.58276 29.00152 28.41427 27.82100 27.22172 26.61645 26.00519 25.38798 24.76483 24.13578 23.50088 22.86018 22.21373 21.56159 20.90385 20.24057 19.57185 18.89778 18.21846 17.53402 16.84456 16.15022 15.45114 14.74746 14.03934 13.32693 12.61041 11.88997 11.16577 10.43802 9.70692 8.97268 8.23551 7.49563 6.75326 6.00865 5.26202 4.51363 3.76370 3.01250 2.26028 1.50728 0.75377 0.00000 
100.00000 99.63088 99.26185 98.89299 98.52439 98.15614 97.78831 97.42099 97.05427 96.68822 96.32293 95.95847 95.59491 95.23233 94.87080 94.51039 94.15116 93.79318 93.43650 93.08120 92.72731 92.37489 92.02399 91.67467 91.32695 90.98088 90.63649 90.29383 89.95292 89.61378 89.27645 88.94094 88.60728 88.27548 87.94555 87.61751 87.29136 86.96711 86.64476 86.32431 86.00577 85.68912 85.37436 85.06149 84.75050 84.44137 84.13409 83.82864 83.52502 83.22319 82.92315 82.62486 82.32832 82.03349 81.74035 81.44888 81.15904 80.87082 80.58417 80.29908 80.01552 79.73344 79.45283 79.17364 78.89585 78.61943 78.34433 78.07053 77.79799 77.52667 77.25654 76.98757 76.71971 76.45294 76.18721 75.92249 75.65874 75.39592 75.13400 74.87294 74.61270 74.35324 74.09453 73.83652 73.57918 73.32247 73.06635 72.81078 72.55572 72.30114 72.04700 71.79325 71.53985 71.28677 71.03397 70.78141 70.52905 70.27684 70.02475 69.77274 69.52077 69.26880 69.01678 68.76468 68.51246 68.26007 68.00747 67.75463 67.50150 67.24804 66.99421 66.73996 66.48526 66.23006 65.97432 65.71800 65.46105 65.20343 64.94510 64.68601 64.42612 64.16538 63.90376 63.64119 63.37765 63.11308 62.84744 62.58068 62.31276 62.04363 61.77323 61.50153 61.22847 60.95401 60.67810 60.40068 60.12172 59.84114 59.55892 59.27499 58.98930 58.70181 58.41245 58.12118 57.82794 57.53268 57.23534 56.93586 56.63420 56.33029 56.02408 55.71550 55.40451 55.09104 54.77503 54.45642 54.13515 53.81117 53.48440 53.15478 52.82226 52.48677 52.14824 51.80661 51.46181 51.11378 50.76245 50.40776 50.04962 49.68799 49.32278 48.95393 48.58137 48.20502 47.82483 47.44070 47.05258 46.66039 46.26406 45.86352 45.45869 45.04950 44.63588 44.21775 43.79505 43.36769 42.93560 42.49872 42.05698 41.61029 41.15858 40.70180 40.23986 39.77270 39.30025 38.82244 38.33921 37.85050 37.35623 36.85636 36.35082 35.83955 35.32251 34.79963 34.27087 33.73618 33.19552 32.64886 32.09614 31.53735 30.97245 30.40141 29.82423 29.24088 28.65135 28.05564 27.45376 26.84570 26.23148 25.61113 24.98466 24.35212 23.71354 23.06897 22.41846 21.76209 21.09991 20.43202 19.75849 19.07943 18.39495 17.70514 17.01015 16.31009 15.60511 14.89537 14.18101 13.46220 12.73913 12.01197 11.28092 10.54617 9.80794 9.06644 8.32189 7.57452 6.82456 6.07227 5.31788 4.56164 3.80381 3.04465 2.28443 1.52340 0.76183 0.00000 
100.00000 99.62962 99.25934 98.88924 98.51940 98.14993 97.78090 97.41240 97.04453 96.67735 96.31097 95.94545 95.58087 95.21731 94.85485 94.49355 94.13349 93.77472 93.41731 93.06132 92.70681 92.35383 92.00243 91.65266 91.30456 90.95817 90.61353 90.27067 89.92963 89.59043 89.25310 88.91765 88.58412 88.25251 87.92283 87.59510 87.26933 86.94552 86.62367 86.30378 85.98586 85.66988 85.35586 85.04378 84.73362 84.42539 84.11905 83.81460 83.51202 83.21128 82.91238 82.61528 82.31996 82.02640 81.73457 81.44445 81.15600 80.86920 80.58402 80.30043 80.01839 79.73788 79.45886 79.18130 78.90516 78.63042 78.35702 78.08496 77.81417 77.54463 77.27631 77.00916 76.74315 76.47825 76.21440 75.95158 75.68976 75.42888 75.16891 74.90982 74.65156 74.39410 74.13740 73.88142 73.62612 73.37146 73.11740 72.86390 72.61092 72.35843 72.10639 71.85475 71.60347 71.35252 71.10185 70.85143 70.60121 70.35116 70.10124 69.85139 69.60160 69.35180 69.10197 68.85206 68.60203 68.35184 68.10145 67.85082 67.59990 67.34865 67.09704 66.84502 66.59254 66.33957 66.08607 65.83198 65.57727 65.32189 65.06579 64.80895 64.55130 64.29281 64.03344 63.77312 63.51183 63.24952 62.98613 62.72162 62.45595 62.18907 61.92093 61.65148 61.38067 61.10846 60.83480 60.55963 60.28290 60.00458 59.72459 59.44290 59.15945 58.87418 58.58705 58.29800 58.00697 57.71392 57.41878 57.12150 56.82202 56.52029 56.21625 55.90984 55.60100 55.28967 54.97578 54.65929 54.34013 54.01823 53.69354 53.36598 53.03550 52.70203 52.36550 52.02585 51.68301 51.33692 50.98750 50.63469 50.27841 49.91860 49.55519 49.18811 48.81728 48.44263 48.06409 47.68158 47.29503 46.90438 46.50953 46.11042 45.70698 45.29912 44.88678 44.46987 44.04832 43.62206 43.19100 42.75508 42.31422 41.86833 41.41736 40.96123 40.49985 40.03317 39.56110 39.08358 38.60054 38.11191 37.61762 37.11761 36.61182 36.10019 35.58265 35.05916 34.52965 33.99409 33.45241 32.90458 32.35055 31.79030 31.22379 30.65098 30.07186 29.48641 28.89461 28.29646 27.69196 27.08111 26.46391 25.84040 25.21058 24.57450 23.93219 23.28369 22.62907 21.96838 21.30170 20.62910 19.95067 19.26652 18.57674 17.88146 17.18079 16.47488 15.76386 15.04788 14.32712 13.60175 12.87193 12.13787 11.39976 10.65780 9.91222 9.16324 8.41108 7.65599 6.89821 6.13798 5.37557 4.61124 3.84525 3.07787 2.30938 1.54005 0.77017 0.00000 
100.00000 99.62828 99.25665 98.88521 98.51405 98.14327 97.77295 97.40319 97.03408 96.66570 96.29814 95.93148 95.56581 95.20121 94.83774 94.47549 94.11452 93.75490 93.39670 93.03998 92.68479 92.33119 91.97924 91.62898 91.28046 90.93371 90.58878 90.24570 89.90450 89.56521 89.22785 88.89245 88.55903 88.22760 87.89817 87.57075 87.24535 86.92197 86.60062 86.28130 85.96399 85.64870 85.33542 85.02413 84.71483 84.40750 84.10213 83.79869 83.49717 83.19755 82.89980 82.60391 82.30984 82.01758 81.72709 81.43834 81.15131 80.86597 80.58228 80.30022 80.01974 79.74083 79.46343 79.18753 78.91308 78.64005 78.36840 78.09810 77.82911 77.56139 77.29491 77.02962 76.76549 76.50249 76.24057 75.97969 75.71983 75.46092 75.20295 74.94587 74.68963 74.43421 74.17956 73.92564 73.67242 73.41984 73.16788 72.91650 72.66564 72.41528 72.16538 71.91588 71.66676 71.41798 71.16949 70.92125 70.67322 70.42536 70.17764 69.93000 69.68242 69.43485 69.18724 68.93956 68.69177 68.44382 68.19567 67.94729 67.69863 67.44964 67.20029 66.95053 66.70032 66.44963 66.19839 65.94658 65.69415 65.44105 65.18725 64.93269 64.67734 64.42114 64.16405 63.90604 63.64704 63.38702 63.12593 62.86373 62.60036 62.33578 62.06993 61.80278 61.53428 61.26437 60.99300 60.72013 60.44570 60.16967 59.89197 59.61257 59.33140 59.04842 58.76357 58.47679 58.18803 57.89724 57.60436 57.30934 57.01211 56.71261 56.41080 56.10661 55.79998 55.49085 55.17916 54.86484 54.54784 54.22810 53.90554 53.58010 53.25173 52.92034 52.58588 52.24828 51.90747 51.56338 51.21594 50.86508 50.51073 50.15283 49.79128 49.42604 49.05701 48.68412 48.30731 47.92650 47.54160 47.15255 46.75926 46.36167 45.95968 45.55324 45.14224 44.72663 44.30631 43.88122 43.45127 43.01638 42.57647 42.13148 41.68131 41.22590 40.76516 40.29902 39.82740 39.35024 38.86745 38.37897 37.88473 37.38465 36.87867 36.36673 35.84876 35.32470 34.79450 34.25810 33.71545 33.16649 32.61120 32.04952 31.48142 30.90686 30.32583 29.73829 29.14423 28.54364 27.93652 27.32286 26.70267 26.07596 25.44277 24.80311 24.15702 23.50454 22.84574 22.18067 21.50940 20.83201 20.14859 19.45923 18.76405 18.06316 17.35669 16.64477 15.92755 15.20519 14.47786 13.74573 13.00898 12.26782 11.52244 10.77307 10.01991 9.26322 8.50322 7.74016 6.97429 6.20588 5.43519 4.66250 3.88807 3.11221 2.33517 1.55727 0.77878 0.00000 
100.00000 99.62683 99.25377 98.88090 98.50832 98.13614 97.76445 97.39333 97.02290 96.65322 96.28441 95.91654 95.54969 95.18396 94.81941 94.45614 94.09420 93.73366 93.37461 93.01709 92.66118 92.30691 91.95436 91.60357 91.25458 90.90744 90.56218 90.21884 89.87746 89.53806 89.20066 88.86528 88.53195 88.20069 87.87149 87.54437 87.21934 86.89640 86.57555 86.25679 85.94011 85.62551 85.31298 85.00250 84.69407 84.38766 84.08327 83.78086 83.48043 83.18194 82.88538 82.59072 82.29793 82.00699 81.71786 81.43052 81.14494 80.86108 80.57892 80.29842 80.01954 79.74225 79.46652 79.19231 78.91958 78.64830 78.37843 78.10994 77.84277 77.57691 77.31230 77.04892 76.78672 76.52565 76.26570 76.00680 75.74893 75.49204 75.23610 74.98107 74.72690 74.47355 74.22099 73.96918 73.71807 73.46762 73.21780 72.96856 72.71987 72.47168 72.22395 71.97665 71.72973 71.48315 71.23687 70.99085 70.74505 70.49943 70.25395 70.00857 69.76324 69.51793 69.27259 69.02718 68.78166 68.53600 68.29014 68.04405 67.79768 67.55099 67.30394 67.05649 66.80860 66.56022 66.31130 66.06181 65.81170 65.56093 65.30946 65.05723 64.80421 64.55035 64.29561 64.03993 63.78328 63.52560 63.26686 63.00700 62.74598 62.48374 62.22025 61.95545 61.68929 61.42173 61.15271 60.88219 60.61011 60.33642 60.06107 59.78400 59.50518 59.22453 58.94201 58.65756 58.37113 58.08266 57.79210 57.49938 57.20445 56.90726 56.60773 56.30582 56.00146 55.69459 55.38515 55.07308 54.75831 54.44078 54.12042 53.79717 53.47097 53.14174 52.80941 52.47393 52.13521 51.79319 51.44780 51.09897 50.74662 50.39068 50.03108 49.66774 49.30059 48.92955 48.55454 48.17550 47.79232 47.40496 47.01331 46.61730 46.21686 45.81189 45.40233 44.98809 44.56909 44.14524 43.71647 43.28269 42.84383 42.39979 41.95051 41.49589 41.03587 40.57035 40.09926 39.62253 39.14007 38.65181 38.15767 37.65759 37.15149 36.63930 36.12096 35.59639 35.06555 34.52837 33.98479 33.43476 32.87823 32.31516 31.74550 31.16923 30.58630 29.99669 29.40038 28.79736 28.18761 27.57114 26.94794 26.31802 25.68142 25.03814 24.38823 23.73173 23.06868 22.39916 21.72322 21.04095 20.35243 19.65777 18.95707 18.25044 17.53803 16.81996 16.09639 15.36748 14.63339 13.89432 13.15045 12.40198 11.64912 10.89210 10.13115 9.36650 8.59841 7.82713 7.05292 6.27605 5.49682 4.71548 3.93235 3.14770 2.36184 1.57507 0.78769 0.00000 
100.00000 99.62529 99.25069 98.87630 98.50221 98.12853 97.75536 97.38280 97.01095 96.63989 96.26974 95.90056 95.53246 95.16552 94.79983 94.43545 94.07247 93.71095 93.35098 92.99261 92.63591 92.28093 91.92773 91.57635 91.22686 90.87928 90.53366 90.19004 89.84844 89.50890 89.17143 88.83607 88.50282 88.17170 87.84273 87.51591 87.19125 86.86874 86.54840 86.23020 85.91416 85.60026 85.28849 84.97883 84.67128 84.36582 84.06242 83.76107 83.46174 83.16441 82.86906 82.57565 82.28417 81.99458 81.70685 81.42095 81.13685 80.85451 80.57390 80.29499 80.01775 79.74212 79.46809 79.19561 78.92464 78.65515 78.38709 78.12044 77.85515 77.59118 77.32849 77.06704 76.80680 76.54772 76.28976 76.03289 75.77705 75.52222 75.26835 75.01540 74.76334 74.51211 74.26168 74.01201 73.76305 73.51478 73.26713 73.02009 72.77360 72.52762 72.28211 72.03704 71.79236 71.54802 71.30400 71.06024 70.81671 70.57337 70.33017 70.08708 69.84405 69.60104 69.35800 69.11491 68.87171 68.62837 68.38484 68.14108 67.89705 67.65270 67.40800 67.16290 66.91736 66.67134 66.42479 66.17766 65.92992 65.68152 65.43242 65.18257 64.93193 64.68045 64.42809 64.17480 63.92054 63.66526 63.40891 63.15144 62.89281 62.63297 62.37188 62.10948 61.84572 61.58055 61.31393 61.04581 60.77612 60.50483 60.23188 59.95721 59.68077 59.40252 59.12238 58.84032 58.55627 58.27018 57.98198 57.69163 57.39907 57.10423 56.80705 56.50748 56.20546 55.90091 55.59379 55.28402 54.97154 54.65629 54.33820 54.01720 53.69323 53.36622 53.03610 52.70280 52.36625 52.02638 51.68311 51.33638 50.98610 50.63221 50.27462 49.91327 49.54807 49.17895 48.80582 48.42862 48.04725 47.66164 47.27171 46.87737 46.47855 46.07515 45.66711 45.25432 44.83671 44.41419 43.98668 43.55410 43.11635 42.67336 42.22504 41.77130 41.31207 40.84725 40.37677 39.90054 39.41848 38.93052 38.43656 37.93655 37.43039 36.91803 36.39937 35.87437 35.34294 34.80503 34.26058 33.70952 33.15180 32.58738 32.01621 31.43825 30.85345 30.26179 29.66325 29.05780 28.44544 27.82614 27.19992 26.56678 25.92674 25.27981 24.62604 23.96545 23.29811 22.62406 21.94338 21.25614 20.56243 19.86235 19.15600 18.44352 17.72502 17.00065 16.27057 15.53494 14.79392 14.04771 13.29651 12.54053 11.77997 11.01508 10.24608 9.47323 8.69679 7.91702 7.13420 6.34861 5.56053 4.77027 3.97813 3.18441 2.38942 1.59348 0.79690 0.00000 
100.00000 99.62365 99.24741 98.87138 98.49568 98.12041 97.74567 97.37156 96.99820 96.62567 96.25408 95.88352 95.51408 95.14585 94.77892 94.41336 94.04927 93.68670 93.32575 92.96646 92.60891 92.25316 91.89926 91.54726 91.19722 90.84917 90.50315 90.15921 89.81737 89.47766 89.14011 88.80474 88.47156 88.14058 87.81183 87.48530 87.16100 86.83893 86.51909 86.20147 85.88607 85.57288 85.26188 84.95306 84.64641 84.34191 84.03953 83.73925 83.44105 83.14491 82.85079 82.55867 82.26852 81.98031 81.69401 81.40958 81.12699 80.84620 80.56719 80.28991 80.01433 79.74041 79.46811 79.19739 78.92822 78.66055 78.39436 78.12958 77.86620 77.60416 77.34343 77.08396 76.82572 76.56866 76.31274 76.05793 75.80418 75.55144 75.29968 75.04886 74.79894 74.54987 74.30161 74.05412 73.80737 73.56130 73.31588 73.07106 72.82681 72.58309 72.33984 72.09704 71.85464 71.61259 71.37086 71.12941 70.88819 70.64717 70.40629 70.16553 69.92484 69.68417 69.44349 69.20275 68.96191 68.72093 68.47977 68.23839 67.99674 67.75478 67.51247 67.26976 67.02662 66.78299 66.53884 66.29413 66.04880 65.80282 65.55614 65.30871 65.06049 64.81144 64.56151 64.31065 64.05883 63.80598 63.55207 63.29704 63.04086 62.78347 62.52482 62.26486 62.00355 61.74084 61.47667 61.21099 60.94375 60.67491 60.40441 60.13218 59.85819 59.58238 59.30469 59.02507 58.74346 58.45980 58.17403 57.88611 57.59596 57.30354 57.00877 56.71160 56.41197 56.10981 55.80507 55.49767 55.18755 54.87464 54.55888 54.24021 53.91855 53.59383 53.26598 52.93494 52.60062 52.26297 51.92189 51.57733 51.22920 50.87742 50.52193 50.16264 49.79947 49.43235 49.06119 48.68590 48.30642 47.92266 47.53452 47.14194 46.74482 46.34307 45.93662 45.52537 45.10924 44.68813 44.26197 43.83067 43.39413 42.95226 42.50499 42.05221 41.59385 41.12982 40.66002 40.18438 39.70281 39.21521 38.72152 38.22165 37.71551 37.20304 36.68415 36.15877 35.62682 35.08824 34.54297 33.99094 33.43209 32.86636 32.29371 31.71409 31.12746 30.53378 29.93303 29.32517 28.71019 28.08807 27.45883 26.82245 26.17894 25.52834 24.87066 24.20594 23.53424 22.85560 22.17009 21.47779 20.77879 20.07319 19.36108 18.64261 17.91789 17.18707 16.45031 15.70777 14.95964 14.20610 13.44737 12.68364 11.91516 11.14215 10.36486 9.58356 8.79850 8.00997 7.21825 6.42364 5.62644 4.82695 4.02549 3.22238 2.41795 1.61252 0.80643 0.00000 
100.00000 99.62190 99.24391 98.86615 98.48872 98.11175 97.73533 97.35958 96.98461 96.61051 96.23739 95.86535 95.49448 95.12487 94.75663 94.38982 94.02453 93.66085 93.29884 92.93858 92.58012 92.22354 91.86889 91.51622 91.16558 90.81702 90.47057 90.12628 89.78417 89.44427 89.10661 88.77121 88.43808 88.10724 87.77870 87.45245 87.12852 86.80688 86.48755 86.17052 85.85577 85.54330 85.23309 84.92513 84.61940 84.31587 84.01453 83.71535 83.41831 83.12338 82.83052 82.53972 82.25094 81.96414 81.67930 81.39637 81.11533 80.83613 80.55875 80.28313 80.00925 79.73707 79.46654 79.19763 78.93030 78.66450 78.40019 78.13734 77.87591 77.61584 77.35711 77.09966 76.84346 76.58846 76.33463 76.08192 75.83028 75.57968 75.33008 75.08143 74.83369 74.58682 74.34077 74.09551 73.85099 73.60717 73.36402 73.12147 72.87951 72.63807 72.39713 72.15664 71.91656 71.67684 71.43745 71.19834 70.95948 70.72081 70.48231 70.24392 70.00560 69.76732 69.52903 69.29068 69.05225 68.81368 68.57493 68.33597 68.09674 67.85721 67.61733 67.37706 67.13635 66.89517 66.65347 66.41121 66.16834 65.92482 65.68060 65.43564 65.18989 64.94331 64.69586 64.44748 64.19813 63.94777 63.69634 63.44381 63.19012 62.93522 62.67906 62.42160 62.16279 61.90258 61.64091 61.37773 61.11300 60.84665 60.57865 60.30893 60.03744 59.76413 59.48894 59.21181 58.93269 58.65152 58.36825 58.08281 57.79514 57.50519 57.21290 56.91819 56.62102 56.32131 56.01900 55.71404 55.40634 55.09585 54.78249 54.46620 54.14692 53.82456 53.49906 53.17034 52.83834 52.50297 52.16416 51.82185 51.47594 51.12636 50.77304 50.41589 50.05483 49.68979 49.32067 48.94740 48.56988 48.18804 47.80179 47.41104 47.01571 46.61570 46.21093 45.80130 45.38674 44.96714 44.54241 44.11247 43.67722 43.23658 42.79044 42.33871 41.88132 41.41815 40.94913 40.47416 39.99315 39.50601 39.01266 38.51301 38.00698 37.49447 36.97541 36.44973 35.91733 35.37816 34.83213 34.27918 33.71925 33.15227 32.57819 31.99696 31.40853 30.81285 30.20991 29.59965 28.98207 28.35714 27.72486 27.08523 26.43825 25.78394 25.12232 24.45342 23.77730 23.09401 22.40360 21.70616 21.00176 20.29052 19.57254 18.84794 18.11685 17.37942 16.63582 15.88620 15.13076 14.36969 13.60321 12.83152 12.05487 11.27350 10.48767 9.69764 8.90369 8.10611 7.30520 6.50127 5.69462 4.88559 4.07450 3.26168 2.44748 1.63224 0.81629 0.00000 
100.00000 99.62003 99.24019 98.86058 98.48132 98.10254 97.72434 97.34683 96.97014 96.59437 96.21962 95.84600 95.47361 95.10255 94.73290 94.36475 93.99820 93.63332 93.27019 92.90888 92.54946 92.19200 91.83654 91.48315 91.13187 90.78276 90.43584 90.09117 89.74876 89.40865 89.07086 88.73541 88.40233 88.07161 87.74326 87.41730 87.09373 86.77254 86.45372 86.13728 85.82320 85.51146 85.20206 84.89497 84.59017 84.28765 83.98738 83.68932 83.39346 83.09977 82.80821 82.51875 82.23137 81.94602 81.66267 81.38128 81.10182 80.82425 80.54853 80.27462 80.00249 79.73208 79.46337 79.19630 78.93084 78.66695 78.40458 78.14369 77.88425 77.62619 77.36950 77.11411 76.86000 76.60710 76.35539 76.10483 75.85535 75.60693 75.35953 75.11309 74.86757 74.62294 74.37915 74.13616 73.89392 73.65240 73.41154 73.17131 72.93167 72.69257 72.45398 72.21584 71.97812 71.74077 71.50376 71.26704 71.03057 70.79430 70.55820 70.32223 70.08633 69.85048 69.61462 69.37872 69.14273 68.90661 68.67032 68.43381 68.19705 67.95998 67.72258 67.48479 67.24657 67.00788 66.76867 66.52890 66.28853 66.04751 65.80580 65.56335 65.32012 65.07606 64.83113 64.58528 64.33846 64.09063 63.84174 63.59174 63.34058 63.08823 62.83462 62.57970 62.32344 62.06577 61.80665 61.54603 61.28385 61.02006 60.75461 60.48745 60.21852 59.94776 59.67512 59.40054 59.12398 58.84536 58.56463 58.28173 57.99661 57.70919 57.41943 57.12725 56.83260 56.53540 56.23561 55.93314 55.62793 55.31992 55.00903 54.69520 54.37836 54.05843 53.73535 53.40903 53.07941 52.74641 52.40995 52.06996 51.72635 51.37905 51.02798 50.67305 50.31419 49.95130 49.58431 49.21313 48.83767 48.45784 48.07356 47.68473 47.29128 46.89309 46.49009 46.08218 45.66927 45.25127 44.82807 44.39959 43.96572 43.52638 43.08147 42.63089 42.17455 41.71234 41.24418 40.76997 40.28962 39.80303 39.31011 38.81077 38.30491 37.79245 37.27331 36.74739 36.21462 35.67492 35.12820 34.57441 34.01345 33.44528 32.86982 32.28702 31.69683 31.09920 30.49409 29.88147 29.26130 28.63357 27.99826 27.35536 26.70489 26.04684 25.38125 24.70813 24.02754 23.33952 22.64414 21.94147 21.23159 20.51460 19.79062 19.05976 18.32215 17.57796 16.82734 16.07046 15.30752 14.53871 13.76425 12.98436 12.19930 11.40931 10.61466 9.81563 9.01250 8.20558 7.39518 6.58161 5.76520 4.94630 4.12524 3.30237 2.47805 1.65264 0.82650 0.00000 
100.00000 99.61805 99.23623 98.85465 98.47345 98.09274 97.71264 97.33327 96.95476 96.57721 96.20073 95.82544 95.45143 95.07880 94.70766 94.33810 93.97020 93.60405 93.23973 92.87730 92.51685 92.15844 91.80212 91.44796 91.09600 90.74629 90.39887 90.05378 89.71105 89.37070 89.03277 88.69726 88.36420 88.03359 87.70545 87.37977 87.05656 86.73582 86.41753 86.10169 85.78828 85.47730 85.16871 84.86252 84.55868 84.25718 83.95800 83.66110 83.36645 83.07403 82.78379 82.49572 82.20976 81.92589 81.64407 81.36427 81.08643 80.81052 80.53651 80.26434 79.99399 79.72540 79.45854 79.19336 78.92982 78.66788 78.40749 78.14861 77.89119 77.63520 77.38058 77.12730 76.87531 76.62457 76.37502 76.12664 75.87937 75.63318 75.38801 75.14382 74.90058 74.65823 74.41674 74.17605 73.93614 73.69695 73.45844 73.22057 72.98329 72.74657 72.51036 72.27462 72.03930 71.80437 71.56978 71.33549 71.10145 70.86763 70.63398 70.40046 70.16703 69.93365 69.70026 69.46684 69.23334 68.99971 68.76592 68.53191 68.29766 68.06311 67.82822 67.59295 67.35726 67.12110 66.88443 66.64720 66.40937 66.17090 65.93175 65.69185 65.45118 65.20969 64.96732 64.72404 64.47980 64.23455 63.98824 63.74082 63.49226 63.24249 62.99147 62.73916 62.48549 62.23043 61.97391 61.71589 61.45632 61.19514 60.93230 60.66774 60.40142 60.13327 59.86324 59.59128 59.31732 59.04130 58.76318 58.48289 58.20037 57.91555 57.62838 57.33879 57.04672 56.75211 56.45488 56.15498 55.85233 55.54687 55.23852 54.92722 54.61289 54.29547 53.97488 53.65104 53.32388 52.99332 52.65928 52.32169 51.98046 51.63552 51.28678 50.93416 50.57757 50.21693 49.85215 49.48314 49.10982 48.73209 48.34987 47.96306 47.57157 47.17530 46.77417 46.36807 45.95691 45.54059 45.11901 44.69208 44.25970 43.82176 43.37817 42.92883 42.47364 42.01249 41.54529 41.07194 40.59233 40.10638 39.61398 39.11503 38.60945 38.09713 37.57798 37.05192 36.51885 35.97870 35.43137 34.87679 34.31488 33.74557 33.16879 32.58448 31.99258 31.39303 30.78580 30.17083 29.54810 28.91757 28.27924 27.63308 26.97910 26.31730 25.64770 24.97032 24.28521 23.59241 22.89198 22.18399 21.46852 20.74568 20.01557 19.27831 18.53405 17.78293 17.02511 16.26078 15.49013 14.71337 13.93071 13.14239 12.34866 11.54979 10.74605 9.93772 9.12511 8.30854 7.48831 6.66478 5.83828 5.00916 4.17778 3.34451 2.50972 1.67378 0.83708 0.00000 
100.00000 99.61594 99.23202 98.84835 98.46508 98.08232 97.70021 97.31887 96.93841 96.55897 96.18066 95.80358 95.42785 95.05358 94.68085 94.30978 93.94045 93.57295 93.20735 92.84375 92.48221 92.12279 91.76556 91.41057 91.05788 90.70754 90.35958 90.01404 89.67095 89.33035 88.99225 88.65666 88.32362 87.99312 87.66517 87.33978 87.01693 86.69664 86.37888 86.06365 85.75094 85.44072 85.13299 84.82770 84.52485 84.22441 83.92634 83.63062 83.33722 83.04610 82.75722 82.47056 82.18608 81.90373 81.62347 81.34528 81.06910 80.79490 80.52263 80.25226 79.98373 79.71700 79.45203 79.18878 78.92721 78.66725 78.40889 78.15205 77.89671 77.64282 77.39033 77.13920 76.88938 76.64083 76.39350 76.14734 75.90232 75.65839 75.41551 75.17362 74.93269 74.69267 74.45351 74.21518 73.97763 73.74082 73.50470 73.26923 73.03437 72.80006 72.56628 72.33298 72.10011 71.86763 71.63550 71.40368 71.17213 70.94079 70.70963 70.47861 70.24769 70.01681 69.78595 69.55505 69.32407 69.09298 68.86173 68.63027 68.39857 68.16657 67.93425 67.70154 67.46842 67.23484 67.00074 66.76610 66.53086 66.29499 66.05843 65.82114 65.58307 65.34419 65.10444 64.86377 64.62215 64.37952 64.13584 63.89106 63.64513 63.39801 63.14963 62.89996 62.64895 62.39653 62.14267 61.88731 61.63039 61.37187 61.11170 60.84980 60.58615 60.32066 60.05330 59.78400 59.51271 59.23937 58.96391 58.68628 58.40642 58.12426 57.83975 57.55281 57.26339 56.97143 56.67684 56.37957 56.07954 55.77670 55.47096 55.16226 54.85053 54.53568 54.21765 53.89636 53.57174 53.24370 52.91216 52.57705 52.23829 51.89579 51.54946 51.19923 50.84500 50.48669 50.12421 49.75747 49.38638 49.01085 48.63077 48.24607 47.85664 47.46239 47.06321 46.65902 46.24971 45.83517 45.41532 44.99004 44.55923 44.12280 43.68063 43.23263 42.77868 42.31869 41.85255 41.38015 40.90140 40.41618 39.92439 39.42594 38.92072 38.40863 37.88957 37.36345 36.83018 36.28965 35.74179 35.18650 34.62371 34.05333 33.47529 32.88953 32.29597 31.69455 31.08523 30.46796 29.84269 29.20939 28.56804 27.91862 27.26113 26.59556 25.92193 25.24025 24.55057 23.85292 23.14737 22.43398 21.71283 20.98403 20.24767 19.50388 18.75281 17.99459 17.22941 16.45743 15.67887 14.89392 14.10283 13.30582 12.50317 11.69514 10.88201 10.06409 9.24169 8.41514 7.58476 6.75092 5.91397 5.07428 4.23221 3.38817 2.54253 1.69569 0.84804 0.00000 
100.00000 99.61371 99.22755 98.84166 98.45619 98.07126 97.68701 97.30357 96.92106 96.53961 96.15934 95.78038 95.40282 95.02679 94.65239 94.27972 93.90887 93.53993 93.17300 92.80814 92.44543 92.08495 91.72675 91.37089 91.01742 90.66640 90.31786 89.97184 89.62838 89.28749 88.94920 88.61353 88.28049 87.95010 87.62234 87.29723 86.97476 86.65492 86.33771 86.02311 85.71111 85.40168 85.09480 84.79046 84.48862 84.18926 83.89234 83.59783 83.30570 83.01592 82.72844 82.44323 82.16025 81.87946 81.60082 81.32428 81.04981 80.77735 80.50687 80.23832 79.97166 79.70684 79.44382 79.18254 78.92297 78.66505 78.40875 78.15401 77.90079 77.64905 77.39873 77.14979 76.90218 76.65587 76.41079 76.16691 75.92419 75.68257 75.44201 75.20246 74.96389 74.72624 74.48947 74.25354 74.01840 73.78400 73.55032 73.31729 73.08488 72.85304 72.62173 72.39091 72.16053 71.93055 71.70092 71.47162 71.24258 71.01377 70.78515 70.55667 70.32829 70.09997 69.87167 69.64333 69.41493 69.18642 68.95775 68.72888 68.49977 68.27037 68.04065 67.81056 67.58005 67.34908 67.11761 66.88560 66.65300 66.41976 66.18584 65.95120 65.71578 65.47955 65.24246 65.00447 64.76551 64.52556 64.28456 64.04246 63.79921 63.55477 63.30909 63.06212 62.81380 62.56409 62.31293 62.06028 61.80608 61.55027 61.29281 61.03364 60.77270 60.50994 60.24530 59.97873 59.71016 59.43954 59.16681 58.89191 58.61477 58.33533 58.05354 57.76933 57.48262 57.19336 56.90148 56.60691 56.30958 56.00943 55.70637 55.40035 55.09127 54.77908 54.46369 54.14503 53.82302 53.49758 53.16862 52.83608 52.49986 52.15988 51.81605 51.46829 51.11651 50.76063 50.40054 50.03615 49.66739 49.29414 48.91631 48.53381 48.14654 47.75440 47.35728 46.95509 46.54772 46.13508 45.71704 45.29352 44.86440 44.42957 43.98893 43.54237 43.08978 42.63105 42.16607 41.69473 41.21693 40.73254 40.24148 39.74362 39.23886 38.72710 38.20823 37.68214 37.14875 36.60794 36.05963 35.50372 34.94012 34.36875 33.78953 33.20237 32.60721 32.00398 31.39262 30.77308 30.14531 29.50926 28.86492 28.21224 27.55123 26.88188 26.20420 25.51819 24.82389 24.12135 23.41060 22.69173 21.96481 21.22992 20.48720 19.73674 18.97870 18.21322 17.44049 16.66067 15.87398 15.08063 14.28086 13.47491 12.66306 11.84558 11.02277 10.19494 9.36242 8.52555 7.68468 6.84018 5.99241 5.14176 4.28863 3.43342 2.57654 1.71839 0.85941 0.00000 
100.00000 99.61133 99.22280 98.83457 98.44676 98.05953 97.67300 97.28733 96.90264 96.51907 96.13673 95.75576 95.37627 94.99839 94.62221 94.24784 93.87538 93.50492 93.13656 92.77037 92.40644 92.04482 91.68559 91.32881 90.97452 90.62278 90.27363 89.92710 89.58323 89.24203 88.90354 88.56777 88.23473 87.90443 87.57686 87.25204 86.92995 86.61058 86.29393 85.97997 85.66870 85.36008 85.05409 84.75071 84.44991 84.15166 83.85592 83.56266 83.27185 82.98344 82.69739 82.41367 82.13224 81.85305 81.57606 81.30122 81.02849 80.75783 80.48918 80.22251 79.95776 79.69489 79.43385 79.17459 78.91707 78.66124 78.40705 78.15445 77.90340 77.65385 77.40574 77.15904 76.91370 76.66967 76.42689 76.18534 75.94495 75.70568 75.46750 75.23034 74.99416 74.75893 74.52459 74.29110 74.05841 73.82649 73.59527 73.36473 73.13482 72.90549 72.67669 72.44839 72.22055 71.99311 71.76603 71.53928 71.31281 71.08657 70.86052 70.63463 70.40884 70.18312 69.95742 69.73169 69.50590 69.28001 69.05397 68.82773 68.60125 68.37450 68.14743 67.91999 67.69214 67.46383 67.23503 67.00569 66.77577 66.54521 66.31398 66.08203 65.84931 65.61579 65.38140 65.14612 64.90988 64.67265 64.43437 64.19500 63.95449 63.71279 63.46985 63.22562 62.98005 62.73309 62.48470 62.23480 61.98337 61.73033 61.47564 61.21924 60.96108 60.70110 60.43924 60.17545 59.90967 59.64183 59.37189 59.09977 58.82542 58.54877 58.26976 57.98833 57.70440 57.41792 57.12882 56.83702 56.54246 56.24506 55.94476 55.64148 55.33514 55.02567 54.71300 54.39705 54.07773 53.75497 53.42868 53.09878 52.76519 52.42782 52.08658 51.74138 51.39214 51.03877 50.68116 50.31923 49.95287 49.58201 49.20652 48.82632 48.44131 48.05138 47.65642 47.25634 46.85102 46.44037 46.02426 45.60260 45.17527 44.74216 44.30315 43.85814 43.40701 42.94965 42.48595 42.01578 41.53903 41.05560 40.56536 40.06820 39.56401 39.05268 38.53409 38.00815 37.47473 36.93374 36.38507 35.82863 35.26431 34.69203 34.11169 33.52322 32.92653 32.32154 31.70820 31.08643 30.45620 29.81743 29.17011 28.51420 27.84968 27.17654 26.49478 25.80442 25.10547 24.39797 23.68197 22.95753 22.22474 21.48367 20.73445 19.97719 19.21203 18.43912 17.65865 16.87079 16.07575 15.27376 14.46506 13.64990 12.82857 12.00135 11.16854 10.33049 9.48751 8.63997 7.78824 6.93269 6.07372 5.21173 4.34713 3.48035 2.61181 1.74194 0.87119 0.00000 
100.00000 99.60881 99.21777 98.82704 98.43676 98.04708 97.65815 97.27011 96.88311 96.49728 96.11275 95.72966 95.34813 94.96827 94.59021 94.21404 93.83988 93.46782 93.09795 92.73036 92.36512 92.00231 91.64200 91.28423 90.92908 90.57657 90.22677 89.87970 89.53539 89.19387 88.85517 88.51928 88.18623 87.85602 87.52865 87.20412 86.88242 86.56353 86.24745 85.93416 85.62363 85.31585 85.01078 84.70839 84.40866 84.11155 83.81703 83.52505 83.23559 82.94859 82.66402 82.38183 82.10199 81.82444 81.54914 81.27605 81.00511 80.73629 80.46952 80.20477 79.94198 79.68110 79.42210 79.16491 78.90949 78.65579 78.40376 78.15335 77.90451 77.65720 77.41136 77.16695 76.92391 76.68221 76.44178 76.20259 75.96459 75.72773 75.49196 75.25723 75.02350 74.79073 74.55887 74.32786 74.09767 73.86826 73.63956 73.41155 73.18418 72.95740 72.73116 72.50543 72.28016 72.05530 71.83082 71.60667 71.38280 71.15918 70.93575 70.71248 70.48933 70.26625 70.04319 69.82012 69.59699 69.37376 69.15038 68.92682 68.70302 68.47896 68.25457 68.02983 67.80468 67.57908 67.35300 67.12637 66.89917 66.67134 66.44284 66.21363 65.98366 65.75288 65.52125 65.28872 65.05524 64.82078 64.58527 64.34868 64.11095 63.87204 63.63189 63.39046 63.14770 62.90354 62.65795 62.41088 62.16226 61.91204 61.66018 61.40661 61.15128 60.89413 60.63511 60.37416 60.11122 59.84624 59.57914 59.30987 59.03836 58.76457 58.48841 58.20982 57.92875 57.64511 57.35885 57.06989 56.77816 56.48360 56.18612 55.88566 55.58214 55.27548 54.96560 54.65243 54.33589 54.01589 53.69235 53.36518 53.03430 52.69963 52.36106 52.01852 51.67191 51.32114 50.96611 50.60672 50.24288 49.87449 49.50145 49.12366 48.74100 48.35338 47.96069 47.56282 47.15967 46.75111 46.33704 45.91735 45.49192 45.06064 44.62338 44.18004 43.73049 43.27461 42.81229 42.34340 41.86783 41.38545 40.89615 40.39981 39.89630 39.38551 38.86732 38.34162 37.80829 37.26722 36.71829 36.16141 35.59647 35.02337 34.44200 33.85229 33.25414 32.64746 32.03220 31.40827 30.77561 30.13417 29.48390 28.82477 28.15675 27.47983 26.79398 26.09923 25.39559 24.68309 23.96177 23.23169 22.49293 21.74558 20.98974 20.22553 19.45310 18.67259 17.88419 17.08808 16.28447 15.47361 14.65572 13.83108 12.99997 12.16270 11.31958 10.47095 9.61716 8.75859 7.89561 7.02863 6.15805 5.28431 4.40782 3.52903 2.64840 1.76637 0.88342 0.00000 
100.00000 99.60614 99.21244 98.81906 98.42615 98.03388 97.64240 97.25186 96.86241 96.47419 96.08734 95.70200 95.31830 94.93636 94.55631 94.17825 93.80229 93.42853 93.05707 92.68799 92.32138 91.95731 91.59585 91.23705 90.88097 90.52767 90.17718 89.82954 89.48477 89.14291 88.80397 88.46796 88.13490 87.80478 87.47760 87.15337 86.83207 86.51368 86.19819 85.88558 85.57583 85.26890 84.96477 84.66341 84.36479 84.06886 83.77559 83.48493 83.19686 82.91132 82.62826 82.34766 82.06945 81.79359 81.52003 81.24873 80.97963 80.71268 80.44785 80.18506 79.92428 79.66546 79.40853 79.15346 78.90019 78.64867 78.39885 78.15068 77.90410 77.65908 77.41555 77.17347 76.93280 76.69347 76.45544 76.21866 75.98309 75.74868 75.51537 75.28313 75.05189 74.82163 74.59228 74.36381 74.13616 73.90930 73.68317 73.45774 73.23295 73.00876 72.78513 72.56201 72.33936 72.11713 71.89528 71.67377 71.45256 71.23159 71.01083 70.79023 70.56975 70.34935 70.12898 69.90860 69.68817 69.46765 69.24698 69.02614 68.80507 68.58373 68.36208 68.14008 67.91767 67.69483 67.47150 67.24763 67.02320 66.79814 66.57242 66.34599 66.11881 65.89082 65.66199 65.43227 65.20160 64.96995 64.73727 64.50350 64.26861 64.03253 63.79523 63.55664 63.31673 63.07543 62.83271 62.58849 62.34275 62.09541 61.84642 61.59574 61.34330 61.08904 60.83292 60.57487 60.31483 60.05275 59.78856 59.52220 59.25361 58.98273 58.70948 58.43381 58.15565 57.87493 57.59158 57.30553 57.01671 56.72505 56.43048 56.13291 55.83228 55.52850 55.22150 54.91120 54.59751 54.28035 53.95964 53.63529 53.30721 52.97532 52.63953 52.29973 51.95584 51.60777 51.25541 50.89867 50.53745 50.17164 49.80114 49.42585 49.04566 48.66046 48.27014 47.87460 47.47371 47.06737 46.65545 46.23785 45.81443 45.38509 44.94970 44.50814 44.06028 43.60601 43.14520 42.67771 42.20344 41.72224 41.23400 40.73859 40.23588 39.72575 39.20807 38.68273 38.14959 37.60855 37.05947 36.50226 35.93679 35.36296 34.78066 34.18980 33.59027 32.98198 32.36486 31.73883 31.10380 30.45973 29.80656 29.14424 28.47273 27.79202 27.10209 26.40294 25.69457 24.97702 24.25033 23.51454 22.76973 22.01598 21.25340 20.48211 19.70224 18.91396 18.11744 17.31287 16.50047 15.68047 14.85313 14.01872 13.17754 12.32989 11.47612 10.61657 9.75160 8.88161 8.00699 7.12817 6.24556 5.35962 4.47080 3.57956 2.68638 1.79174 0.89611 0.00000 
100.00000 99.60331 99.20678 98.81060 98.41491 98.01990 97.62572 97.23252 96.84048 96.44973 96.06043 95.67271 95.28672 94.90258 94.52041 94.14035 93.76249 93.38694 93.01380 92.64316 92.27510 91.90970 91.54703 91.18714 90.83010 90.47595 90.12474 89.77650 89.43125 89.08902 88.74983 88.41369 88.08061 87.75059 87.42362 87.09969 86.77880 86.46093 86.14605 85.83415 85.52519 85.21916 84.91601 84.61571 84.31822 84.02351 83.73153 83.44224 83.15560 82.87155 82.59006 82.31108 82.03455 81.76043 81.48866 81.21920 80.95199 80.68698 80.42412 80.16336 79.90464 79.64791 79.39312 79.14021 78.88914 78.63985 78.39229 78.14641 77.90215 77.65946 77.41830 77.17860 76.94033 76.70343 76.46785 76.23353 76.00044 75.76852 75.53773 75.30801 75.07932 74.85161 74.62482 74.39893 74.17387 73.94961 73.72610 73.50328 73.28112 73.05957 72.83859 72.61812 72.39814 72.17858 71.95941 71.74059 71.52206 71.30380 71.08574 70.86786 70.65010 70.43242 70.21478 69.99714 69.77946 69.56168 69.34377 69.12569 68.90738 68.68882 68.46995 68.25073 68.03111 67.81106 67.59053 67.36947 67.14785 66.92561 66.70271 66.47911 66.25476 66.02962 65.80363 65.57676 65.34895 65.12017 64.89035 64.65946 64.42744 64.19425 63.95984 63.72415 63.48714 63.24876 63.00894 62.76765 62.52483 62.28042 62.03437 61.78663 61.53713 61.28583 61.03266 60.77757 60.52049 60.26138 60.00016 59.73677 59.47116 59.20325 58.93298 58.66029 58.38511 58.10738 57.82701 57.54394 57.25810 56.96942 56.67782 56.38323 56.08556 55.78475 55.48070 55.17335 54.86260 54.54837 54.23057 53.90913 53.58395 53.25493 52.92199 52.58504 52.24397 51.89869 51.54910 51.19510 50.83659 50.47347 50.10562 49.73294 49.35533 48.97266 48.58483 48.19172 47.79321 47.38920 46.97955 46.56415 46.14287 45.71559 45.28219 44.84254 44.39650 43.94396 43.48477 43.01882 42.54596 42.06607 41.57902 41.08466 40.58288 40.07353 39.55649 39.03162 38.49880 37.95790 37.40880 36.85136 36.28548 35.71102 35.12789 34.53597 33.93515 33.32534 32.70644 32.07837 31.44105 30.79440 30.13836 29.47289 28.79792 28.11344 27.41942 26.71585 26.00274 25.28011 24.54798 23.80641 23.05546 22.29522 21.52578 20.74726 19.95981 19.16357 18.35873 17.54549 16.72405 15.89467 15.05761 14.21314 13.36157 12.50322 11.63844 10.76760 9.89107 9.00925 8.12258 7.23148 6.33640 5.43782 4.53620 3.63204 2.72583 1.81808 0.90930 0.00000 
100.00000 99.60031 99.20079 98.80163 98.40300 98.00508 97.60804 97.21204 96.81725 96.42382 96.03192 95.64169 95.25328 94.86681 94.48243 94.10024 93.72038 93.34294 92.96804 92.59575 92.22617 91.85937 91.49542 91.13440 90.77634 90.42131 90.06933 89.72046 89.37470 89.03210 88.69265 88.35637 88.02327 87.69335 87.36658 87.04298 86.72252 86.40518 86.09094 85.77977 85.47164 85.16653 84.86439 84.56519 84.26888 83.97542 83.68478 83.39690 83.11174 82.82924 82.54936 82.27205 81.99725 81.72492 81.45499 81.18742 80.92215 80.65913 80.39830 80.13961 79.88300 79.62842 79.37582 79.12514 78.87632 78.62931 78.38406 78.14052 77.89862 77.65832 77.41957 77.18232 76.94650 76.71207 76.47898 76.24718 76.01662 75.78725 75.55901 75.33187 75.10576 74.88065 74.65649 74.43322 74.21080 73.98918 73.76832 73.54817 73.32868 73.10982 72.89153 72.67376 72.45648 72.23964 72.02320 71.80710 71.59132 71.37579 71.16049 70.94536 70.73036 70.51545 70.30059 70.08573 69.87083 69.65585 69.44074 69.22546 69.00997 68.79422 68.57817 68.36177 68.14499 67.92778 67.71009 67.49189 67.27312 67.05374 66.83371 66.61298 66.39151 66.16926 65.94616 65.72219 65.49729 65.27141 65.04451 64.81654 64.58746 64.35720 64.12573 63.89299 63.65893 63.42351 63.18666 62.94834 62.70850 62.46708 62.22402 61.97927 61.73278 61.48448 61.23433 60.98225 60.72820 60.47211 60.21392 59.95357 59.69099 59.42613 59.15891 58.88927 58.61714 58.34245 58.06514 57.78513 57.50234 57.21672 56.92817 56.63662 56.34200 56.04423 55.74322 55.43889 55.13116 54.81995 54.50516 54.18671 53.86451 53.53846 53.20848 52.87445 52.53630 52.19392 51.84720 51.49605 51.14036 50.78003 50.41494 50.04498 49.67005 49.29002 48.90479 48.51423 48.11823 47.71666 47.30940 46.89633 46.47731 46.05223 45.62094 45.18332 44.73923 44.28854 43.83112 43.36683 42.89552 42.41707 41.93133 41.43817 40.93744 40.42901 39.91273 39.38847 38.85610 38.31547 37.76645 37.20891 36.64273 36.06777 35.48391 34.89104 34.28903 33.67778 33.05720 32.42717 31.78762 31.13845 30.47961 29.81102 29.13263 28.44440 27.74630 27.03832 26.32044 25.59268 24.85507 24.10766 23.35049 22.58364 21.80723 21.02135 20.22615 19.42179 18.60843 17.78629 16.95559 16.11657 15.26949 14.41466 13.55237 12.68298 11.80683 10.92431 10.03581 9.14176 8.24259 7.33877 6.43076 5.51905 4.60414 3.68656 2.76682 1.84545 0.92300 0.00000 
100.00000 99.59713 99.19445 98.79214 98.39039 97.98939 97.58932 97.19034 96.79265 96.39639 96.00175 95.60886 95.21788 94.82896 94.44223 94.05782 93.67585 93.29642 92.91965 92.54563 92.17444 91.80618 91.44090 91.07868 90.71956 90.36360 90.01083 89.66130 89.31502 88.97201 88.63230 88.29588 87.96276 87.63294 87.30640 86.98313 86.66311 86.34633 86.03275 85.72235 85.41508 85.11093 84.80984 84.51177 84.21668 83.92453 83.63527 83.34885 83.06521 82.78431 82.50609 82.23051 81.95749 81.68700 81.41897 81.15334 80.89007 80.62909 80.37034 80.11378 79.85934 79.60697 79.35660 79.10819 78.86168 78.61701 78.37413 78.13297 77.89350 77.65564 77.41936 77.18459 76.95128 76.71938 76.48884 76.25960 76.03162 75.80484 75.57921 75.35469 75.13122 74.90876 74.68725 74.46665 74.24692 74.02799 73.80983 73.59240 73.37563 73.15949 72.94394 72.72892 72.51439 72.30031 72.08664 71.87332 71.66031 71.44757 71.23506 71.02273 70.81054 70.59845 70.38640 70.17437 69.96230 69.75015 69.53788 69.32545 69.11281 68.89991 68.68673 68.47321 68.25930 68.04497 67.83017 67.61486 67.39899 67.18252 66.96541 66.74760 66.52906 66.30973 66.08958 65.86855 65.64660 65.42368 65.19975 64.97475 64.74864 64.52137 64.29289 64.06315 63.83210 63.59969 63.36586 63.13057 62.89375 62.65537 62.41536 62.17366 61.93023 61.68500 61.43791 61.18891 60.93795 60.68494 60.42985 60.17260 59.91313 59.65137 59.38726 59.12074 58.85173 58.58016 58.30597 58.02909 57.74943 57.46693 57.18151 56.89309 56.60160 56.30694 56.00905 55.70784 55.40322 55.09511 54.78342 54.46805 54.14892 53.82594 53.49900 53.16801 52.83287 52.49348 52.14974 51.80154 51.44878 51.09134 50.72912 50.36199 49.98986 49.61260 49.23008 48.84220 48.44882 48.04982 47.64508 47.23445 46.81783 46.39506 45.96602 45.53056 45.08856 44.63987 44.18434 43.72185 43.25223 42.77536 42.29108 41.79924 41.29971 40.79233 40.27696 39.75344 39.22165 38.68142 38.13263 37.57512 37.00876 36.43341 35.84895 35.25523 34.65215 34.03957 33.41739 32.78550 32.14380 31.49219 30.83060 30.15895 29.47718 28.78523 28.08307 27.37067 26.64802 25.91511 25.17198 24.41865 23.65519 22.88165 22.09814 21.30477 20.50166 19.68899 18.86692 18.03567 17.19544 16.34651 15.48914 14.62362 13.75029 12.86949 11.98160 11.08700 10.18611 9.27938 8.36727 7.45024 6.52880 5.60347 4.67477 3.74324 2.80943 1.87391 0.93724 0.00000 
100.00000 99.59376 99.18772 98.78208 98.37703 97.97277 97.56949 97.16737 96.76660 96.36736 95.96981 95.57412 95.18044 94.78893 94.39973 94.01296 93.62876 93.24724 92.86851 92.49267 92.11981 91.75000 91.38333 91.01985 90.65962 90.30269 89.94910 89.59888 89.25205 88.90864 88.56865 88.23209 87.89896 87.56924 87.24294 86.92003 86.60048 86.28428 85.97139 85.66179 85.35542 85.05226 84.75226 84.45537 84.16156 83.87076 83.58293 83.29801 83.01595 82.73670 82.46020 82.18639 81.91522 81.64662 81.38054 81.11691 80.85569 80.59681 80.34021 80.08583 79.83361 79.58350 79.33543 79.08935 78.84520 78.60293 78.36246 78.12376 77.88675 77.65140 77.41763 77.18540 76.95465 76.72533 76.49738 76.27076 76.04541 75.82127 75.59831 75.37646 75.15567 74.93591 74.71711 74.49923 74.28222 74.06604 73.85063 73.63595 73.42195 73.20859 72.99582 72.78359 72.57186 72.36059 72.14972 71.93922 71.72903 71.51913 71.30945 71.09997 70.89063 70.68139 70.47220 70.26304 70.05384 69.84457 69.63519 69.42564 69.21590 69.00591 68.79563 68.58502 68.37404 68.16264 67.95077 67.73840 67.52548 67.31196 67.09780 66.88296 66.66738 66.45104 66.23387 66.01583 65.79688 65.57697 65.35604 65.13407 64.91099 64.68675 64.46131 64.23462 64.00663 63.77728 63.54652 63.31431 63.08058 62.84529 62.60838 62.36979 62.12947 61.88737 61.64341 61.39755 61.14973 60.89987 60.64794 60.39385 60.13754 59.87896 59.61803 59.35469 59.08887 58.82050 58.54951 58.27582 57.99937 57.72007 57.43785 57.15264 56.86435 56.57290 56.27821 55.98020 55.67878 55.37385 55.06534 54.75315 54.43719 54.11736 53.79357 53.46571 53.13369 52.79740 52.45674 52.11160 51.76187 51.40744 51.04820 50.68403 50.31481 49.94042 49.56075 49.17566 48.78503 48.38873 47.98662 47.57859 47.16448 46.74417 46.31751 45.88436 45.44458 44.99802 44.54454 44.08399 43.61621 43.14106 42.65838 42.16802 41.66983 41.16365 40.64932 40.12670 39.59563 39.05595 38.50752 37.95017 37.38378 36.80818 36.22323 35.62881 35.02476 34.41097 33.78730 33.15364 32.50988 31.85592 31.19165 30.51701 29.83190 29.13628 28.43008 27.71328 26.98584 26.24778 25.49908 24.73979 23.96996 23.18963 22.39891 21.59791 20.78675 19.96559 19.13460 18.29400 17.44401 16.58489 15.71692 14.84041 13.95568 13.06310 12.16307 11.25597 10.34226 9.42239 8.49685 7.56613 6.63075 5.69127 4.74822 3.80219 2.85376 1.90352 0.95206 0.00000 
100.00000 99.59020 99.18060 98.77143 98.36289 97.95518 97.54850 97.14306 96.73904 96.33663 95.93601 95.53736 95.14083 94.74659 94.35478 93.96554 93.57900 93.19528 92.81449 92.43674 92.06211 91.69070 91.32256 90.95777 90.59639 90.23845 89.88400 89.53307 89.18568 88.84185 88.50158 88.16487 87.83173 87.50214 87.17609 86.85355 86.53451 86.21892 85.90676 85.59798 85.29256 84.99043 84.69157 84.39591 84.10341 83.81401 83.52767 83.24431 82.96389 82.68634 82.41161 82.13964 81.87036 81.60372 81.33965 81.07809 80.81898 80.56225 80.30785 80.05572 79.80578 79.55799 79.31228 79.06859 78.82686 78.58703 78.34904 78.11284 77.87837 77.64556 77.41437 77.18473 76.95660 76.72991 76.50461 76.28066 76.05798 75.83655 75.61629 75.39716 75.17911 74.96209 74.74605 74.53094 74.31671 74.10331 73.89070 73.67883 73.46764 73.25710 73.04716 72.83776 72.62888 72.42045 72.21244 72.00480 71.79749 71.59045 71.38366 71.17706 70.97061 70.76427 70.55799 70.35174 70.14546 69.93911 69.73265 69.52604 69.31924 69.11220 68.90487 68.69722 68.48920 68.28077 68.07188 67.86249 67.65256 67.44203 67.23088 67.01905 66.80649 66.59317 66.37903 66.16403 65.94812 65.73126 65.51340 65.29449 65.07449 64.85334 64.63099 64.40740 64.18251 63.95628 63.72865 63.49956 63.26898 63.03684 62.80308 62.56766 62.33051 62.09159 61.85082 61.60816 61.36353 61.11690 60.86818 60.61731 60.36424 60.10890 59.85122 59.59113 59.32857 59.06346 58.79574 58.52532 58.25214 57.97613 57.69719 57.41527 57.13026 56.84210 56.55070 56.25597 55.95783 55.65619 55.35095 55.04203 54.72933 54.41276 54.09221 53.76758 53.43878 53.10569 52.76822 52.42625 52.07966 51.72836 51.37221 51.01110 50.64492 50.27354 49.89682 49.51466 49.12690 48.73343 48.33411 47.92879 47.51735 47.09963 46.67549 46.24480 45.80738 45.36311 44.91181 44.45335 43.98756 43.51428 43.03336 42.54463 42.04793 41.54311 41.02999 40.50841 39.97821 39.43924 38.89131 38.33429 37.76800 37.19229 36.60701 36.01200 35.40712 34.79224 34.16720 33.53189 32.88617 32.22994 31.56309 30.88552 30.19715 29.49789 28.78770 28.06651 27.33431 26.59106 25.83678 25.07149 24.29521 23.50801 22.70998 21.90121 21.08183 20.25200 19.41190 18.56173 17.70172 16.83213 15.95325 15.06540 14.16892 13.26418 12.35159 11.43157 10.50457 9.57108 8.63160 7.68666 6.73681 5.78262 4.82466 3.86355 2.89990 1.93434 0.96749 0.00000 
100.00000 99.58642 99.17306 98.76015 98.34791 97.93654 97.52628 97.11732 96.70986 96.30411 95.90026 95.49847 95.09894 94.70182 94.30726 93.91541 93.52641 93.14038 92.75743 92.37768 92.00121 91.62811 91.25845 90.89229 90.52970 90.17072 89.81538 89.46372 89.11575 88.77149 88.43094 88.09409 87.76096 87.43151 87.10573 86.78359 86.46507 86.15013 85.83873 85.53083 85.22639 84.92535 84.62767 84.33329 84.04216 83.75422 83.46942 83.18768 82.90895 82.63317 82.36027 82.09020 81.82288 81.55825 81.29625 81.03681 80.77988 80.52537 80.27323 80.02340 79.77581 79.53040 79.28711 79.04586 78.80661 78.56929 78.33384 78.10020 77.86831 77.63811 77.40955 77.18256 76.95710 76.73310 76.51050 76.28927 76.06933 75.85064 75.63314 75.41679 75.20152 74.98730 74.77407 74.56177 74.35037 74.13981 73.93004 73.72101 73.51269 73.30501 73.09794 72.89143 72.68543 72.47990 72.27479 72.07006 71.86566 71.66154 71.45768 71.25401 71.05050 70.84710 70.64377 70.44046 70.23714 70.03376 69.83028 69.62664 69.42282 69.21877 69.01444 68.80979 68.60478 68.39936 68.19349 67.98713 67.78023 67.57275 67.36464 67.15586 66.94637 66.73611 66.52505 66.31314 66.10032 65.88656 65.67181 65.45602 65.23914 65.02112 64.80191 64.58147 64.35975 64.13668 63.91222 63.68633 63.45894 63.23000 62.99945 62.76725 62.53333 62.29765 62.06013 61.82072 61.57936 61.33600 61.09056 60.84299 60.59322 60.34118 60.08681 59.83005 59.57081 59.30904 59.04466 58.77759 58.50776 58.23511 57.95953 57.68097 57.39934 57.11454 56.82651 56.53516 56.24039 55.94212 55.64025 55.33469 55.02535 54.71213 54.39492 54.07363 53.74815 53.41838 53.08420 52.74551 52.40218 52.05411 51.70118 51.34326 50.98024 50.61198 50.23836 49.85925 49.47450 49.08400 48.68759 48.28513 47.87649 47.46151 47.04004 46.61194 46.17705 45.73521 45.28626 44.83004 44.36640 43.89515 43.41615 42.92921 42.43417 41.93086 41.41911 40.89874 40.36958 39.83147 39.28422 38.72767 38.16164 37.58597 37.00050 36.40506 35.79950 35.18365 34.55738 33.92053 33.27298 32.61459 31.94525 31.26484 30.57327 29.87045 29.15630 28.43077 27.69381 26.94539 26.18550 25.41416 24.63138 23.83723 23.03177 22.21511 21.38737 20.54870 19.69927 18.83929 17.96900 17.08865 16.19855 15.29902 14.39041 13.47311 12.54754 11.61413 10.67337 9.72576 8.77182 7.81211 6.84722 5.87772 4.90426 3.92745 2.94796 1.96644 0.98356 0.00000 
100.00000 99.58242 99.16508 98.74821 98.33204 97.91682 97.50275 97.09007 96.67898 96.26970 95.86242 95.45734 95.05464 94.65448 94.25703 93.86244 93.47085 93.08240 92.69719 92.31534 91.93694 91.56208 91.19083 90.82325 90.45941 90.09935 89.74309 89.39068 89.04211 88.69742 88.35658 88.01961 87.68649 87.35720 87.03172 86.71002 86.39206 86.07780 85.76721 85.46023 85.15682 84.85692 84.56047 84.26743 83.97773 83.69130 83.40810 83.12804 82.85107 82.57711 82.30611 82.03800 81.77270 81.51016 81.25029 80.99305 80.73834 80.48612 80.23631 79.98885 79.74367 79.50070 79.25988 79.02115 78.78444 78.54969 78.31683 78.08581 77.85657 77.62903 77.40316 77.17888 76.95614 76.73488 76.51504 76.29658 76.07943 75.86354 75.64885 75.43532 75.22290 75.01152 74.80114 74.59172 74.38319 74.17551 73.96863 73.76251 73.55709 73.35233 73.14818 72.94459 72.74152 72.53893 72.33677 72.13499 71.93354 71.73239 71.53149 71.33080 71.13027 70.92985 70.72952 70.52921 70.32889 70.12852 69.92805 69.72743 69.52664 69.32562 69.12433 68.92272 68.72076 68.51840 68.31559 68.11230 67.90848 67.70409 67.49907 67.29339 67.08701 66.87987 66.67193 66.46314 66.25347 66.04286 65.83126 65.61864 65.40493 65.19009 64.97408 64.75684 64.53832 64.31847 64.09725 63.87459 63.65044 63.42476 63.19749 62.96856 62.73793 62.50554 62.27133 62.03524 61.79721 61.55718 61.31508 61.07087 60.82446 60.57579 60.32481 60.07143 59.81560 59.55723 59.29626 59.03262 58.76622 58.49700 58.22487 57.94975 57.67157 57.39023 57.10566 56.81776 56.52645 56.23164 55.93324 55.63114 55.32526 55.01548 54.70172 54.38387 54.06182 53.73547 53.40470 53.06940 52.72945 52.38474 52.03514 51.68053 51.32080 50.95579 50.58539 50.20946 49.82787 49.44047 49.04711 48.64766 48.24197 47.82987 47.41123 46.98588 46.55366 46.11442 45.66797 45.21417 44.75283 44.28379 43.80687 43.32189 42.82868 42.32706 41.81685 41.29786 40.76992 40.23283 39.68643 39.13052 38.56492 37.98947 37.40397 36.80826 36.20215 35.58550 34.95813 34.31989 33.67063 33.01020 32.33847 31.65533 30.96065 30.25433 29.53629 28.80646 28.06477 27.31118 26.54568 25.76826 24.97893 24.17775 23.36478 22.54010 21.70384 20.85615 19.99719 19.12717 18.24633 17.35494 16.45329 15.54172 14.62060 13.69032 12.75132 11.80406 10.84903 9.88676 8.91781 7.94276 6.96221 5.97681 4.98719 3.99404 2.99804 1.99989 1.00031 0.00000 
100.00000 99.57818 99.15662 98.73556 98.31524 97.89593 97.47784 97.06122 96.64630 96.23329 95.82240 95.41383 95.00778 94.60443 94.20394 93.80647 93.41217 93.02117 92.63359 92.24954 91.86913 91.49243 91.11953 90.75048 90.38535 90.02416 89.66697 89.31378 88.96461 88.61948 88.27837 87.94129 87.60820 87.27909 86.95394 86.63270 86.31534 86.00181 85.69207 85.38606 85.08373 84.78502 84.48988 84.19823 83.91002 83.62517 83.34363 83.06531 82.79016 82.51811 82.24907 81.98298 81.71978 81.45938 81.20172 80.94673 80.69433 80.44446 80.19705 79.95202 79.70931 79.46885 79.23057 78.99441 78.76031 78.52819 78.29799 78.06965 77.84311 77.61830 77.39517 77.17366 76.95370 76.73523 76.51821 76.30258 76.08827 75.87523 75.66341 75.45276 75.24322 75.03474 74.82727 74.62076 74.41516 74.21041 74.00647 73.80329 73.60083 73.39903 73.19784 72.99723 72.79715 72.59754 72.39836 72.19958 72.00114 71.80299 71.60511 71.40743 71.20992 71.01254 70.81524 70.61797 70.42070 70.22337 70.02596 69.82841 69.63069 69.43274 69.23453 69.03601 68.83714 68.63788 68.43819 68.23801 68.03731 67.83605 67.63417 67.43164 67.22840 67.02442 66.81965 66.61405 66.40756 66.20014 65.99175 65.78233 65.57185 65.36024 65.14747 64.93348 64.71822 64.50165 64.28370 64.06434 63.84349 63.62112 63.39717 63.17158 62.94429 62.71525 62.48441 62.25169 62.01705 61.78042 61.54173 61.30093 61.05796 60.81273 60.56520 60.31528 60.06292 59.80803 59.55055 59.29040 59.02751 58.76180 58.49319 58.22160 57.94695 57.66915 57.38813 57.10378 56.81602 56.52477 56.22992 55.93138 55.62905 55.32283 55.01262 54.69831 54.37980 54.05698 53.72973 53.39793 53.06148 52.72025 52.37411 52.02294 51.66662 51.30500 50.93796 50.56535 50.18704 49.80289 49.41273 49.01644 48.61384 48.20479 47.78913 47.36669 46.93731 46.50082 46.05705 45.60583 45.14697 44.68031 44.20565 43.72281 43.23161 42.73186 42.22337 41.70594 41.17939 40.64352 40.09814 39.54306 38.97807 38.40300 37.81765 37.22183 36.61537 35.99806 35.36976 34.73027 34.07944 33.41710 32.74312 32.05735 31.35966 30.64994 29.92808 29.19400 28.44762 27.68889 26.91778 26.13426 25.33834 24.53007 23.70948 22.87668 22.03175 21.17486 20.30616 19.42587 18.53422 17.63147 16.71795 15.79398 14.85994 13.91625 12.96336 12.00174 11.03192 10.05445 9.06990 8.07889 7.08207 6.08010 5.07366 4.06348 3.05027 2.03479 1.01777 0.00000 
100.00000 99.57370 99.14766 98.72216 98.29745 97.87380 97.45146 97.03068 96.61170 96.19475 95.78005 95.36781 94.95824 94.55152 94.14783 93.74733 93.35018 92.95651 92.56645 92.18012 91.79760 91.41900 91.04438 90.67380 90.30733 89.94499 89.58683 89.23286 88.88308 88.53752 88.19614 87.85896 87.52593 87.19703 86.87224 86.55151 86.23479 85.92204 85.61320 85.30821 85.00702 84.70957 84.41578 84.12559 83.83894 83.55574 83.27592 82.99943 82.72617 82.45608 82.18908 81.92509 81.66405 81.40587 81.15049 80.89782 80.64780 80.40035 80.15539 79.91287 79.67270 79.43482 79.19915 78.96563 78.73419 78.50476 78.27729 78.05169 77.82792 77.60590 77.38557 77.16688 76.94976 76.73415 76.52000 76.30725 76.09584 75.88571 75.67681 75.46909 75.26249 75.05696 74.85245 74.64890 74.44627 74.24450 74.04355 73.84337 73.64391 73.44511 73.24694 73.04935 72.85229 72.65571 72.45957 72.26383 72.06843 71.87334 71.67851 71.48390 71.28946 71.09515 70.90092 70.70674 70.51255 70.31833 70.12401 69.92957 69.73496 69.54013 69.34504 69.14965 68.95393 68.75781 68.56126 68.36425 68.16671 67.96862 67.76992 67.57058 67.37054 67.16977 66.96822 66.76583 66.56258 66.35840 66.15326 65.94711 65.73989 65.53157 65.32208 65.11140 64.89945 64.68620 64.47158 64.25556 64.03807 63.81907 63.59849 63.37629 63.15241 62.92678 62.69936 62.47008 62.23889 62.00571 61.77050 61.53319 61.29370 61.05199 60.80797 60.56158 60.31276 60.06142 59.80750 59.55093 59.29162 59.02950 58.76449 58.49651 58.22548 57.95131 57.67391 57.39321 57.10910 56.82149 56.53029 56.23540 55.93673 55.63417 55.32762 55.01696 54.70210 54.38292 54.05930 53.73113 53.39829 53.06066 52.71811 52.37051 52.01773 51.65963 51.29609 50.92695 50.55207 50.17130 49.78450 49.39151 48.99217 48.58633 48.17381 47.75444 47.32807 46.89451 46.45359 46.00512 45.54893 45.08482 44.61260 44.13209 43.64309 43.14540 42.63882 42.12314 41.59818 41.06372 40.51956 39.96549 39.40131 38.82682 38.24180 37.64607 37.03941 36.42164 35.79256 35.15199 34.49975 33.83566 33.15956 32.47129 31.77071 31.05769 30.33210 29.59384 28.84283 28.07899 27.30228 26.51265 25.71012 24.89469 24.06641 23.22536 22.37164 21.50537 20.62674 19.73593 18.83319 17.91880 16.99305 16.05630 15.10894 14.15139 13.18412 12.20764 11.22247 10.22920 9.22845 8.22085 7.20708 6.18785 5.16388 4.13594 3.10478 2.07120 1.03601 0.00000 
100.00000 99.56894 99.13817 98.70796 98.27860 97.85037 97.42353 96.99835 96.57507 96.15396 95.73524 95.31913 94.90584 94.49558 94.08852 93.68485 93.28471 92.88825 92.49560 92.10687 91.72217 91.34158 90.96518 90.59302 90.22517 89.86166 89.50251 89.14774 88.79735 88.45136 88.10973 87.77246 87.43952 87.11088 86.78648 86.46630 86.15027 85.83835 85.53047 85.22657 84.92659 84.63045 84.33809 84.04943 83.76440 83.48292 83.20491 82.93030 82.65901 82.39096 82.12607 81.86426 81.60545 81.34957 81.09653 80.84627 80.59869 80.35373 80.11132 79.87137 79.63381 79.39857 79.16558 78.93476 78.70606 78.47940 78.25470 78.03192 77.81097 77.59180 77.37434 77.15853 76.94431 76.73162 76.52040 76.31058 76.10212 75.89496 75.68903 75.48430 75.28069 75.07816 74.87666 74.67613 74.47652 74.27778 74.07987 73.88273 73.68632 73.49058 73.29547 73.10094 72.90695 72.71345 72.52039 72.32773 72.13543 71.94343 71.75170 71.56020 71.36886 71.17767 70.98656 70.79551 70.60445 70.41336 70.22219 70.03090 69.83944 69.64777 69.45585 69.26364 69.07109 68.87817 68.68482 68.49100 68.29668 68.10180 67.90633 67.71022 67.51343 67.31590 67.11761 66.91850 66.71852 66.51763 66.31579 66.11294 65.90904 65.70405 65.49791 65.29057 65.08198 64.87210 64.66088 64.44825 64.23417 64.01859 63.80145 63.58269 63.36226 63.14011 62.91617 62.69039 62.46270 62.23305 62.00137 61.76761 61.53168 61.29354 61.05311 60.81032 60.56511 60.31740 60.06712 59.81419 59.55854 59.30009 59.03877 58.77448 58.50715 58.23669 57.96302 57.68604 57.40567 57.12180 56.83435 56.54322 56.24831 55.94950 55.64671 55.33982 55.02872 54.71329 54.39343 54.06901 53.73990 53.40600 53.06716 52.72326 52.37416 52.01972 51.65981 51.29428 50.92298 50.54576 50.16246 49.77294 49.37702 48.97453 48.56532 48.14921 47.72602 47.29556 46.85767 46.41214 45.95880 45.49743 45.02786 44.54987 44.06326 43.56782 43.06336 42.54964 42.02647 41.49362 40.95089 40.39804 39.83487 39.26115 38.67667 38.08122 37.47457 36.85652 36.22686 35.58539 34.93191 34.26622 33.58816 32.89754 32.19420 31.47800 30.74878 30.00644 29.25087 28.48197 27.69968 26.90397 26.09479 25.27217 24.43612 23.58672 22.72406 21.84826 20.95948 20.05793 19.14383 18.21747 17.27915 16.32923 15.36812 14.39625 13.41411 12.42221 11.42112 10.41145 9.39384 8.36897 7.33755 6.30033 5.25808 4.21160 3.16171 2.10924 1.05505 0.00000 
100.00000 99.56390 99.12811 98.69291 98.25863 97.82554 97.39394 96.96410 96.53629 96.11078 95.68781 95.26762 94.85042 94.43643 94.02584 93.61883 93.21556 92.81618 92.42082 92.02960 91.64262 91.25997 90.88173 90.50795 90.13868 89.77395 89.41380 89.05823 88.70724 88.36082 88.01897 87.68165 87.34883 87.02047 86.69652 86.37693 86.06165 85.75062 85.44376 85.14102 84.84230 84.54756 84.25669 83.96964 83.68631 83.40662 83.13050 82.85786 82.58861 82.32268 82.05998 81.80042 81.54393 81.29042 81.03981 80.79202 80.54697 80.30458 80.06477 79.82747 79.59259 79.36007 79.12983 78.90179 78.67589 78.45206 78.23022 78.01030 77.79225 77.57599 77.36146 77.14860 76.93733 76.72762 76.51938 76.31256 76.10711 75.90297 75.70007 75.49837 75.29781 75.09834 74.89990 74.70243 74.50590 74.31024 74.11542 73.92137 73.72805 73.53542 73.34341 73.15200 72.96112 72.77074 72.58081 72.39128 72.20211 72.01326 71.82467 71.63632 71.44814 71.26010 71.07216 70.88427 70.69640 70.50849 70.32050 70.13240 69.94414 69.75567 69.56697 69.37797 69.18864 68.99895 68.80884 68.61827 68.42719 68.23558 68.04338 67.85055 67.65704 67.46281 67.26782 67.07202 66.87537 66.67782 66.47932 66.27983 66.07930 65.87768 65.67493 65.47099 65.26582 65.05936 64.85157 64.64239 64.43178 64.21967 64.00602 63.79076 63.57385 63.35522 63.13483 62.91260 62.68848 62.46242 62.23434 62.00418 61.77189 61.53739 61.30061 61.06149 60.81996 60.57595 60.32938 60.08017 59.82826 59.57357 59.31600 59.05549 58.79195 58.52529 58.25543 57.98227 57.70573 57.42570 57.14210 56.85482 56.56377 56.26883 55.96991 55.66689 55.35966 55.04811 54.73212 54.41156 54.08632 53.75627 53.42128 53.08121 52.73592 52.38529 52.02916 51.66738 51.29981 50.92629 50.54666 50.16076 49.76842 49.36947 48.96374 48.55106 48.13122 47.70406 47.26938 46.82699 46.37668 45.91827 45.45153 44.97626 44.49225 43.99929 43.49714 42.98560 42.46444 41.93342 41.39232 40.84092 40.27897 39.70625 39.12252 38.52756 37.92113 37.30301 36.67297 36.03079 35.37626 34.70917 34.02932 33.33651 32.63057 31.91131 31.17860 30.43228 29.67223 28.89834 28.11053 27.30873 26.49291 25.66306 24.81919 23.96135 23.08962 22.20412 21.30501 20.39247 19.46674 18.52809 17.57685 16.61337 15.63807 14.65139 13.65384 12.64597 11.62836 10.60164 9.56650 8.52364 7.47383 6.41785 5.35652 4.29068 3.22121 2.14901 1.07496 0.00000 
100.00000 99.55856 99.11744 98.67697 98.23746 97.79923 97.36258 96.92781 96.49522 96.06506 95.63761 95.21311 94.79179 94.37388 93.95958 93.54907 93.14252 92.74009 92.34191 91.94809 91.55875 91.17397 90.79382 90.41836 90.04764 89.68168 89.32051 88.96414 88.61255 88.26573 87.92367 87.58633 87.25367 86.92564 86.60219 86.28326 85.96879 85.65871 85.35295 85.05142 84.75406 84.46078 84.17149 83.88612 83.60458 83.32677 83.05261 82.78202 82.51491 82.25118 81.99075 81.73353 81.47943 81.22838 80.98028 80.73504 80.49260 80.25285 80.01573 79.78115 79.54903 79.31930 79.09188 78.86669 78.64366 78.42272 78.20380 77.98683 77.77174 77.55845 77.34692 77.13706 76.92882 76.72213 76.51694 76.31319 76.11080 75.90973 75.70992 75.51131 75.31385 75.11748 74.92215 74.72781 74.53440 74.34188 74.15019 73.95928 73.76911 73.57962 73.39077 73.20252 73.01480 72.82759 72.64083 72.45448 72.26849 72.08282 71.89742 71.71226 71.52728 71.34244 71.15771 70.97303 70.78837 70.60369 70.41893 70.23406 70.04904 69.86382 69.67836 69.49263 69.30657 69.12015 68.93331 68.74603 68.55826 68.36995 68.18106 67.99155 67.80137 67.61049 67.41885 67.22641 67.03313 66.83895 66.64385 66.44776 66.25064 66.05245 65.85314 65.65265 65.45094 65.24796 65.04366 64.83798 64.63088 64.42230 64.21219 64.00049 63.78715 63.57211 63.35532 63.13670 62.91622 62.69380 62.46938 62.24290 62.01430 61.78351 61.55046 61.31508 61.07730 60.83706 60.59427 60.34887 60.10078 59.84991 59.59619 59.33954 59.07987 58.81710 58.55114 58.28189 58.00927 57.73318 57.45353 57.17020 56.88311 56.59215 56.29720 55.99817 55.69493 55.38737 55.07537 54.75880 54.43755 54.11148 53.78047 53.44437 53.10304 52.75635 52.40415 52.04628 51.68259 51.31293 50.93713 50.55502 50.16643 49.77120 49.36913 48.96005 48.54376 48.12008 47.68881 47.24975 46.80269 46.34742 45.88373 45.41140 44.93021 44.43993 43.94033 43.43119 42.91225 42.38330 41.84407 41.29434 40.73385 40.16236 39.57961 38.98537 38.37939 37.76142 37.13122 36.48856 35.83319 35.16489 34.48344 33.78862 33.08024 32.35810 31.62202 30.87184 30.10742 29.32863 28.53535 27.72752 26.90507 26.06797 25.21622 24.34986 23.46895 22.57360 21.66395 20.74020 19.80256 18.85131 17.88678 16.90933 15.91938 14.91740 13.90390 12.87946 11.84469 10.80026 9.74686 8.68527 7.61628 6.54071 5.45945 4.37339 3.28346 2.19061 1.09579 0.00000 
100.00000 99.55289 99.10613 98.66005 98.21501 97.77133 97.32934 96.88936 96.45170 96.01663 95.58445 95.15541 94.72976 94.30773 93.88953 93.47535 93.06537 92.65975 92.25862 91.86211 91.47031 91.08332 90.70121 90.32404 89.95183 89.58463 89.22243 88.86526 88.51308 88.16589 87.82366 87.48633 87.15388 86.82624 86.50334 86.18514 85.87155 85.56249 85.25789 84.95767 84.66174 84.37000 84.08238 83.79878 83.51910 83.24326 82.97116 82.70271 82.43781 82.17637 81.91830 81.66351 81.41190 81.16338 80.91787 80.67528 80.43552 80.19850 79.96414 79.73237 79.50308 79.27622 79.05169 78.82943 78.60935 78.39138 78.17544 77.96148 77.74941 77.53917 77.33069 77.12391 76.91875 76.71516 76.51308 76.31243 76.11317 75.91524 75.71857 75.52311 75.32880 75.13559 74.94343 74.75226 74.56203 74.37268 74.18418 73.99646 73.80948 73.62319 73.43754 73.25249 73.06799 72.88399 72.70044 72.51731 72.33455 72.15210 71.96994 71.78801 71.60627 71.42468 71.24320 71.06178 70.88038 70.69896 70.51747 70.33588 70.15414 69.97221 69.79005 69.60761 69.42486 69.24175 69.05824 68.87429 68.68986 68.50490 68.31937 68.13322 67.94642 67.75892 67.57067 67.38164 67.19177 67.00103 66.80936 66.61672 66.42306 66.22835 66.03252 65.83553 65.63733 65.43788 65.23711 65.03499 64.83146 64.62646 64.41995 64.21186 64.00215 63.79076 63.57762 63.36269 63.14589 62.92718 62.70649 62.48375 62.25891 62.03189 61.80263 61.57106 61.33711 61.10071 60.86179 60.62026 60.37606 60.12911 59.87932 59.62661 59.37090 59.11210 58.85013 58.58489 58.31629 58.04423 57.76862 57.48935 57.20633 56.91945 56.62859 56.33365 56.03452 55.73107 55.42318 55.11073 54.79360 54.47165 54.14475 53.81276 53.47553 53.13293 52.78481 52.43100 52.07136 51.70571 51.33390 50.95576 50.57110 50.17975 49.78153 49.37624 48.96370 48.54369 48.11603 47.68051 47.23690 46.78499 46.32457 45.85540 45.37725 44.88989 44.39307 43.88656 43.37010 42.84344 42.30633 41.75852 41.19973 40.62971 40.04820 39.45493 38.84964 38.23206 37.60194 36.95902 36.30304 35.63375 34.95092 34.25430 33.54367 32.81882 32.07954 31.32566 30.55699 29.77340 28.97474 28.16093 27.33187 26.48753 25.62787 24.75292 23.86272 22.95738 22.03701 21.10181 20.15199 19.18782 18.20963 17.21779 16.21273 15.19492 14.16491 13.12329 12.07070 11.00783 9.93543 8.85431 7.76529 6.66928 5.56719 4.45997 3.34863 2.23416 1.11761 0.00000 
100.00000 99.54688 99.09412 98.64211 98.19120 97.74174 97.29410 96.84860 96.40558 95.96533 95.52815 95.09433 94.66411 94.23775 93.81546 93.39743 92.98387 92.57492 92.17072 91.77140 91.37707 90.98781 90.60368 90.22474 89.85103 89.48256 89.11934 88.76137 88.40864 88.06110 87.71873 87.38147 87.04928 86.72208 86.39981 86.08240 85.76976 85.46181 85.15847 84.85963 84.56521 84.27512 83.98925 83.70751 83.42980 83.15602 82.88607 82.61985 82.35726 82.09820 81.84258 81.59030 81.34127 81.09538 80.85255 80.61268 80.37569 80.14149 79.90998 79.68109 79.45472 79.23080 79.00925 78.78998 78.57292 78.35799 78.14512 77.93424 77.72526 77.51813 77.31278 77.10913 76.90712 76.70669 76.50777 76.31030 76.11422 75.91948 75.72601 75.53375 75.34265 75.15266 74.96371 74.77577 74.58876 74.40265 74.21738 74.03290 73.84916 73.66612 73.48372 73.30192 73.12067 72.93993 72.75965 72.57978 72.40029 72.22111 72.04223 71.86358 71.68512 71.50682 71.32863 71.15051 70.97241 70.79429 70.61612 70.43784 70.25943 70.08083 69.90200 69.72291 69.54351 69.36376 69.18362 69.00304 68.82199 68.64042 68.45829 68.27555 68.09217 67.90809 67.72329 67.53770 67.35130 67.16402 66.97584 66.78670 66.59655 66.40535 66.21306 66.01962 65.82498 65.62911 65.43193 65.23342 65.03351 64.83215 64.62928 64.42487 64.21884 64.01114 63.80173 63.59053 63.37749 63.16255 62.94564 62.72671 62.50569 62.28251 62.05711 61.82942 61.59937 61.36689 61.13190 60.89433 60.65410 60.41114 60.16536 59.91668 59.66501 59.41028 59.15239 58.89125 58.62676 58.35883 58.08737 57.81226 57.53342 57.25072 56.96407 56.67334 56.37842 56.07920 55.77556 55.46735 55.15447 54.83677 54.51412 54.18638 53.85340 53.51504 53.17115 52.82156 52.46612 52.10466 51.73702 51.36301 50.98246 50.59518 50.20099 49.79969 49.39109 48.97497 48.55112 48.11935 47.67941 47.23109 46.77416 46.30838 45.83351 45.34930 44.85551 44.35188 43.83814 43.31404 42.77930 42.23366 41.67684 41.10856 40.52854 39.93651 39.33217 38.71525 38.08547 37.44254 36.78620 36.11617 35.43218 34.73398 34.02132 33.29396 32.55167 31.79425 31.02149 30.23322 29.42930 28.60958 27.77397 26.92240 26.05481 25.17122 24.27165 23.35617 22.42492 21.47804 20.51576 19.53835 18.54613 17.53947 16.51881 15.48465 14.43754 13.37809 12.30697 11.22493 10.13273 9.03123 7.92131 6.80392 5.68004 4.55069 3.41692 2.27981 1.14047 0.00000 
100.00000 99.54049 99.08138 98.62306 98.16592 97.71035 97.25671 96.80537 96.35667 95.91095 95.46850 95.02963 94.59461 94.16369 93.73711 93.31506 92.89775 92.48532 92.07794 91.67572 91.27876 90.88715 90.50096 90.12022 89.74497 89.37523 89.01100 88.65226 88.29899 87.95114 87.60868 87.27155 86.93968 86.61300 86.29143 85.97489 85.66329 85.35653 85.05453 84.75717 84.46437 84.17601 83.89200 83.61222 83.33657 83.06494 82.79724 82.53335 82.27317 82.01660 81.76352 81.51386 81.26749 81.02432 80.78426 80.54722 80.31309 80.08178 79.85321 79.62728 79.40391 79.18302 78.96452 78.74833 78.53436 78.32255 78.11281 77.90508 77.69927 77.49532 77.29315 77.09271 76.89391 76.69670 76.50101 76.30678 76.11395 75.92245 75.73223 75.54324 75.35540 75.16868 74.98300 74.79833 74.61461 74.43178 74.24979 74.06860 73.88815 73.70840 73.52930 73.35080 73.17285 72.99541 72.81844 72.64188 72.46570 72.28984 72.11428 71.93895 71.76382 71.58885 71.41399 71.23921 71.06445 70.88969 70.71487 70.53996 70.36490 70.18968 70.01423 69.83852 69.66252 69.48617 69.30943 69.13227 68.95464 68.77650 68.59781 68.41853 68.23861 68.05801 67.87668 67.69459 67.51169 67.32794 67.14328 66.95768 66.77109 66.58346 66.39475 66.20491 66.01388 65.82163 65.62810 65.43324 65.23700 65.03933 64.84018 64.63948 64.43719 64.23326 64.02762 63.82021 63.61098 63.39987 63.18682 62.97176 62.75463 62.53536 62.31389 62.09015 61.86407 61.63558 61.40460 61.17106 60.93488 60.69599 60.45430 60.20973 59.96220 59.71162 59.45790 59.20095 58.94067 58.67698 58.40976 58.13892 57.86435 57.58596 57.30361 57.01721 56.72664 56.43177 56.13249 55.82866 55.52015 55.20684 54.88858 54.56524 54.23665 53.90269 53.56318 53.21797 52.86690 52.50980 52.14649 51.77680 51.40055 51.01753 50.62757 50.23046 49.82599 49.41396 48.99415 48.56634 48.13030 47.68580 47.23260 46.77045 46.29910 45.81830 45.32779 44.82730 44.31655 43.79527 43.26318 42.71999 42.16541 41.59915 41.02091 40.43039 39.82729 39.21130 38.58214 37.93948 37.28305 36.61254 35.92766 35.22813 34.51368 33.78403 33.03894 32.27817 31.50150 30.70871 29.89964 29.07413 28.23204 27.37327 26.49777 25.60550 24.69648 23.77075 22.82844 21.86968 20.89468 19.90370 18.89706 17.87515 16.83841 15.78733 14.72250 13.64455 12.55419 11.45217 10.33933 9.21656 8.08480 6.94506 5.79836 4.64582 3.48854 2.32769 1.16445 0.00000 
100.00000 99.53371 99.06784 98.60283 98.13909 97.67702 97.21703 96.75950 96.30480 95.85328 95.40528 94.96109 94.52101 94.08531 93.65422 93.22796 92.80673 92.39070 91.98000 91.57477 91.17510 90.78108 90.39277 90.01021 89.63342 89.26241 88.89717 88.53768 88.18391 87.83580 87.49331 87.15637 86.82489 86.49880 86.17802 85.86244 85.55197 85.24650 84.94594 84.65017 84.35908 84.07256 83.79050 83.51279 83.23931 82.96995 82.70460 82.44315 82.18548 81.93149 81.68107 81.43411 81.19051 80.95016 80.71297 80.47883 80.24765 80.01934 79.79379 79.57092 79.35063 79.13285 78.91748 78.70444 78.49366 78.28504 78.07851 77.87400 77.67143 77.47072 77.27182 77.07464 76.87912 76.68519 76.49279 76.30186 76.11233 75.92414 75.73724 75.55156 75.36704 75.18364 75.00130 74.81995 74.63956 74.46006 74.28141 74.10356 73.92645 73.75004 73.57428 73.39913 73.22453 73.05044 72.87681 72.70361 72.53078 72.35829 72.18608 72.01412 71.84236 71.67077 71.49929 71.32788 71.15652 70.98514 70.81372 70.64220 70.47056 70.29875 70.12672 69.95444 69.78186 69.60896 69.43567 69.26197 69.08780 68.91314 68.73793 68.56214 68.38573 68.20864 68.03085 67.85229 67.67294 67.49275 67.31167 67.12966 66.94667 66.76266 66.57758 66.39138 66.20401 66.01544 65.82560 65.63445 65.44193 65.24800 65.05261 64.85569 64.65720 64.45708 64.25527 64.05172 63.84637 63.63915 63.43001 63.21888 63.00571 62.79042 62.57294 62.35322 62.13118 61.90675 61.67986 61.45043 61.21838 60.98364 60.74613 60.50576 60.26244 60.01610 59.76665 59.51398 59.25801 58.99864 58.73577 58.46930 58.19913 57.92513 57.64722 57.36526 57.07915 56.78876 56.49396 56.19464 55.89065 55.58186 55.26814 54.94933 54.62529 54.29587 53.96091 53.62025 53.27372 52.92115 52.56236 52.19717 51.82539 51.44683 51.06130 50.66858 50.26846 49.86074 49.44519 49.02157 48.58966 48.14921 47.69998 47.24172 46.77415 46.29702 45.81005 45.31297 44.80549 44.28732 43.75816 43.21771 42.66567 42.10172 41.52556 40.93685 40.33529 39.72054 39.09229 38.45021 37.79398 37.12328 36.43779 35.73721 35.02122 34.28955 33.54190 32.77800 31.99761 31.20049 30.38643 29.55525 28.70677 27.84089 26.95749 26.05653 25.13800 24.20193 23.24840 22.27755 21.28956 20.28470 19.26328 18.22567 17.17233 16.10377 15.02058 13.92343 12.81305 11.69024 10.55587 9.41089 8.25629 7.09313 5.92254 4.74568 3.56374 2.37797 1.18963 0.00000 
100.00000 99.52650 99.05346 98.58133 98.11057 97.64161 97.17488 96.71080 96.24975 95.79211 95.33823 94.88844 94.44304 94.00231 93.56650 93.13584 92.71052 92.29073 91.87660 91.46825 91.06580 90.66931 90.27884 89.89443 89.51608 89.14381 88.77759 88.41739 88.06316 87.71485 87.37240 87.03571 86.70471 86.37931 86.05940 85.74488 85.43564 85.13157 84.83256 84.53848 84.24922 83.96465 83.68467 83.40913 83.13794 82.87095 82.60807 82.34916 82.09411 81.84281 81.59515 81.35100 81.11027 80.87285 80.63862 80.40749 80.17936 79.95413 79.73169 79.51197 79.29485 79.08027 78.86811 78.65831 78.45078 78.24543 78.04219 77.84097 77.64171 77.44433 77.24875 77.05491 76.86273 76.67216 76.48312 76.29554 76.10938 75.92456 75.74102 75.55872 75.37758 75.19755 75.01859 74.84062 74.66361 74.48750 74.31224 74.13777 73.96405 73.79103 73.61866 73.44690 73.27569 73.10500 72.93477 72.76497 72.59554 72.42645 72.25765 72.08910 71.92075 71.75257 71.58451 71.41653 71.24859 71.08064 70.91266 70.74459 70.57639 70.40803 70.23946 70.07065 69.90155 69.73212 69.56233 69.39212 69.22147 69.05032 68.87864 68.70639 68.53352 68.35999 68.18577 68.01080 67.83504 67.65845 67.48099 67.30262 67.12327 66.94292 66.76152 66.57901 66.39536 66.21051 66.02441 65.83702 65.64828 65.45815 65.26656 65.07348 64.87884 64.68259 64.48467 64.28503 64.08361 63.88035 63.67518 63.46806 63.25890 63.04765 62.83425 62.61861 62.40069 62.18039 61.95766 61.73241 61.50457 61.27406 61.04081 60.80472 60.56571 60.32370 60.07860 59.83032 59.57875 59.32381 59.06539 58.80339 58.53771 58.26824 57.99487 57.71747 57.43594 57.15015 56.85997 56.56528 56.26594 55.96182 55.65278 55.33866 55.01932 54.69460 54.36435 54.02840 53.68658 53.33871 52.98462 52.62412 52.25701 51.88311 51.50221 51.11409 50.71855 50.31535 49.90428 49.48510 49.05756 48.62141 48.17641 47.72228 47.25876 46.78558 46.30243 45.80905 45.30512 44.79035 44.26443 43.72703 43.17783 42.61652 42.04274 41.45617 40.85647 40.24328 39.61627 38.97509 38.31938 37.64880 36.96302 36.26168 35.54446 34.81104 34.06109 33.29433 32.51046 31.70921 30.89035 30.05365 29.19893 28.32601 27.43478 26.52514 25.59707 24.65057 23.68569 22.70255 21.70133 20.68227 19.64567 18.59192 17.52146 16.43483 15.33263 14.21555 13.08434 11.93986 10.78302 9.61482 8.43632 7.24865 6.05300 4.85061 3.64278 2.43082 1.21610 0.00000 
100.00000 99.51883 99.03816 98.55847 98.08025 97.60398 97.13010 96.65906 96.19129 95.72717 95.26709 94.81139 94.36039 93.91439 93.47364 93.03837 92.60880 92.18509 91.76740 91.35585 90.95053 90.55152 90.15886 89.77257 89.39268 89.01916 88.65199 88.29112 87.93650 87.58805 87.24571 86.90937 86.57894 86.25432 85.93539 85.62204 85.31415 85.01159 84.71424 84.42198 84.13466 83.85217 83.57437 83.30114 83.03235 82.76786 82.50755 82.25131 81.99900 81.75050 81.50571 81.26449 81.02673 80.79233 80.56118 80.33316 80.10817 79.88612 79.66689 79.45040 79.23655 79.02525 78.81640 78.60992 78.40572 78.20372 78.00384 77.80600 77.61012 77.41613 77.22395 77.03352 76.84475 76.65759 76.47197 76.28782 76.10508 75.92369 75.74358 75.56471 75.38700 75.21041 75.03488 74.86035 74.68677 74.51409 74.34226 74.17123 74.00095 73.83137 73.66244 73.49411 73.32634 73.15909 72.99231 72.82595 72.65996 72.49432 72.32897 72.16387 71.99897 71.83425 71.66965 71.50513 71.34066 71.17619 71.01168 70.84709 70.68239 70.51752 70.35246 70.18715 70.02157 69.85566 69.68940 69.52273 69.35563 69.18804 69.01993 68.85125 68.68197 68.51205 68.34143 68.17009 67.99797 67.82503 67.65124 67.47654 67.30089 67.12425 66.94657 66.76780 66.58790 66.40682 66.22452 66.04094 65.85603 65.66974 65.48202 65.29282 65.10209 64.90977 64.71580 64.52013 64.32270 64.12345 63.92233 63.71926 63.51419 63.30705 63.09778 62.88630 62.67256 62.45647 62.23797 62.01699 61.79344 61.56724 61.33832 61.10660 60.87199 60.63440 60.39375 60.14993 59.90287 59.65245 59.39859 59.14117 58.88010 58.61525 58.34653 58.07382 57.79699 57.51592 57.23049 56.94057 56.64602 56.34671 56.04249 55.73321 55.41872 55.09887 54.77349 54.44242 54.10548 53.76250 53.41330 53.05767 52.69544 52.32639 51.95033 51.56703 51.17628 50.77784 50.37149 49.95698 49.53406 49.10247 48.66196 48.21224 47.75305 47.28408 46.80506 46.31567 45.81560 45.30455 44.78217 44.24814 43.70212 43.14377 42.57272 41.98863 41.39113 40.77985 40.15443 39.51448 38.85965 38.18954 37.50380 36.80204 36.08391 35.34905 34.59711 33.82776 33.04068 32.23555 31.41211 30.57009 29.70927 28.82945 27.93046 27.01219 26.07457 25.11758 24.14123 23.14564 22.13094 21.09737 20.04523 18.97488 17.88678 16.78146 15.65956 14.52178 13.36891 12.20184 11.02154 9.82906 8.62553 7.41215 6.19019 4.96099 3.72593 2.48643 1.24396 0.00000 
100.00000 99.51067 99.02187 98.53414 98.04799 97.56394 97.08247 96.60406 96.12917 95.65821 95.19158 94.72965 94.27276 93.82121 93.37528 92.93521 92.50120 92.07344 91.65207 91.23722 90.82896 90.42737 90.03249 89.64434 89.26290 88.88816 88.52008 88.15860 87.80366 87.45516 87.11301 86.77712 86.44737 86.12364 85.80581 85.49375 85.18732 84.88640 84.59085 84.30052 84.01528 83.73499 83.45952 83.18871 82.92245 82.66058 82.40299 82.14952 81.90007 81.65450 81.41269 81.17451 80.93984 80.70858 80.48060 80.25579 80.03406 79.81528 79.59936 79.38620 79.17571 78.96777 78.76231 78.55924 78.35846 78.15990 77.96346 77.76907 77.57665 77.38612 77.19741 77.01045 76.82517 76.64149 76.45935 76.27869 76.09943 75.92153 75.74491 75.56953 75.39531 75.22221 75.05016 74.87912 74.70903 74.53984 74.37150 74.20395 74.03715 73.87106 73.70561 73.54077 73.37649 73.21272 73.04942 72.88655 72.72405 72.56190 72.40004 72.23843 72.07703 71.91581 71.75471 71.59370 71.43273 71.27178 71.11079 70.94972 70.78854 70.62721 70.46569 70.30393 70.14190 69.97956 69.81687 69.65378 69.49027 69.32628 69.16178 68.99672 68.83107 68.66479 68.49783 68.33015 68.16171 67.99247 67.82239 67.65141 67.47950 67.30661 67.13270 66.95772 66.78163 66.60437 66.42591 66.24618 66.06515 65.88276 65.69896 65.51371 65.32693 65.13859 64.94863 64.75699 64.56361 64.36844 64.17141 63.97247 63.77155 63.56858 63.36351 63.15626 62.94677 62.73497 62.52078 62.30413 62.08494 61.86314 61.63865 61.41138 61.18124 60.94816 60.71205 60.47280 60.23033 59.98455 59.73534 59.48261 59.22625 58.96615 58.70220 58.43428 58.16228 57.88606 57.60551 57.32049 57.03087 56.73651 56.43726 56.13297 55.82349 55.50866 55.18833 54.86231 54.53043 54.19252 53.84839 53.49784 53.14068 52.77670 52.40569 52.02743 51.64169 51.24825 50.84686 50.43727 50.01922 49.59246 49.15671 48.71168 48.25710 47.79266 47.31805 46.83297 46.33708 45.83006 45.31156 44.78124 44.23875 43.68371 43.11575 42.53450 41.93957 41.33057 40.70711 40.06878 39.41518 38.74592 38.06058 37.35877 36.64009 35.90414 35.15055 34.37893 33.58893 32.78021 31.95245 31.10534 30.23862 29.35204 28.44542 27.51860 26.57145 25.60393 24.61603 23.60782 22.57943 21.53105 20.46298 19.37558 18.26930 17.14469 16.00237 14.84309 13.66768 12.47706 11.27224 10.05435 8.82458 7.58422 6.33463 5.07723 3.81352 2.54502 1.27332 0.00000 
100.00000 99.50197 99.00452 98.50822 98.01364 97.52131 97.03178 96.54555 96.06311 95.58491 95.11136 94.64287 94.17978 93.72242 93.27107 92.82598 92.38736 91.95540 91.53023 91.11198 90.70072 90.29652 89.89940 89.50938 89.12642 88.75051 88.38158 88.01956 87.66437 87.31591 86.97407 86.63873 86.30977 85.98706 85.67045 85.35981 85.05499 84.75585 84.46222 84.17398 83.89095 83.61301 83.33999 83.07175 82.80815 82.54904 82.29428 82.04373 81.79727 81.55474 81.31603 81.08101 80.84955 80.62154 80.39684 80.17536 79.95698 79.74158 79.52907 79.31934 79.11229 78.90783 78.70585 78.50627 78.30900 78.11394 77.92103 77.73017 77.54128 77.35430 77.16913 76.98571 76.80398 76.62385 76.44526 76.26814 76.09244 75.91809 75.74502 75.57318 75.40251 75.23295 75.06445 74.89695 74.73040 74.56474 74.39994 74.23592 74.07266 73.91009 73.74818 73.58687 73.42612 73.26588 73.10611 72.94677 72.78780 72.62918 72.47085 72.31278 72.15492 71.99724 71.83968 71.68222 71.52480 71.36740 71.20997 71.05246 70.89486 70.73710 70.57916 70.42099 70.26255 70.10382 69.94474 69.78527 69.62538 69.46503 69.30418 69.14279 68.98081 68.81821 68.65495 68.49098 68.32626 68.16076 67.99442 67.82722 67.65909 67.49000 67.31991 67.14876 66.97652 66.80313 66.62855 66.45274 66.27564 66.09720 65.91737 65.73610 65.55334 65.36904 65.18314 64.99558 64.80632 64.61528 64.42241 64.22766 64.03095 63.83222 63.63142 63.42847 63.22331 63.01585 62.80605 62.59381 62.37907 62.16174 61.94175 61.71901 61.49345 61.26497 61.03348 60.79890 60.56112 60.32006 60.07561 59.82767 59.57614 59.32089 59.06183 58.79883 58.53178 58.26054 57.98500 57.70502 57.42047 57.13119 56.83706 56.53792 56.23361 55.92397 55.60884 55.28805 54.96142 54.62876 54.28990 53.94462 53.59274 53.23404 52.86830 52.49530 52.11482 51.72661 51.33043 50.92601 50.51311 50.09144 49.66073 49.22069 48.77101 48.31139 47.84152 47.36106 46.86969 46.36704 45.85278 45.32653 44.78792 44.23656 43.67207 43.09405 42.50208 41.89575 41.27465 40.63834 39.98639 39.31837 38.63385 37.93238 37.21353 36.47688 35.72200 34.94848 34.15591 33.34392 32.51212 31.66019 30.78781 29.89469 28.98060 28.04532 27.08871 26.11066 25.11115 24.09019 23.04789 21.98443 20.90007 19.79517 18.67016 17.52561 16.36215 15.18055 13.98166 12.76646 11.53602 10.29152 9.03423 7.76553 6.48687 5.19979 3.90589 2.60682 1.30428 0.00000 
100.00000 99.49270 98.98602 98.48059 97.97702 97.47590 96.97779 96.48326 95.99282 95.50694 95.02609 94.55068 94.08108 93.61762 93.16060 92.71028 92.26687 91.83056 91.40148 90.97975 90.56543 90.15859 89.75923 89.36734 88.98291 88.60587 88.23616 87.87369 87.51835 87.17003 86.82862 86.49396 86.16593 85.84437 85.52913 85.22006 84.91699 84.61977 84.32823 84.04221 83.76155 83.48610 83.21568 82.95015 82.68936 82.43314 82.18136 81.93387 81.69052 81.45117 81.21569 80.98395 80.75582 80.53117 80.30988 80.09183 79.87691 79.66501 79.45601 79.24980 79.04630 78.84539 78.64699 78.45099 78.25731 78.06585 77.87654 77.68929 77.50402 77.32065 77.13910 76.95930 76.78118 76.60467 76.42969 76.25619 76.08410 75.91336 75.74390 75.57566 75.40859 75.24263 75.07773 74.91382 74.75086 74.58880 74.42758 74.26715 74.10747 73.94848 73.79015 73.63241 73.47524 73.31857 73.16238 73.00661 72.85122 72.69617 72.54142 72.38692 72.23264 72.07854 71.92456 71.77069 71.61686 71.46305 71.30922 71.15532 71.00132 70.84718 70.69285 70.53831 70.38351 70.22842 70.07299 69.91718 69.76096 69.60429 69.44713 69.28944 69.13117 68.97230 68.81277 68.65256 68.49161 68.32988 68.16734 68.00394 67.83964 67.67440 67.50816 67.34090 67.17255 67.00308 66.83244 66.66058 66.48746 66.31302 66.13721 65.95999 65.78130 65.60109 65.41931 65.23589 65.05079 64.86395 64.67531 64.48480 64.29237 64.09795 63.90148 63.70289 63.50212 63.29910 63.09375 62.88600 62.67577 62.46300 62.24760 62.02948 61.80857 61.58478 61.35801 61.12819 60.89520 60.65897 60.41938 60.17634 59.92973 59.67946 59.42540 59.16744 58.90546 58.63933 58.36893 58.09412 57.81478 57.53074 57.24188 56.94804 56.64905 56.34477 56.03502 55.71964 55.39843 55.07122 54.73781 54.39802 54.05162 53.69841 53.33817 52.97067 52.59568 52.21294 51.82222 51.42325 51.01576 50.59947 50.17409 49.73932 49.29486 48.84039 48.37558 47.90009 47.41356 46.91565 46.40598 45.88417 45.34983 44.80255 44.24193 43.66754 43.07895 42.47572 41.85740 41.22354 40.57367 39.90733 39.22405 38.52336 37.80478 37.06785 36.31210 35.53707 34.74232 33.92742 33.09194 32.23550 31.35774 30.45832 29.53695 28.59338 27.62740 26.63887 25.62771 24.59391 23.53752 22.45871 21.35771 20.23485 19.09057 17.92543 16.74007 15.53528 14.31196 13.07110 11.81386 10.54147 9.25529 7.95679 6.64753 5.32917 4.00342 2.67208 1.33698 0.00000 
100.00000 99.48280 98.96628 98.45111 97.93795 97.42746 96.92024 96.41688 95.91795 95.42396 94.93539 94.45268 93.97623 93.50638 93.04344 92.58767 92.13929 91.69848 91.26538 90.84009 90.42267 90.01316 89.61157 89.21786 88.83200 88.45391 88.08350 87.72068 87.36531 87.01727 86.67641 86.34258 86.01562 85.69537 85.38165 85.07430 84.77315 84.47801 84.18871 83.90508 83.62695 83.35414 83.08649 82.82383 82.56599 82.31282 82.06416 81.81986 81.57976 81.34373 81.11162 80.88329 80.65861 80.43745 80.21968 80.00518 79.79383 79.58552 79.38014 79.17757 78.97771 78.78046 78.58572 78.39339 78.20339 78.01562 77.83000 77.64644 77.46486 77.28518 77.10732 76.93121 76.75678 76.58395 76.41266 76.24283 76.07442 75.90735 75.74155 75.57698 75.41357 75.25127 75.09001 74.92975 74.77044 74.61201 74.45443 74.29764 74.14158 73.98622 73.83151 73.67740 73.52384 73.37080 73.21822 73.06607 72.91430 72.76286 72.61173 72.46085 72.31019 72.15970 72.00936 71.85910 71.70891 71.55873 71.40853 71.25828 71.10792 70.95743 70.80677 70.65589 70.50477 70.35335 70.20161 70.04951 69.89700 69.74404 69.59061 69.43666 69.28215 69.12704 68.97129 68.81487 68.65772 68.49982 68.34112 68.18157 68.02114 67.85978 67.69746 67.53411 67.36971 67.20421 67.03755 66.86970 66.70060 66.53021 66.35848 66.18535 66.01078 65.83472 65.65711 65.47789 65.29702 65.11443 64.93006 64.74387 64.55577 64.36573 64.17366 63.97950 63.78320 63.58467 63.38385 63.18066 62.97504 62.76689 62.55616 62.34275 62.12657 61.90756 61.68561 61.46063 61.23254 61.00123 60.76661 60.52857 60.28701 60.04181 59.79287 59.54007 59.28328 59.02239 58.75727 58.48777 58.21377 57.93512 57.65168 57.36329 57.06980 56.77104 56.46685 56.15704 55.84145 55.51987 55.19213 54.85801 54.51731 54.16981 53.81530 53.45353 53.08427 52.70727 52.32227 51.92901 51.52721 51.11658 50.69683 50.26765 49.82873 49.37973 48.92031 48.45014 47.96883 47.47602 46.97133 46.45435 45.92468 45.38189 44.82556 44.25523 43.67046 43.07077 42.45569 41.82474 41.17742 40.51324 39.83167 39.13223 38.41439 37.67764 36.92148 36.14539 35.34889 34.53149 33.69272 32.83214 31.94933 31.04390 30.11551 29.16384 28.18863 27.18970 26.16691 25.12020 24.04958 22.95518 21.83720 20.69595 19.53185 18.34546 17.13743 15.90856 14.65978 13.39214 12.10684 10.80520 9.48867 8.15881 6.81730 5.46593 4.10655 2.74110 1.37157 0.00000 
100.00000 99.47222 98.94518 98.41961 97.89623 97.37574 96.85881 96.34608 95.83814 95.33555 94.83883 94.34843 93.86477 93.38822 92.91910 92.45766 92.00414 91.55870 91.12148 90.69256 90.27201 89.85983 89.45602 89.06054 88.67332 88.29426 87.92327 87.56021 87.20494 86.85732 86.51716 86.18432 85.85860 85.53982 85.22780 84.92235 84.62328 84.33040 84.04352 83.76246 83.48702 83.21703 82.95231 82.69267 82.43795 82.18798 81.94260 81.70164 81.46495 81.23237 81.00376 80.77897 80.55788 80.34033 80.12621 79.91538 79.70772 79.50312 79.30146 79.10262 78.90651 78.71301 78.52204 78.33348 78.14725 77.96325 77.78140 77.60161 77.42380 77.24788 77.07379 76.90144 76.73077 76.56169 76.39415 76.22807 76.06339 75.90005 75.73799 75.57714 75.41744 75.25885 75.10130 74.94475 74.78913 74.63439 74.48049 74.32738 74.17500 74.02332 73.87228 73.72183 73.57194 73.42256 73.27364 73.12515 72.97704 72.82926 72.68179 72.53457 72.38756 72.24074 72.09405 71.94746 71.80094 71.65443 71.50791 71.36133 71.21466 71.06787 70.92090 70.77373 70.62631 70.47862 70.33061 70.18224 70.03347 69.88428 69.73462 69.58444 69.43372 69.28242 69.13049 68.97790 68.82460 68.67056 68.51574 68.36009 68.20357 68.04614 67.88776 67.72839 67.56798 67.40648 67.24386 67.08006 66.91503 66.74874 66.58113 66.41216 66.24176 66.06990 65.89651 65.72155 65.54496 65.36668 65.18665 65.00483 64.82114 64.63552 64.44792 64.25827 64.06649 63.87253 63.67631 63.47777 63.27682 63.07339 62.86740 62.65877 62.44743 62.23327 62.01623 61.79620 61.57309 61.34681 61.11725 60.88432 60.64791 60.40791 60.16421 59.91668 59.66522 59.40969 59.14997 58.88593 58.61742 58.34430 58.06643 57.78366 57.49582 57.20275 56.90428 56.60024 56.29044 55.97470 55.65281 55.32458 54.98980 54.64824 54.29968 53.94388 53.58060 53.20959 52.83059 52.44331 52.04749 51.64282 51.22901 50.80573 50.37267 49.92948 49.47582 49.01131 48.53560 48.04828 47.54896 47.03723 46.51265 45.97478 45.42318 44.85737 44.27688 43.68121 43.06986 42.44231 41.79804 41.13651 40.45718 39.75950 39.04291 38.30685 37.55078 36.77413 35.97636 35.15692 34.31531 33.45101 32.56354 31.65246 30.71734 29.75783 28.77360 27.76440 26.73003 25.67039 24.58543 23.47523 22.33996 21.17989 19.99544 18.78713 17.55563 16.30175 15.02646 13.73084 12.41617 11.08383 9.73537 8.37248 6.99695 5.61070 4.21575 2.81420 1.40821 0.00000 
100.00000 99.46090 98.92260 98.38591 97.85162 97.32047 96.79319 96.27048 95.75298 95.24128 94.73594 94.23744 93.74621 93.26265 92.78707 92.31975 91.86090 91.41070 90.96926 90.53667 90.11296 89.69813 89.29215 88.89496 88.50647 88.12656 87.75510 87.39195 87.03694 86.68989 86.35062 86.01893 85.69464 85.37752 85.06739 84.76403 84.46723 84.17680 83.89253 83.61421 83.34165 83.07466 82.81303 82.55660 82.30517 82.05857 81.81662 81.57915 81.34601 81.11704 80.89208 80.67098 80.45360 80.23980 80.02944 79.82240 79.61855 79.41777 79.21995 79.02496 78.83269 78.64305 78.45594 78.27124 78.08887 77.90873 77.73074 77.55480 77.38084 77.20877 77.03852 76.87001 76.70316 76.53791 76.37418 76.21191 76.05103 75.89149 75.73321 75.57614 75.42022 75.26539 75.11160 74.95880 74.80693 74.65593 74.50577 74.35639 74.20774 74.05977 73.91245 73.76572 73.61953 73.47386 73.32864 73.18385 73.03944 72.89536 72.75159 72.60806 72.46476 72.32164 72.17865 72.03577 71.89295 71.75015 71.60734 71.46448 71.32154 71.17847 71.03524 70.89181 70.74814 70.60420 70.45996 70.31536 70.17038 70.02499 69.87913 69.73277 69.58589 69.43843 69.29036 69.14164 68.99223 68.84209 68.69118 68.53947 68.38691 68.23345 68.07907 67.92371 67.76733 67.60989 67.45134 67.29164 67.13074 66.96860 66.80516 66.64038 66.47421 66.30660 66.13749 65.96684 65.79459 65.62068 65.44505 65.26766 65.08843 64.90731 64.72424 64.53915 64.35198 64.16266 63.97111 63.77728 63.58108 63.38243 63.18128 62.97752 62.77108 62.56188 62.34983 62.13484 61.91681 61.69566 61.47127 61.24356 61.01241 60.77771 60.53936 60.29724 60.05122 59.80119 59.54701 59.28855 59.02567 58.75823 58.48609 58.20909 57.92706 57.63985 57.34729 57.04920 56.74539 56.43567 56.11985 55.79772 55.46906 55.13367 54.79130 54.44171 54.08467 53.71991 53.34717 52.96617 52.57661 52.17821 51.77065 51.35360 50.92674 50.48971 50.04216 49.58371 49.11397 48.63254 48.13901 47.63294 47.11390 46.58141 46.03501 45.47420 44.89849 44.30734 43.70023 43.07661 42.43592 41.77759 41.10104 40.40567 39.69088 38.95608 38.20065 37.42399 36.62548 35.80455 34.96059 34.09304 33.20137 32.28504 31.34357 30.37654 29.38355 28.36426 27.31844 26.24589 25.14652 24.02036 22.86751 21.68822 20.48288 19.25198 17.99620 16.71636 15.41345 14.08861 12.74316 11.37858 9.99652 8.59878 7.18731 5.76416 4.33154 2.89173 1.44708 0.00000 
100.00000 99.44877 98.89842 98.34983 97.80386 97.26132 96.72301 96.18968 95.66201 95.14066 94.62621 94.11916 93.61999 93.12909 92.64679 92.17336 91.70902 91.25393 90.80821 90.37190 89.94503 89.52758 89.11950 88.72068 88.33103 87.95040 87.57863 87.21555 86.86097 86.51469 86.17649 85.84616 85.52349 85.20824 84.90020 84.59913 84.30482 84.01704 83.73557 83.46020 83.19071 82.92691 82.66858 82.41553 82.16756 81.92450 81.68615 81.45235 81.22292 80.99770 80.77653 80.55926 80.34574 80.13581 79.92936 79.72624 79.52632 79.32948 79.13560 78.94456 78.75626 78.57058 78.38741 78.20667 78.02825 77.85207 77.67802 77.50602 77.33599 77.16785 77.00151 76.83691 76.67396 76.51260 76.35275 76.19436 76.03735 75.88166 75.72722 75.57399 75.42190 75.27090 75.12092 74.97192 74.82385 74.67665 74.53027 74.38466 74.23979 74.09559 73.95202 73.80905 73.66662 73.52469 73.38323 73.24218 73.10151 72.96117 72.82113 72.68135 72.54178 72.40240 72.26315 72.12401 71.98493 71.84588 71.70683 71.56772 71.42854 71.28923 71.14977 71.01012 70.87024 70.73010 70.58966 70.44887 70.30772 70.16615 70.02414 69.88164 69.73862 69.59505 69.45087 69.30606 69.16058 69.01439 68.86744 68.71971 68.57114 68.42170 68.27135 68.12005 67.96774 67.81440 67.65998 67.50442 67.34769 67.18974 67.03053 66.87000 66.70810 66.54480 66.38002 66.21373 66.04587 65.87639 65.70522 65.53232 65.35761 65.18106 65.00258 64.82212 64.63962 64.45500 64.26820 64.07915 63.88778 63.69400 63.49775 63.29895 63.09751 62.89335 62.68638 62.47652 62.26367 62.04774 61.82863 61.60623 61.38045 61.15117 60.91829 60.68169 60.44124 60.19683 59.94832 59.69558 59.43848 59.17687 58.91061 58.63954 58.36349 58.08232 57.79583 57.50387 57.20624 56.90274 56.59319 56.27737 55.95507 55.62607 55.29013 54.94701 54.59646 54.23822 53.87202 53.49757 53.11459 52.72276 52.32177 51.91129 51.49097 51.06047 50.61940 50.16739 49.70403 49.22891 48.74159 48.24164 47.72859 47.20195 46.66124 46.10594 45.53552 44.94943 44.34711 43.72798 43.09144 42.43690 41.76371 41.07126 40.35888 39.62594 38.87176 38.09568 37.29704 36.47519 35.62946 34.75921 33.86384 32.94275 31.99538 31.02121 30.01978 28.99067 27.93357 26.84820 25.73442 24.59216 23.42150 22.22262 20.99586 19.74172 18.46084 17.15405 15.82237 14.46698 13.08927 11.69081 10.27335 8.83883 7.38933 5.92711 4.45454 2.97410 1.48838 0.00000 
100.00000 99.43576 98.87248 98.31114 97.75266 97.19794 96.64785 96.10320 95.56474 95.03315 94.50906 93.99302 93.48550 92.98693 92.49763 92.01788 91.54789 91.08781 90.63773 90.19769 89.76769 89.34767 88.93756 88.53725 88.14658 87.76538 87.39348 87.03066 86.67671 86.33139 85.99449 85.66574 85.34491 85.03176 84.72603 84.42748 84.13587 83.85097 83.57252 83.30031 83.03410 82.77368 82.51884 82.26936 82.02505 81.78571 81.55114 81.32117 81.09562 80.87431 80.65709 80.44380 80.23427 80.02837 79.82595 79.62687 79.43101 79.23823 79.04841 78.86144 78.67720 78.49558 78.31647 78.13979 77.96541 77.79326 77.62325 77.45527 77.28926 77.12512 76.96277 76.80215 76.64317 76.48577 76.32988 76.17542 76.02234 75.87057 75.72004 75.57071 75.42250 75.27537 75.12927 74.98413 74.83990 74.69654 74.55399 74.41221 74.27116 74.13077 73.99101 73.85184 73.71321 73.57507 73.43739 73.30013 73.16324 73.02668 72.89042 72.75441 72.61862 72.48302 72.34755 72.21219 72.07689 71.94163 71.80636 71.67105 71.53566 71.40016 71.26451 71.12867 70.99261 70.85630 70.71969 70.58276 70.44546 70.30777 70.16964 70.03103 69.89192 69.75226 69.61202 69.47116 69.32965 69.18744 69.04449 68.90077 68.75624 68.61086 68.46459 68.31738 68.16920 68.02000 67.86974 67.71838 67.56587 67.41216 67.25722 67.10098 66.94341 66.78446 66.62407 66.46220 66.29879 66.13378 65.96713 65.79877 65.62866 65.45672 65.28290 65.10714 64.92937 64.74953 64.56755 64.38335 64.19688 64.00805 63.81679 63.62302 63.42665 63.22762 63.02583 62.82119 62.61361 62.40300 62.18926 61.97229 61.75199 61.52824 61.30095 61.06998 60.83523 60.59656 60.35386 60.10699 59.85581 59.60017 59.33994 59.07496 58.80506 58.53008 58.24986 57.96421 57.67295 57.37588 57.07280 56.76351 56.44779 56.12541 55.79614 55.45973 55.11594 54.76449 54.40511 54.03751 53.66140 53.27647 52.88238 52.47881 52.06540 51.64178 51.20759 50.76241 50.30585 49.83746 49.35682 48.86344 48.35686 47.83658 47.30207 46.75280 46.18822 45.60775 45.01080 44.39675 43.76498 43.11484 42.44566 41.75676 41.04745 40.31703 39.56476 38.78994 37.99183 37.16970 36.32283 35.45051 34.55204 33.62674 32.67398 31.69314 30.68368 29.64509 28.57695 27.47893 26.35079 25.19238 24.00370 22.78489 21.53624 20.25819 18.95138 17.61664 16.25499 14.86767 13.45613 12.02204 10.56725 9.09384 7.60408 6.10040 4.58539 3.06176 1.53234 0.00000 
100.00000 99.42177 98.84462 98.26958 97.69769 97.12994 96.56726 96.01054 95.46058 94.91814 94.38387 93.85835 93.34208 92.83549 92.33892 91.85264 91.37686 90.91169 90.45721 90.01344 89.58035 89.15786 88.74584 88.34416 87.95264 87.57107 87.19924 86.83690 86.48380 86.13970 85.80432 85.47740 85.15867 84.84785 84.54469 84.24890 83.96023 83.67843 83.40324 83.13441 82.87170 82.61489 82.36374 82.11804 81.87757 81.64214 81.41153 81.18557 80.96407 80.74684 80.53373 80.32456 80.11918 79.91744 79.71919 79.52429 79.33261 79.14401 78.95838 78.77558 78.59552 78.41806 78.24312 78.07058 77.90035 77.73233 77.56643 77.40257 77.24065 77.08059 76.92231 76.76575 76.61082 76.45744 76.30557 76.15511 76.00602 75.85823 75.71167 75.56629 75.42203 75.27883 75.13664 74.99541 74.85509 74.71562 74.57695 74.43905 74.30185 74.16533 74.02942 73.89409 73.75930 73.62499 73.49114 73.35770 73.22463 73.09190 72.95945 72.82726 72.69529 72.56350 72.43184 72.30030 72.16882 72.03738 71.90593 71.77445 71.64289 71.51123 71.37942 71.24744 71.11524 70.98279 70.85006 70.71701 70.58361 70.44982 70.31560 70.18093 70.04576 69.91006 69.77380 69.63692 69.49941 69.36122 69.22231 69.08265 68.94220 68.80092 68.65876 68.51570 68.37168 68.22666 68.08061 67.93349 67.78524 67.63582 67.48519 67.33330 67.18011 67.02556 66.86961 66.71220 66.55329 66.39282 66.23074 66.06699 65.90152 65.73427 65.56517 65.39417 65.22120 65.04620 64.86910 64.68984 64.50834 64.32453 64.13833 63.94967 63.75847 63.56465 63.36812 63.16880 62.96658 62.76139 62.55313 62.34169 62.12697 61.90887 61.68727 61.46206 61.23313 61.00034 60.76358 60.52270 60.27758 60.02807 59.77402 59.51529 59.25170 58.98310 58.70932 58.43017 58.14546 57.85502 57.55863 57.25608 56.94716 56.63164 56.30929 55.97985 55.64307 55.29869 54.94642 54.58597 54.21705 53.83933 53.45248 53.05617 52.65003 52.23369 51.80676 51.36883 50.91949 50.45829 49.98477 49.49845 48.99884 48.48542 47.95765 47.41497 46.85681 46.28255 45.69158 45.08325 44.45689 43.81182 43.14732 42.46268 41.75715 41.02995 40.28033 39.50749 38.71063 37.88896 37.04166 36.16796 35.26706 34.33821 33.38065 32.39370 31.37670 30.32905 29.25023 28.13980 26.99741 25.82286 24.61604 23.37702 22.10601 20.80342 19.46985 18.10613 16.71328 15.29259 13.84556 12.37395 10.87976 9.36521 7.83275 6.28502 4.72486 3.15522 1.57922 0.00000 
100.00000 99.40673 98.81463 98.22487 97.63859 97.05686 96.48071 95.91111 95.34892 94.79496 94.24992 93.71442 93.18898 92.67403 92.16993 91.67692 91.19520 90.72487 90.26598 89.81852 89.38242 88.95756 88.54379 88.14093 87.74875 87.36703 86.99550 86.63389 86.28191 85.93928 85.60570 85.28088 84.96451 84.65630 84.35596 84.06319 83.77773 83.49928 83.22759 82.96238 82.70341 82.45043 82.20320 81.96148 81.72507 81.49374 81.26729 81.04552 80.82824 80.61526 80.40642 80.20154 80.00046 79.80303 79.60909 79.41850 79.23113 79.04684 78.86550 78.68700 78.51122 78.33804 78.16736 77.99907 77.83308 77.66928 77.50759 77.34792 77.19017 77.03428 76.88015 76.72771 76.57690 76.42762 76.27983 76.13345 75.98841 75.84465 75.70212 75.56075 75.42049 75.28128 75.14307 75.00580 74.86942 74.73389 74.59916 74.46517 74.33189 74.19926 74.06725 73.93581 73.80489 73.67447 73.54449 73.41491 73.28570 73.15682 73.02823 72.89990 72.77178 72.64383 72.51603 72.38834 72.26072 72.13313 72.00555 71.87793 71.75024 71.62245 71.49452 71.36642 71.23811 71.10957 70.98075 70.85162 70.72215 70.59230 70.46204 70.33133 70.20014 70.06843 69.93617 69.80333 69.66986 69.53572 69.40089 69.26533 69.12899 68.99185 68.85385 68.71496 68.57515 68.43436 68.29257 68.14972 68.00578 67.86069 67.71443 67.56693 67.41816 67.26807 67.11660 66.96372 66.80936 66.65348 66.49603 66.33694 66.17617 66.01366 65.84934 65.68316 65.51506 65.34497 65.17283 64.99856 64.82211 64.64339 64.46234 64.27887 64.09292 63.90439 63.71321 63.51929 63.32254 63.12287 62.92017 62.71436 62.50534 62.29299 62.07720 61.85787 61.63488 61.40810 61.17740 60.94267 60.70375 60.46051 60.21280 59.96047 59.70336 59.44131 59.17414 58.90167 58.62373 58.34011 58.05061 57.75503 57.45314 57.14471 56.82952 56.50731 56.17782 55.84078 55.49591 55.14291 54.78149 54.41131 54.03205 53.64336 53.24486 52.83618 52.41692 51.98667 51.54499 51.09143 50.62552 50.14676 49.65464 49.14862 48.62815 48.09264 47.54149 46.97407 46.38972 45.78777 45.16751 44.52822 43.86914 43.18950 42.48849 41.76531 41.01912 40.24905 39.45425 38.63383 37.78691 36.91261 36.01005 35.07837 34.11673 33.12431 32.10037 31.04418 29.95511 28.83261 27.67622 26.48561 25.26059 24.00112 22.70736 21.37963 20.01849 18.62474 17.19943 15.74384 14.25957 12.74845 11.21263 9.65449 8.07668 6.48208 4.87379 3.25506 1.62930 0.00000 
100.00000 99.39050 98.78230 98.17670 97.57493 96.97819 96.38762 95.80425 95.22904 94.66285 94.10643 93.56043 93.02538 92.50173 91.98983 91.48991 91.00215 90.52661 90.06333 89.61224 89.17324 88.74617 88.33083 87.92700 87.53442 87.15280 86.78184 86.42124 86.07067 85.72981 85.39833 85.07590 84.76219 84.45688 84.15965 83.87019 83.58820 83.31339 83.04545 82.78412 82.52913 82.28022 82.03713 81.79963 81.56748 81.34046 81.11836 80.90097 80.68810 80.47955 80.27515 80.07472 79.87809 79.68512 79.49563 79.30949 79.12656 78.94671 78.76980 78.59571 78.42432 78.25553 78.08921 77.92527 77.76361 77.60413 77.44673 77.29134 77.13785 76.98620 76.83629 76.68806 76.54143 76.39633 76.25269 76.11044 75.96951 75.82986 75.69141 75.55411 75.41790 75.28273 75.14854 75.01529 74.88291 74.75137 74.62061 74.49059 74.36126 74.23258 74.10451 73.97700 73.85001 73.72349 73.59742 73.47175 73.34644 73.22146 73.09676 72.97232 72.84809 72.72403 72.60012 72.47631 72.35258 72.22889 72.10520 71.98147 71.85769 71.73380 71.60979 71.48561 71.36123 71.23662 71.11174 70.98657 70.86106 70.73519 70.60891 70.48221 70.35503 70.22736 70.09914 69.97035 69.84096 69.71092 69.58021 69.44878 69.31660 69.18362 69.04983 68.91516 68.77959 68.64307 68.50557 68.36705 68.22745 68.08675 67.94489 67.80183 67.65753 67.51194 67.36501 67.21670 67.06695 66.91571 66.76294 66.60858 66.45256 66.29485 66.13538 65.97408 65.81091 65.64580 65.47867 65.30948 65.13814 64.96459 64.78876 64.61057 64.42994 64.24679 64.06105 63.87262 63.68142 63.48735 63.29033 63.09026 62.88703 62.68054 62.47069 62.25735 62.04042 61.81977 61.59527 61.36681 61.13424 60.89741 60.65620 60.41044 60.15997 59.90463 59.64426 59.37866 59.10767 58.83107 58.54868 58.26028 57.96565 57.66456 57.35677 57.04204 56.72011 56.39070 56.05352 55.70829 55.35468 54.99239 54.62106 54.24034 53.84987 53.44925 53.03808 52.61594 52.18237 51.73693 51.27911 50.80842 50.32433 49.82627 49.31368 48.78595 48.24244 47.68251 47.10547 46.51060 45.89717 45.26441 44.61152 43.93767 43.24202 42.52369 41.78178 41.01535 40.22348 39.40520 38.55953 37.68551 36.78215 35.84849 34.88357 33.88646 32.85628 31.79219 30.69343 29.55930 28.38924 27.18277 25.93958 24.65953 23.34267 21.98924 20.59974 19.17493 17.71583 16.22378 14.70041 13.14767 11.56782 9.96344 8.33740 6.69284 5.03315 3.36193 1.68293 0.00000 
100.00000 99.37297 98.74739 98.12468 97.50624 96.89337 96.28732 95.68924 95.10015 94.52098 93.95253 93.39548 92.85039 92.31770 91.79774 91.29075 90.79686 90.31611 89.84848 89.39387 88.95213 88.52304 88.10637 87.70183 87.30912 86.92790 86.55783 86.19856 85.84973 85.51096 85.18191 84.86219 84.55147 84.24938 83.95557 83.66973 83.39151 83.12061 82.85671 82.59953 82.34878 82.10418 81.86548 81.63242 81.40476 81.18227 80.96473 80.75192 80.54364 80.33970 80.13991 79.94409 79.75208 79.56371 79.37883 79.19728 79.01893 78.84363 78.67127 78.50171 78.33483 78.17053 78.00868 77.84920 77.69196 77.53689 77.38388 77.23285 77.08370 76.93637 76.79076 76.64681 76.50444 76.36357 76.22415 76.08610 75.94935 75.81386 75.67955 75.54638 75.41428 75.28320 75.15309 75.02390 74.89557 74.76807 74.64133 74.51532 74.38999 74.26530 74.14121 74.01767 73.89464 73.77208 73.64996 73.52823 73.40686 73.28581 73.16505 73.04453 72.92422 72.80409 72.68410 72.56422 72.44441 72.32464 72.20488 72.08509 71.96524 71.84529 71.72523 71.60500 71.48458 71.36394 71.24304 71.12185 71.00034 70.87848 70.75623 70.63356 70.51043 70.38682 70.26268 70.13799 70.01271 69.88681 69.76024 69.63298 69.50499 69.37623 69.24667 69.11626 68.98498 68.85277 68.71961 68.58545 68.45025 68.31396 68.17656 68.03798 67.89820 67.75716 67.61481 67.47112 67.32603 67.17949 67.03145 66.88186 66.73066 66.57780 66.42323 66.26689 66.10871 65.94863 65.78660 65.62254 65.45639 65.28808 65.11754 64.94470 64.76947 64.59179 64.41156 64.22872 64.04316 63.85480 63.66355 63.46931 63.27198 63.07147 62.86765 62.66042 62.44967 62.23528 62.01712 61.79506 61.56897 61.33872 61.10414 60.86510 60.62144 60.37300 60.11960 59.86106 59.59720 59.32784 59.05276 58.77176 58.48461 58.19110 57.89097 57.58399 57.26988 56.94838 56.61919 56.28203 55.93657 55.58249 55.21945 54.84709 54.46503 54.07288 53.67022 53.25662 52.83164 52.39479 51.94558 51.48349 51.00797 50.51846 50.01435 49.49503 48.95982 48.40807 47.83904 47.25200 46.64616 46.02072 45.37485 44.70765 44.01823 43.30565 42.56894 41.80711 41.01913 40.20395 39.36052 38.48775 37.58457 36.64987 35.68260 34.68168 33.64611 32.57489 31.46711 30.32194 29.13866 27.91664 26.65544 25.35476 24.01454 22.63492 21.21630 19.75940 18.26520 16.73505 15.17063 13.57399 11.94754 10.29405 8.61663 6.91873 5.20406 3.47659 1.74047 0.00000 
100.00000 99.35399 98.70959 98.06841 97.43196 96.80173 96.17907 95.56523 94.96134 94.36839 93.78723 93.21857 92.66299 92.12092 91.59269 91.07849 90.57843 90.09249 89.62062 89.16264 88.71836 88.28750 87.86978 87.46483 87.07232 86.69185 86.32302 85.96545 85.61871 85.28241 84.95614 84.63951 84.33211 84.03358 83.74354 83.46163 83.18750 82.92082 82.66126 82.40851 82.16227 81.92225 81.68819 81.45981 81.23687 81.01913 80.80636 80.59833 80.39484 80.19569 80.00070 79.80967 79.62243 79.43882 79.25869 79.08187 78.90823 78.73763 78.56994 78.40503 78.24278 78.08307 77.92580 77.77087 77.61816 77.46758 77.31905 77.17247 77.02775 76.88481 76.74358 76.60398 76.46594 76.32938 76.19424 76.06045 75.92795 75.79667 75.66657 75.53758 75.40964 75.28271 75.15672 75.03164 74.90741 74.78399 74.66132 74.53937 74.41809 74.29743 74.17736 74.05783 73.93880 73.82024 73.70211 73.58436 73.46696 73.34988 73.23308 73.11652 73.00018 72.88400 72.76797 72.65205 72.53620 72.42039 72.30459 72.18876 72.07288 71.95691 71.84082 71.72458 71.60816 71.49152 71.37463 71.25746 71.13998 71.02216 70.90396 70.78536 70.66632 70.54680 70.42678 70.30622 70.18509 70.06335 69.94097 69.81792 69.69415 69.56965 69.44436 69.31825 69.19129 69.06343 68.93464 68.80489 68.67412 68.54230 68.40939 68.27535 68.14012 68.00368 67.86597 67.72694 67.58656 67.44476 67.30151 67.15674 67.01042 66.86248 66.71286 66.56152 66.40840 66.25342 66.09654 65.93769 65.77680 65.61380 65.44863 65.28121 65.11147 64.93933 64.76471 64.58753 64.40770 64.22514 64.03976 63.85145 63.66013 63.46569 63.26802 63.06702 62.86258 62.65456 62.44286 62.22735 62.00788 61.78433 61.55655 61.32440 61.08771 60.84632 60.60007 60.34877 60.09225 59.83032 59.56276 59.28938 59.00995 58.72425 58.43203 58.13305 57.82705 57.51374 57.19284 56.86406 56.52708 56.18156 55.82717 55.46354 55.09028 54.70701 54.31329 53.90870 53.49277 53.06502 52.62493 52.17199 51.70562 51.22525 50.73025 50.21998 49.69376 49.15089 48.59063 48.01219 47.41475 46.79749 46.15949 45.49985 44.81760 44.11174 43.38123 42.62501 41.84196 41.03096 40.19084 39.32041 38.41848 37.48384 36.51526 35.51157 34.47157 33.39413 32.27818 31.12271 29.92681 28.68970 27.41076 26.08954 24.72581 23.31959 21.87116 20.38115 18.85051 17.28058 15.67306 14.03012 12.35430 10.64858 8.91636 7.16138 5.38776 3.59988 1.80237 0.00000 
100.00000 99.33339 98.66859 98.00739 97.35149 96.70251 96.06198 95.43127 94.81158 94.20400 93.60942 93.02859 92.46208 91.91032 91.37361 90.85211 90.34586 89.85482 89.37885 88.91772 88.47116 88.03884 87.62039 87.21541 86.82348 86.44415 86.07697 85.72149 85.37726 85.04383 84.72074 84.40758 84.10390 83.80930 83.52338 83.24575 82.97605 82.71391 82.45899 82.21097 81.96953 81.73437 81.50521 81.28177 81.06379 80.85102 80.64324 80.44020 80.24170 80.04754 79.85751 79.67144 79.48915 79.31046 79.13523 78.96329 78.79450 78.62873 78.46583 78.30568 78.14817 77.99318 77.84059 77.69031 77.54222 77.39624 77.25227 77.11022 76.97001 76.83155 76.69478 76.55960 76.42596 76.29377 76.16298 76.03351 75.90531 75.77832 75.65247 75.52771 75.40400 75.28126 75.15946 75.03854 74.91845 74.79916 74.68061 74.56275 74.44556 74.32897 74.21296 74.09748 73.98250 73.86797 73.75386 73.64013 73.52675 73.41367 73.30087 73.18831 73.07596 72.96378 72.85174 72.73980 72.62794 72.51613 72.40432 72.29249 72.18061 72.06865 71.95657 71.84435 71.73195 71.61934 71.50650 71.39338 71.27997 71.16622 71.05211 70.93761 70.82268 70.70729 70.59142 70.47502 70.35807 70.24053 70.12237 70.00356 69.88406 69.76384 69.64286 69.52109 69.39849 69.27502 69.15065 69.02534 68.89904 68.77173 68.64336 68.51389 68.38327 68.25147 68.11843 67.98412 67.84849 67.71149 67.57308 67.43319 67.29179 67.14882 67.00422 66.85795 66.70994 66.56013 66.40846 66.25488 66.09931 65.94170 65.78196 65.62004 65.45586 65.28934 65.12041 64.94899 64.77498 64.59831 64.41889 64.23661 64.05140 63.86314 63.67173 63.47707 63.27904 63.07753 62.87242 62.66358 62.45088 62.23418 62.01335 61.78823 61.55867 61.32451 61.08558 60.84171 60.59272 60.33842 60.07860 59.81305 59.54157 59.26392 58.97986 58.68914 58.39151 58.08669 57.77439 57.45430 57.12612 56.78951 56.44413 56.08960 55.72555 55.35157 54.96724 54.57212 54.16572 53.74757 53.31715 52.87391 52.41728 51.94666 51.46141 50.96088 50.44436 49.91112 49.36039 48.79136 48.20319 47.59497 46.96579 46.31467 45.64058 44.94247 44.21924 43.46973 42.69276 41.88709 41.05146 40.18458 39.28512 38.35173 37.38306 36.37775 35.33447 34.25190 33.12877 31.96390 30.75616 29.50460 28.20837 26.86683 25.47958 24.04646 22.56761 21.04354 19.47513 17.86368 16.21093 14.51912 12.79095 11.02963 9.23883 7.42269 5.58572 3.73282 1.86913 0.00000 
100.00000 99.31098 98.62400 97.94106 97.26408 96.59486 95.93509 95.28627 94.64973 94.02662 93.41788 92.82428 92.24641 91.68467 91.13931 90.61046 90.09809 89.60209 89.12223 88.65823 88.20972 87.77631 87.35754 86.95295 86.56203 86.18429 85.81922 85.46629 85.12502 84.79489 84.47543 84.16615 83.86661 83.57634 83.29492 83.02195 82.75703 82.49978 82.24983 82.00686 81.77052 81.54050 81.31651 81.09826 80.88549 80.67794 80.47537 80.27754 80.08423 79.89525 79.71038 79.52944 79.35226 79.17866 79.00847 78.84156 78.67776 78.51694 78.35897 78.20371 78.05105 77.90088 77.75308 77.60755 77.46418 77.32288 77.18357 77.04614 76.91052 76.77662 76.64437 76.51369 76.38451 76.25677 76.13039 76.00531 75.88147 75.75882 75.63728 75.51682 75.39737 75.27888 75.16131 75.04460 74.92870 74.81358 74.69919 74.58548 74.47241 74.35994 74.24803 74.13665 74.02574 73.91529 73.80524 73.69556 73.58623 73.47719 73.36843 73.25990 73.15157 73.04342 72.93540 72.82749 72.71965 72.61186 72.50408 72.39628 72.28843 72.18050 72.07247 71.96429 71.85595 71.74741 71.63863 71.52960 71.42028 71.31064 71.20065 71.09028 70.97950 70.86827 70.75658 70.64438 70.53164 70.41834 70.30443 70.18990 70.07470 69.95880 69.84216 69.72476 69.60656 69.48752 69.36760 69.24677 69.12499 69.00223 68.87843 68.75357 68.62760 68.50049 68.37218 68.24263 68.11180 67.97965 67.84612 67.71116 67.57474 67.43679 67.29727 67.15611 67.01327 66.86869 66.72230 66.57405 66.42388 66.27171 66.11749 65.96114 65.80260 65.64178 65.47861 65.31302 65.14492 64.97423 64.80086 64.62472 64.44571 64.26374 64.07870 63.89049 63.69900 63.50411 63.30571 63.10367 62.89787 62.68817 62.47442 62.25649 62.03423 61.80746 61.57604 61.33978 61.09851 60.85203 60.60015 60.34266 60.07935 59.80999 59.53434 59.25216 58.96317 58.66712 58.36371 58.05264 57.73359 57.40624 57.07023 56.72520 56.37076 56.00650 55.63199 55.24680 54.85043 54.44240 54.02218 53.58922 53.14292 52.68269 52.20786 51.71776 51.21167 50.68884 50.14845 49.58969 49.01166 48.41343 47.79403 47.15244 46.48758 45.79834 45.08352 44.34192 43.57225 42.77318 41.94335 41.08133 40.18568 39.25490 38.28749 37.28192 36.23666 35.15022 34.02112 32.84794 31.62936 30.36416 29.05128 27.68984 26.27922 24.81905 23.30928 21.75028 20.14279 18.48807 16.78787 15.04448 13.26076 11.44015 9.58666 7.70481 5.79962 3.87653 1.94133 0.00000 
100.00000 99.28653 98.57537 97.86877 97.16890 96.47777 95.79724 95.12899 94.47445 93.83485 93.21119 92.60425 92.01461 91.44263 90.88852 90.35233 89.83396 89.33320 88.84976 88.38324 87.93319 87.49913 87.08052 86.67680 86.28742 85.91178 85.54931 85.19945 84.86163 84.53530 84.21993 83.91501 83.62003 83.33452 83.05803 82.79011 82.53034 82.27834 82.03371 81.79611 81.56518 81.34060 81.12207 80.90928 80.70198 80.49988 80.30275 80.11035 79.92245 79.73884 79.55932 79.38369 79.21179 79.04343 78.87845 78.71671 78.55804 78.40231 78.24938 78.09914 77.95145 77.80621 77.66330 77.52262 77.38407 77.24755 77.11297 76.98025 76.84930 76.72004 76.59239 76.46628 76.34164 76.21840 76.09650 75.97587 75.85645 75.73819 75.62103 75.50491 75.38978 75.27559 75.16229 75.04984 74.93819 74.82728 74.71709 74.60757 74.49867 74.39035 74.28259 74.17533 74.06854 73.96219 73.85624 73.75066 73.64540 73.54044 73.43575 73.33128 73.22702 73.12292 73.01896 72.91510 72.81131 72.70758 72.60385 72.50011 72.39633 72.29247 72.18850 72.08441 71.98015 71.87570 71.77103 71.66611 71.56092 71.45541 71.34957 71.24336 71.13676 71.02973 70.92224 70.81427 70.70578 70.59674 70.48713 70.37690 70.26603 70.15449 70.04223 69.92924 69.81547 69.70089 69.58546 69.46915 69.35193 69.23375 69.11457 68.99437 68.87309 68.75070 68.62716 68.50242 68.37644 68.24917 68.12058 67.99061 67.85921 67.72634 67.59194 67.45596 67.31835 67.17905 67.03800 66.89515 66.75043 66.60378 66.45514 66.30444 66.15160 65.99656 65.83924 65.67957 65.51746 65.35284 65.18561 65.01569 64.84298 64.66740 64.48883 64.30718 64.12234 63.93420 63.74264 63.54753 63.34876 63.14619 62.93969 62.72910 62.51428 62.29508 62.07133 61.84286 61.60950 61.37105 61.12731 60.87810 60.62319 60.36235 60.09536 59.82197 59.54190 59.25491 58.96069 58.65895 58.34937 58.03162 57.70536 57.37020 57.02577 56.67166 56.30744 55.93265 55.54681 55.14943 54.73996 54.31786 53.88252 53.43331 52.96959 52.49064 51.99574 51.48410 50.95490 50.40728 49.84032 49.25306 48.64447 48.01348 47.35898 46.67977 45.97460 45.24218 44.48113 43.69004 42.86741 42.01172 41.12136 40.19471 39.23007 38.22576 37.18004 36.09120 34.95754 33.77739 32.54917 31.27139 29.94274 28.56205 27.12841 25.64122 24.10020 22.50548 20.85769 19.15795 17.40799 15.61016 13.76746 11.88357 9.96284 8.01026 6.03141 4.03238 2.01965 0.00000 
100.00000 99.25978 98.52219 97.78977 97.06497 96.35007 95.64713 94.95800 94.28423 93.62715 92.98779 92.36693 91.76514 91.18272 90.61981 90.07637 89.55221 89.04701 88.56036 88.09177 87.64068 87.20650 86.78860 86.38633 85.99905 85.62609 85.26680 84.92056 84.58674 84.26474 83.95399 83.65391 83.36399 83.08370 82.81256 82.55011 82.29590 82.04952 81.81057 81.57868 81.35348 81.13465 80.92187 80.71483 80.51325 80.31686 80.12541 79.93866 79.75637 79.57834 79.40435 79.23423 79.06777 78.90482 78.74521 78.58878 78.43538 78.28487 78.13712 77.99201 77.84941 77.70921 77.57130 77.43557 77.30193 77.17028 77.04053 76.91259 76.78639 76.66184 76.53887 76.41740 76.29737 76.17870 76.06134 75.94522 75.83028 75.71647 75.60373 75.49201 75.38125 75.27141 75.16244 75.05429 74.94691 74.84027 74.73433 74.62903 74.52434 74.42022 74.31663 74.21354 74.11091 74.00870 73.90689 73.80542 73.70428 73.60343 73.50284 73.40247 73.30229 73.20228 73.10241 73.00263 72.90294 72.80328 72.70364 72.60399 72.50430 72.40454 72.30468 72.20469 72.10454 72.00422 71.90368 71.80291 71.70186 71.60052 71.49886 71.39684 71.29445 71.19164 71.08840 70.98468 70.88047 70.77573 70.67043 70.56455 70.45804 70.35088 70.24305 70.13449 70.02519 69.91510 69.80420 69.69245 69.57982 69.46626 69.35175 69.23623 69.11969 69.00207 68.88334 68.76345 68.64236 68.52003 68.39642 68.27148 68.14516 68.01741 67.88819 67.75745 67.62512 67.49116 67.35551 67.21812 67.07892 66.93785 66.79486 66.64987 66.50281 66.35362 66.20223 66.04855 65.89252 65.73405 65.57305 65.40945 65.24314 65.07404 64.90205 64.72707 64.54900 64.36771 64.18311 63.99506 63.80346 63.60816 63.40903 63.20594 62.99873 62.78725 62.57135 62.35084 62.12557 61.89534 61.65996 61.41924 61.17295 60.92088 60.66279 60.39844 60.12757 59.84992 59.56519 59.27310 58.97332 58.66553 58.34937 58.02448 57.69048 57.34694 56.99345 56.62954 56.25474 55.86853 55.47039 55.05973 54.63597 54.19846 53.74653 53.27948 52.79654 52.29692 51.77978 51.24421 50.68929 50.11400 49.51730 48.89805 48.25508 47.58715 46.89293 46.17106 45.42006 44.63842 43.82455 42.97677 42.09334 41.17249 40.21234 39.21101 38.16655 37.07701 35.94044 34.75490 33.51853 32.22952 30.88623 29.48719 28.03117 26.51723 24.94480 23.31377 21.62453 19.87805 18.07599 16.22071 14.31535 12.36382 10.37087 8.34199 6.28339 4.20191 2.10489 0.00000 
100.00000 99.23041 98.46382 97.70314 96.95114 96.21040 95.48322 94.77163 94.07733 93.40172 92.74587 92.11056 91.49629 90.90330 90.33164 89.78114 89.25150 88.74227 88.25291 87.78280 87.33127 86.89760 86.48105 86.08089 85.69635 85.32672 84.97125 84.62925 84.30003 83.98295 83.67736 83.38267 83.09830 82.82372 82.55840 82.30186 82.05363 81.81327 81.58037 81.35455 81.13543 80.92267 80.71593 80.51492 80.31933 80.12891 79.94337 79.76250 79.58604 79.41379 79.24553 79.08109 78.92026 78.76288 78.60878 78.45781 78.30982 78.16467 78.02223 77.88237 77.74497 77.60992 77.47711 77.34643 77.21780 77.09110 76.96627 76.84321 76.72183 76.60207 76.48384 76.36709 76.25172 76.13769 76.02494 75.91338 75.80298 75.69368 75.58542 75.47814 75.37181 75.26636 75.16176 75.05796 74.95491 74.85258 74.75091 74.64988 74.54944 74.44955 74.35018 74.25129 74.15285 74.05482 73.95717 73.85987 73.76287 73.66616 73.56970 73.47346 73.37741 73.28152 73.18576 73.09010 72.99451 72.89897 72.80345 72.70792 72.61234 72.51671 72.42097 72.32512 72.22912 72.13295 72.03657 71.93997 71.84310 71.74596 71.64850 71.55071 71.45255 71.35399 71.25502 71.15559 71.05569 70.95528 70.85433 70.75281 70.65070 70.54797 70.44457 70.34049 70.23569 70.13014 70.02380 69.91664 69.80863 69.69974 69.58992 69.47914 69.36736 69.25455 69.14067 69.02567 68.90952 68.79218 68.67360 68.55373 68.43253 68.30997 68.18597 68.06051 67.93352 67.80496 67.67477 67.54289 67.40927 67.27385 67.13657 66.99736 66.85615 66.71289 66.56749 66.41990 66.27002 66.11778 65.96310 65.80590 65.64609 65.48358 65.31827 65.15006 64.97886 64.80455 64.62702 64.44616 64.26184 64.07395 63.88234 63.68689 63.48744 63.28385 63.07596 62.86360 62.64660 62.42479 62.19796 61.96593 61.72849 61.48541 61.23647 60.98143 60.72003 60.45200 60.17707 59.89494 59.60529 59.30780 59.00212 58.68788 58.36471 58.03218 57.68987 57.33733 56.97407 56.59958 56.21332 55.81472 55.40317 54.97802 54.53861 54.08419 53.61402 53.12726 52.62307 52.10051 51.55863 50.99638 50.41267 49.80633 49.17615 48.52081 47.83893 47.12905 46.38964 45.61905 44.81559 43.97745 43.10276 42.18956 41.23580 40.23938 39.19814 38.10986 36.97231 35.78326 34.54051 33.24192 31.88548 30.46932 28.99184 27.45172 25.84801 24.18027 22.44860 20.65374 18.79721 16.88135 14.90939 12.88550 10.81483 8.70343 6.55825 4.38699 2.19799 0.00000 
100.00000 99.19805 98.39954 97.60782 96.82606 96.05717 95.30372 94.56797 93.85175 93.15653 92.48342 91.83314 91.20614 90.60256 90.02230 89.46506 88.93038 88.41766 87.92620 87.45525 87.00399 86.57156 86.15712 85.75980 85.37877 85.01318 84.66223 84.32516 84.00120 83.68965 83.38983 83.10110 82.82284 82.55448 82.29547 82.04530 81.80348 81.56956 81.34311 81.12372 80.91102 80.70465 80.50427 80.30957 80.12026 79.93605 79.75669 79.58191 79.41151 79.24524 79.08291 78.92432 78.76930 78.61765 78.46923 78.32387 78.18143 78.04177 77.90476 77.77027 77.63818 77.50839 77.38078 77.25526 77.13172 77.01008 76.89024 76.77213 76.65566 76.54076 76.42736 76.31537 76.20475 76.09542 75.98732 75.88040 75.77459 75.66985 75.56611 75.46334 75.36147 75.26047 75.16029 75.06088 74.96220 74.86421 74.76687 74.67014 74.57399 74.47837 74.38325 74.28860 74.19439 74.10057 74.00711 73.91400 73.82118 73.72864 73.63635 73.54426 73.45236 73.36062 73.26901 73.17749 73.08605 72.99465 72.90327 72.81188 72.72045 72.62897 72.53739 72.44571 72.35388 72.26188 72.16969 72.07728 71.98463 71.89171 71.79849 71.70494 71.61104 71.51677 71.42209 71.32698 71.23141 71.13536 71.03879 70.94168 70.84399 70.74571 70.64679 70.54722 70.44695 70.34596 70.24421 70.14168 70.03834 69.93413 69.82905 69.72304 69.61607 69.50811 69.39912 69.28906 69.17789 69.06556 68.95205 68.83731 68.72129 68.60394 68.48523 68.36510 68.24350 68.12039 67.99571 67.86941 67.74143 67.61172 67.48021 67.34684 67.21156 67.07429 66.93497 66.79352 66.64987 66.50395 66.35568 66.20497 66.05175 65.89591 65.73738 65.57605 65.41182 65.24460 65.07426 64.90071 64.72381 64.54345 64.35951 64.17184 63.98030 63.78475 63.58503 63.38099 63.17245 62.95924 62.74117 62.51805 62.28967 62.05582 61.81627 61.57078 61.31911 61.06099 60.79615 60.52429 60.24510 59.95825 59.66342 59.36022 59.04829 58.72720 58.39654 58.05584 57.70463 57.34240 56.96860 56.58265 56.18396 55.77186 55.34568 54.90468 54.44808 53.97505 53.48472 52.97614 52.44832 51.90021 51.33066 50.73847 50.12238 49.48101 48.81293 48.11659 47.39038 46.63256 45.84131 45.01470 44.15070 43.24718 42.30192 41.31258 40.27676 39.19197 38.05568 36.86533 35.61834 34.31219 32.94443 31.51278 30.01516 28.44978 26.81526 25.11071 23.33584 21.49110 19.57777 17.59809 15.55536 13.45398 11.29951 9.09865 6.85918 4.58982 2.30008 0.00000 
100.00000 99.16224 98.32847 97.50255 96.68812 95.88848 95.10654 94.34477 93.60516 92.88924 92.19812 91.53246 90.89259 90.27850 89.68994 89.12642 88.58729 88.07178 87.57900 87.10802 86.65787 86.22754 85.81606 85.42244 85.04573 84.68500 84.33935 84.00794 83.68996 83.38463 83.09123 82.80906 82.53748 82.27589 82.02370 81.78039 81.54544 81.31838 81.09877 80.88620 80.68028 80.48064 80.28693 80.09885 79.91609 79.73836 79.56540 79.39697 79.23283 79.07276 78.91655 78.76401 78.61495 78.46921 78.32661 78.18701 78.05026 77.91622 77.78476 77.65576 77.52910 77.40467 77.28237 77.16209 77.04375 76.92724 76.81249 76.69941 76.58793 76.47796 76.36944 76.26231 76.15649 76.05192 75.94854 75.84630 75.74514 75.64501 75.54585 75.44762 75.35028 75.25376 75.15804 75.06306 74.96879 74.87519 74.78221 74.68983 74.59800 74.50669 74.41586 74.32548 74.23552 74.14594 74.05672 73.96783 73.87922 73.79088 73.70278 73.61488 73.52716 73.43960 73.35215 73.26481 73.17754 73.09031 73.00310 72.91588 72.82863 72.74132 72.65393 72.56643 72.47880 72.39101 72.30303 72.21485 72.12643 72.03775 71.94879 71.85952 71.76992 71.67995 71.58960 71.49883 71.40763 71.31596 71.22380 71.13111 71.03789 70.94408 70.84967 70.75463 70.65893 70.56253 70.46542 70.36755 70.26889 70.16942 70.06910 69.96790 69.86577 69.76270 69.65864 69.55355 69.44740 69.34014 69.23174 69.12216 69.01136 68.89929 68.78590 68.67115 68.55500 68.43739 68.31828 68.19761 68.07533 67.95138 67.82571 67.69825 67.56895 67.43774 67.30456 67.16934 67.03200 66.89248 66.75069 66.60657 66.46001 66.31095 66.15929 66.00493 65.84779 65.68776 65.52473 65.35859 65.18924 65.01655 64.84040 64.66065 64.47717 64.28981 64.09844 63.90288 63.70297 63.49855 63.28943 63.07542 62.85632 62.63192 62.40200 62.16632 61.92464 61.67671 61.42224 61.16096 60.89256 60.61671 60.33308 60.04131 59.74101 59.43180 59.11323 58.78487 58.44622 58.09678 57.73601 57.36334 56.97815 56.57979 56.16757 55.74076 55.29856 54.84014 54.36461 53.87101 53.35832 52.82547 52.27128 51.69452 51.09388 50.46793 49.81518 49.13401 48.42273 47.67949 46.90238 46.08933 45.23815 44.34656 43.41211 42.43226 41.40434 40.32558 39.19312 38.00403 36.75533 35.44405 34.06729 32.62222 31.10623 29.51699 27.85255 26.11147 24.29296 22.39704 20.42467 18.37789 16.25998 14.07554 11.83058 9.53249 7.19000 4.81303 2.41250 0.00000 
100.00000 99.12245 98.24955 97.38579 96.53538 95.70209 94.88920 94.09941 93.33487 92.59717 91.88735 91.20599 90.55324 89.92892 89.33253 88.76339 88.22060 87.70316 87.21000 86.73996 86.29191 85.86469 85.45715 85.06818 84.69671 84.34172 84.00223 83.67730 83.36606 83.06768 82.78138 82.50643 82.24215 81.98789 81.74307 81.50711 81.27950 81.05975 80.84741 80.64204 80.44326 80.25068 80.06397 79.88281 79.70687 79.53589 79.36960 79.20774 79.05008 78.89641 78.74652 78.60020 78.45729 78.31761 78.18100 78.04730 77.91638 77.78809 77.66231 77.53891 77.41779 77.29883 77.18194 77.06700 76.95394 76.84265 76.73307 76.62510 76.51867 76.41371 76.31015 76.20792 76.10697 76.00722 75.90862 75.81112 75.71466 75.61919 75.52467 75.43103 75.33825 75.24626 75.15504 75.06454 74.97472 74.88554 74.79697 74.70896 74.62149 74.53452 74.44801 74.36194 74.27627 74.19097 74.10601 74.02136 73.93700 73.85289 73.76901 73.68532 73.60181 73.51845 73.43521 73.35206 73.26898 73.18595 73.10293 73.01991 72.93686 72.85376 72.77057 72.68729 72.60388 72.52032 72.43658 72.35265 72.26849 72.18408 72.09941 72.01444 71.92915 71.84352 71.75752 71.67112 71.58431 71.49705 71.40932 71.32110 71.23235 71.14306 71.05319 70.96271 70.87160 70.77983 70.68737 70.59419 70.50027 70.40556 70.31004 70.21367 70.11643 70.01828 69.91918 69.81911 69.71801 69.61586 69.51262 69.40825 69.30270 69.19594 69.08793 68.97861 68.86795 68.75590 68.64240 68.52742 68.41089 68.29276 68.17299 68.05150 67.92825 67.80317 67.67620 67.54727 67.41632 67.28327 67.14805 67.01058 66.87079 66.72859 66.58389 66.43661 66.28665 66.13391 65.97830 65.81970 65.65801 65.49311 65.32488 65.15319 64.97791 64.79891 64.61602 64.42911 64.23802 64.04256 63.84258 63.63788 63.42827 63.21354 62.99348 62.76786 62.53643 62.29896 62.05516 61.80476 61.54746 61.28295 61.01088 60.73091 60.44267 60.14575 59.83973 59.52417 59.19860 58.86250 58.51534 58.15654 57.78551 57.40158 57.00406 56.59222 56.16527 55.72235 55.26257 54.78497 54.28850 53.77206 53.23447 52.67447 52.09068 51.48166 50.84584 50.18156 49.48702 48.76031 47.99939 47.20208 46.36603 45.48879 44.56771 43.60001 42.58277 41.51290 40.38720 39.20233 37.95489 36.64141 35.25844 33.80257 32.27056 30.65940 28.96647 27.18965 25.32750 23.37945 21.34598 19.22881 17.03112 14.75763 12.41478 10.01072 7.55529 5.05981 2.53689 0.00000 
100.00000 99.07800 98.16148 97.25569 96.36553 95.49531 94.64874 93.82880 93.03776 92.27721 91.54813 90.85090 90.18548 89.55139 88.94790 88.37400 87.82855 87.31028 86.81786 86.34993 85.90514 85.48215 85.07965 84.69641 84.33122 83.98296 83.65055 83.33298 83.02931 82.73865 82.46018 82.19313 81.93678 81.69046 81.45356 81.22548 81.00570 80.79372 80.58906 80.39130 80.20002 80.01487 79.83548 79.66153 79.49271 79.32874 79.16935 79.01430 78.86335 78.71629 78.57290 78.43300 78.29641 78.16295 78.03247 77.90482 77.77986 77.65745 77.53747 77.41979 77.30432 77.19093 77.07954 76.97004 76.86234 76.75637 76.65203 76.54924 76.44795 76.34806 76.24953 76.15227 76.05624 75.96137 75.86761 75.77490 75.68319 75.59244 75.50259 75.41359 75.32541 75.23801 75.15133 75.06534 74.98001 74.89529 74.81116 74.72757 74.64449 74.56189 74.47973 74.39800 74.31665 74.23565 74.15498 74.07462 73.99452 73.91467 73.83504 73.75559 73.67632 73.59718 73.51817 73.43924 73.36038 73.28157 73.20277 73.12397 73.04515 72.96627 72.88732 72.80828 72.72911 72.64980 72.57033 72.49067 72.41079 72.33069 72.25032 72.16968 72.08873 72.00746 71.92583 71.84383 71.76144 71.67862 71.59535 71.51161 71.42737 71.34261 71.25730 71.17142 71.08493 70.99782 70.91005 70.82159 70.73242 70.64251 70.55182 70.46033 70.36800 70.27481 70.18071 70.08568 69.98968 69.89268 69.79463 69.69550 69.59526 69.49386 69.39126 69.28742 69.18230 69.07585 68.96802 68.85877 68.74805 68.63580 68.52198 68.40652 68.28938 68.17050 68.04980 67.92724 67.80274 67.67623 67.54765 67.41692 67.28397 67.14872 67.01108 66.87096 66.72828 66.58294 66.43485 66.28391 66.12999 65.97300 65.81282 65.64933 65.48239 65.31187 65.13764 64.95954 64.77741 64.59111 64.40045 64.20526 64.00534 63.80050 63.59052 63.37519 63.15428 62.92753 62.69468 62.45546 62.20958 61.95673 61.69659 61.42880 61.15299 60.86879 60.57577 60.27350 59.96150 59.63927 59.30629 58.96199 58.60576 58.23695 57.85488 57.45881 57.04793 56.62142 56.17836 55.71778 55.23864 54.73981 54.22009 53.67819 53.11272 52.52218 51.90497 51.25935 50.58348 49.87534 49.13280 48.35355 47.53511 46.67485 45.76992 44.81731 43.81382 42.75606 41.64043 40.46320 39.22048 37.90827 36.52248 35.05907 33.51403 31.88359 30.16428 28.35315 26.44793 24.44727 22.35098 20.16028 17.87805 15.50907 13.06018 10.54034 7.96062 5.33404 2.67523 0.00000 
100.00000 99.02809 98.06267 97.10998 96.17572 95.26489 94.38165 93.52928 92.71015 91.92580 91.17704 90.46402 89.78636 89.14328 88.53366 87.95616 87.40931 86.89154 86.40122 85.93676 85.49656 85.07910 84.68291 84.30659 83.94881 83.60834 83.28402 82.97475 82.67954 82.39743 82.12757 81.86913 81.62138 81.38363 81.15522 80.93556 80.72411 80.52036 80.32382 80.13406 79.95068 79.77329 79.60154 79.43511 79.27370 79.11701 78.96478 78.81677 78.67274 78.53249 78.39580 78.26249 78.13238 78.00531 77.88112 77.75965 77.64079 77.52438 77.41032 77.29848 77.18876 77.08105 76.97525 76.87128 76.76904 76.66845 76.56943 76.47191 76.37581 76.28107 76.18762 76.09540 76.00435 75.91442 75.82555 75.73768 75.65077 75.56478 75.47965 75.39534 75.31181 75.22902 75.14692 75.06549 74.98468 74.90447 74.82480 74.74566 74.66701 74.58881 74.51104 74.43367 74.35667 74.28001 74.20366 74.12760 74.05180 73.97623 73.90087 73.82570 73.75068 73.67580 73.60104 73.52636 73.45174 73.37717 73.30262 73.22807 73.15349 73.07886 73.00417 72.92938 72.85449 72.77945 72.70427 72.62890 72.55333 72.47755 72.40152 72.32522 72.24864 72.17175 72.09452 72.01694 71.93899 71.86063 71.78184 71.70261 71.62291 71.54272 71.46200 71.38073 71.29890 71.21647 71.13341 71.04971 70.96532 70.88023 70.79441 70.70782 70.62044 70.53223 70.44317 70.35322 70.26236 70.17053 70.07772 69.98388 69.88898 69.79298 69.69584 69.59752 69.49798 69.39717 69.29506 69.19159 69.08673 68.98041 68.87260 68.76323 68.65226 68.53962 68.42527 68.30913 68.19115 68.07127 67.94940 67.82549 67.69946 67.57124 67.44074 67.30788 67.17257 67.03473 66.89427 66.75107 66.60505 66.45609 66.30408 66.14891 65.99044 65.82856 65.66312 65.49398 65.32100 65.14401 64.96285 64.77735 64.58733 64.39259 64.19292 63.98812 63.77796 63.56219 63.34057 63.11283 62.87868 62.63782 62.38994 62.13469 61.87172 61.60065 61.32107 61.03255 60.73463 60.42681 60.10858 59.77937 59.43859 59.08559 58.71970 58.34018 57.94624 57.53704 57.11168 56.66916 56.20846 55.72844 55.22788 54.70548 54.15982 53.58937 52.99250 52.36741 51.71220 51.02478 50.30293 49.54421 48.74603 47.90557 47.01981 46.08550 45.09916 44.05707 42.95527 41.78957 40.55558 39.24869 37.86417 36.39718 34.84291 33.19664 31.45391 29.61075 27.66381 25.61073 23.45039 21.18326 18.81173 16.34044 13.77654 11.12983 8.41282 5.64050 2.83000 0.00000 
100.00000 98.97167 97.95114 96.94583 95.96248 95.00687 94.08370 93.19652 92.34775 91.53880 90.77022 90.04177 89.35268 88.70170 88.08729 87.50769 86.96101 86.44534 85.95874 85.49932 85.06525 84.65480 84.26630 83.89822 83.54909 83.21758 82.90243 82.60248 82.31665 82.04397 81.78352 81.53445 81.29600 81.06744 80.84813 80.63744 80.43483 80.23978 80.05180 79.87045 79.69533 79.52607 79.36229 79.20369 79.04996 78.90081 78.75599 78.61525 78.47836 78.34512 78.21532 78.08878 77.96532 77.84479 77.72703 77.61189 77.49925 77.38898 77.28095 77.17505 77.07118 76.96924 76.86914 76.77078 76.67408 76.57895 76.48533 76.39314 76.30232 76.21278 76.12448 76.03736 75.95135 75.86641 75.78247 75.69950 75.61744 75.53625 75.45589 75.37631 75.29747 75.21933 75.14186 75.06502 74.98877 74.91308 74.83793 74.76326 74.68907 74.61531 74.54195 74.46898 74.39635 74.32405 74.25205 74.18032 74.10884 74.03758 73.96653 73.89564 73.82491 73.75431 73.68382 73.61341 73.54306 73.47276 73.40247 73.33218 73.26187 73.19152 73.12111 73.05060 72.98000 72.90926 72.83838 72.76733 72.69610 72.62465 72.55298 72.48105 72.40886 72.33637 72.26357 72.19043 72.11694 72.04306 71.96879 71.89409 71.81895 71.74334 71.66724 71.59062 71.51346 71.43574 71.35742 71.27850 71.19893 71.11869 71.03776 70.95611 70.87370 70.79052 70.70653 70.62169 70.53599 70.44938 70.36183 70.27332 70.18379 70.09323 70.00159 69.90883 69.81492 69.71980 69.62345 69.52582 69.42686 69.32653 69.22477 69.12155 69.01680 68.91048 68.80252 68.69288 68.58148 68.46828 68.35320 68.23618 68.11715 67.99603 67.87275 67.74724 67.61940 67.48915 67.35641 67.22107 67.08305 66.94223 66.79851 66.65178 66.50191 66.34880 66.19229 66.03227 65.86858 65.70108 65.52960 65.35398 65.17404 64.98960 64.80046 64.60641 64.40724 64.20271 63.99258 63.77660 63.55448 63.32593 63.09065 62.84831 62.59856 62.34102 62.07531 61.80100 61.51764 61.22476 60.92183 60.60832 60.28363 59.94713 59.59816 59.23598 58.85981 58.46883 58.06213 57.63874 57.19761 56.73761 56.25753 55.75604 55.23171 54.68300 54.10824 53.50560 52.87312 52.20866 51.50991 50.77434 49.99922 49.18159 48.31825 47.40572 46.44024 45.41778 44.33400 43.18424 41.96357 40.66675 39.28831 37.82258 36.26379 34.60613 32.84400 30.97211 28.98583 26.88145 24.65660 22.31064 19.84517 17.26442 14.57569 11.78963 8.92033 5.98515 3.00427 0.00000 
100.00000 98.90745 97.82438 96.75972 95.72150 94.71642 93.74977 92.82534 91.94552 91.11145 90.32325 89.58018 88.88088 88.22356 87.60612 87.02628 86.48171 85.97007 85.48907 85.03652 84.61033 84.20853 83.82928 83.47088 83.13176 82.81046 82.50564 82.21607 81.94063 81.67829 81.42808 81.18916 80.96071 80.74202 80.53240 80.33125 80.13799 79.95212 79.77314 79.60062 79.43415 79.27335 79.11787 78.96740 78.82163 78.68029 78.54311 78.40987 78.28034 78.15431 78.03158 77.91198 77.79534 77.68150 77.57032 77.46164 77.35535 77.25132 77.14944 77.04959 76.95168 76.85561 76.76128 76.66862 76.57754 76.48796 76.39981 76.31302 76.22753 76.14326 76.06018 75.97820 75.89729 75.81738 75.73844 75.66041 75.58325 75.50691 75.43135 75.35653 75.28242 75.20898 75.13617 75.06395 74.99230 74.92117 74.85055 74.78040 74.71069 74.64140 74.57248 74.50393 74.43571 74.36780 74.30017 74.23280 74.16566 74.09874 74.03200 73.96544 73.89901 73.83271 73.76651 73.70040 73.63434 73.56832 73.50232 73.43632 73.37031 73.30425 73.23813 73.17193 73.10563 73.03922 72.97267 72.90596 72.83907 72.77199 72.70469 72.63716 72.56937 72.50131 72.43295 72.36428 72.29527 72.22590 72.15616 72.08602 72.01546 71.94446 71.87300 71.80105 71.72859 71.65560 71.58205 71.50793 71.43320 71.35785 71.28184 71.20514 71.12775 71.04961 70.97072 70.89103 70.81052 70.72916 70.64692 70.56376 70.47965 70.39457 70.30846 70.22130 70.13305 70.04368 69.95313 69.86138 69.76837 69.67406 69.57842 69.48139 69.38292 69.28296 69.18146 69.07837 68.97362 68.86717 68.75894 68.64888 68.53692 68.42299 68.30701 68.18892 68.06863 67.94607 67.82114 67.69376 67.56383 67.43126 67.29595 67.15778 67.01664 66.87242 66.72499 66.57423 66.41998 66.26212 66.10049 65.93492 65.76526 65.59131 65.41290 65.22983 65.04188 64.84883 64.65046 64.44650 64.23670 64.02077 63.79843 63.56934 63.33317 63.08957 62.83815 62.57850 62.31019 62.03275 61.74568 61.44844 61.14047 60.82115 60.48981 60.14575 59.78820 59.41634 59.02928 58.62605 58.20562 57.76687 57.30858 56.82942 56.32798 55.80268 55.25185 54.67363 54.06602 53.42684 52.75371 52.04401 51.29492 50.50333 49.66588 48.77887 47.83831 46.83983 45.77870 44.64983 43.44770 42.16642 40.79974 39.34106 37.78352 36.12012 34.34383 32.44787 30.42594 28.27264 25.98391 23.55755 20.99389 18.29637 15.47217 12.53268 9.49372 6.37548 3.20195 0.00000 
100.00000 98.83377 97.67919 96.54719 95.44737 94.38755 93.37362 92.40955 91.49753 90.63824 89.83115 89.07481 88.36711 87.70555 87.08733 86.50960 85.96947 85.46416 84.99097 84.54738 84.13102 83.73970 83.37141 83.02428 82.69661 82.38686 82.09360 81.81554 81.55152 81.30045 81.06137 80.83338 80.61568 80.40751 80.20821 80.01716 79.83378 79.65756 79.48803 79.32474 79.16728 79.01530 78.86845 78.72640 78.58887 78.45559 78.32631 78.20079 78.07882 77.96019 77.84472 77.73223 77.62256 77.51556 77.41109 77.30901 77.20919 77.11152 77.01589 76.92220 76.83034 76.74023 76.65177 76.56488 76.47950 76.39553 76.31293 76.23160 76.15151 76.07257 75.99475 75.91798 75.84221 75.76740 75.69350 75.62045 75.54823 75.47678 75.40607 75.33606 75.26671 75.19800 75.12988 75.06232 74.99529 74.92876 74.86271 74.79710 74.73191 74.66710 74.60266 74.53855 74.47477 74.41127 74.34803 74.28504 74.22228 74.15971 74.09732 74.03509 73.97299 73.91101 73.84913 73.78732 73.72558 73.66387 73.60218 73.54049 73.47878 73.41703 73.35523 73.29336 73.23139 73.16931 73.10711 73.04476 72.98224 72.91954 72.85664 72.79352 72.73016 72.66654 72.60265 72.53846 72.47395 72.40912 72.34393 72.27837 72.21241 72.14604 72.07924 72.01198 71.94425 71.87602 71.80726 71.73797 71.66811 71.59766 71.52659 71.45489 71.38253 71.30947 71.23570 71.16119 71.08591 71.00983 70.93292 70.85515 70.77650 70.69692 70.61639 70.53487 70.45232 70.36872 70.28402 70.19818 70.11117 70.02294 69.93346 69.84266 69.75052 69.65698 69.56200 69.46551 69.36747 69.26783 69.16652 69.06349 68.95866 68.85199 68.74339 68.63280 68.52015 68.40535 68.28833 68.16900 68.04727 67.92305 67.79624 67.66675 67.53446 67.39926 67.26103 67.11966 66.97501 66.82694 66.67531 66.51997 66.36075 66.19749 66.03001 65.85812 65.68161 65.50029 65.31391 65.12225 64.92505 64.72204 64.51294 64.29744 64.07522 63.84594 63.60922 63.36467 63.11187 62.85037 62.57969 62.29931 62.00867 61.70718 61.39419 61.06902 60.73091 60.37905 60.01259 59.63056 59.23196 58.81567 58.38049 57.92511 57.44810 56.94791 56.42284 55.87105 55.29050 54.67898 54.03406 53.35308 52.63311 51.87094 51.06306 50.20559 49.29429 48.32452 47.29116 46.18867 45.01097 43.75150 42.40317 40.95839 39.40913 37.74698 35.96334 34.04959 31.99743 29.79927 27.44883 24.94176 22.27646 19.45500 16.48395 13.37519 10.14640 6.82109 3.42803 0.00000 
100.00000 98.74843 97.51142 96.30249 95.13323 94.01277 92.94762 91.94172 90.99681 90.11282 89.28829 88.52078 87.80722 87.14418 86.52807 85.95531 85.42243 84.92611 84.46326 84.03099 83.62667 83.24786 82.89237 82.55821 82.24355 81.94676 81.66635 81.40099 81.14945 80.91064 80.68357 80.46733 80.26110 80.06414 79.87578 79.69539 79.52241 79.35633 79.19667 79.04301 78.89495 78.75213 78.61421 78.48089 78.35187 78.22691 78.10574 77.98816 77.87395 77.76291 77.65487 77.54966 77.44712 77.34710 77.24947 77.15411 77.06088 76.96969 76.88042 76.79297 76.70726 76.62319 76.54068 76.45965 76.38003 76.30176 76.22475 76.14896 76.07432 76.00078 75.92827 75.85676 75.78619 75.71651 75.64769 75.57967 75.51243 75.44591 75.38009 75.31492 75.25037 75.18642 75.12302 75.06015 74.99778 74.93588 74.87442 74.81338 74.75273 74.69244 74.63249 74.57286 74.51353 74.45446 74.39565 74.33707 74.27869 74.22050 74.16247 74.10460 74.04685 73.98922 73.93167 73.87420 73.81678 73.75939 73.70203 73.64467 73.58729 73.52987 73.47241 73.41488 73.35726 73.29954 73.24170 73.18372 73.12559 73.06729 73.00881 72.95012 72.89120 72.83205 72.77264 72.71295 72.65298 72.59269 72.53207 72.47111 72.40977 72.34806 72.28594 72.22339 72.16041 72.09695 72.03302 71.96857 71.90360 71.83808 71.77199 71.70530 71.63799 71.57005 71.50143 71.43212 71.36210 71.29132 71.21978 71.14743 71.07426 71.00023 70.92530 70.84945 70.77265 70.69486 70.61604 70.53617 70.45519 70.37308 70.28980 70.20529 70.11953 70.03245 69.94403 69.85421 69.76293 69.67016 69.57582 69.47988 69.38226 69.28291 69.18176 69.07875 68.97381 68.86685 68.75782 68.64663 68.53319 68.41742 68.29922 68.17851 68.05518 67.92912 67.80022 67.66837 67.53345 67.39532 67.25384 67.10888 66.96029 66.80789 66.65153 66.49102 66.32617 66.15679 65.98265 65.80354 65.61921 65.42941 65.23386 65.03227 64.82434 64.60974 64.38811 64.15908 63.92225 63.67718 63.42340 63.16043 62.88772 62.60471 62.31076 62.00522 61.68735 61.35638 61.01145 60.65165 60.27598 59.88336 59.47260 59.04241 58.59140 58.11801 57.62056 57.09722 56.54595 55.96452 55.35048 54.70113 54.01349 53.28427 52.50982 51.68614 50.80876 49.87278 48.87276 47.80271 46.65603 45.42545 44.10305 42.68021 41.14761 39.49534 37.71296 35.78973 33.71490 31.47819 29.07039 26.48419 23.71521 20.76322 17.63343 14.33773 10.89560 7.33446 3.68908 0.00000 
100.00000 98.64852 97.31558 96.01812 94.77029 93.58270 92.46235 91.41289 90.43518 89.52795 88.68842 87.91281 87.19681 86.53587 85.92545 85.36115 84.83882 84.35461 83.90497 83.48667 83.09679 82.73270 82.39202 82.07263 81.77262 81.49028 81.22406 80.97260 80.73465 80.50909 80.29493 80.09126 79.89726 79.71218 79.53537 79.36620 79.20414 79.04866 78.89932 78.75569 78.61739 78.48406 78.35539 78.23107 78.11083 77.99442 77.88160 77.77216 77.66590 77.56264 77.46219 77.36441 77.26914 77.17625 77.08560 76.99707 76.91055 76.82593 76.74312 76.66201 76.58253 76.50459 76.42810 76.35301 76.27923 76.20671 76.13537 76.06517 75.99604 75.92794 75.86081 75.79460 75.72927 75.66477 75.60107 75.53813 75.47590 75.41435 75.35345 75.29316 75.23345 75.17428 75.11564 75.05749 74.99981 74.94256 74.88572 74.82928 74.77319 74.71744 74.66201 74.60688 74.55202 74.49741 74.44304 74.38888 74.33491 74.28112 74.22748 74.17398 74.12061 74.06733 74.01414 73.96101 73.90794 73.85490 73.80188 73.74886 73.69583 73.64276 73.58965 73.53648 73.48323 73.42988 73.37642 73.32284 73.26912 73.21524 73.16118 73.10694 73.05249 72.99782 72.94291 72.88774 72.83231 72.77659 72.72056 72.66421 72.60752 72.55048 72.49306 72.43525 72.37703 72.31838 72.25927 72.19970 72.13965 72.07908 72.01798 71.95633 71.89411 71.83129 71.76785 71.70377 71.63903 71.57359 71.50744 71.44055 71.37288 71.30442 71.23514 71.16499 71.09397 71.02202 70.94913 70.87525 70.80035 70.72440 70.64735 70.56918 70.48984 70.40928 70.32747 70.24435 70.15990 70.07404 69.98674 69.89794 69.80759 69.71563 69.62200 69.52663 69.42947 69.33044 69.22948 69.12651 69.02145 68.91421 68.80473 68.69290 68.57863 68.46182 68.34237 68.22016 68.09509 67.96704 67.83586 67.70144 67.56362 67.42226 67.27720 67.12826 66.97527 66.81804 66.65637 66.49005 66.31884 66.14251 65.96081 65.77344 65.58014 65.38057 65.17441 64.96131 64.74086 64.51268 64.27631 64.03128 63.77709 63.51317 63.23893 62.95374 62.65690 62.34766 62.02519 61.68862 61.33697 60.96919 60.58414 60.18056 59.75707 59.31216 58.84419 58.35132 57.83155 57.28267 56.70222 56.08748 55.43546 54.74282 54.00583 53.22037 52.38183 51.48508 50.52439 49.49339 48.38497 47.19122 45.90338 44.51177 43.00577 41.37381 39.60343 37.68146 35.59426 33.32821 30.87036 28.20939 25.33696 22.24923 18.94883 15.44670 11.76382 7.93207 3.99384 0.00000 
100.00000 98.53007 97.08424 95.68413 94.34710 93.08540 91.90620 90.81230 89.80306 88.87539 88.02463 87.24524 86.53134 85.87705 85.27671 84.72502 84.21710 83.74853 83.31533 82.91392 82.54113 82.19412 81.87038 81.56768 81.28403 81.01766 80.76702 80.53070 80.30745 80.09615 79.89581 79.70552 79.52448 79.35196 79.18731 79.02993 78.87927 78.73486 78.59625 78.46304 78.33484 78.21134 78.09220 77.97716 77.86595 77.75833 77.65408 77.55298 77.45487 77.35954 77.26686 77.17666 77.08880 77.00315 76.91960 76.83802 76.75831 76.68037 76.60410 76.52943 76.45626 76.38452 76.31414 76.24505 76.17718 76.11047 76.04486 75.98030 75.91674 75.85413 75.79241 75.73156 75.67151 75.61224 75.55371 75.49587 75.43869 75.38215 75.32620 75.27082 75.21597 75.16163 75.10777 75.05437 75.00140 74.94883 74.89664 74.84481 74.79331 74.74213 74.69124 74.64062 74.59026 74.54013 74.49022 74.44050 74.39096 74.34159 74.29235 74.24325 74.19426 74.14536 74.09654 74.04778 73.99907 73.95039 73.90173 73.85308 73.80440 73.75570 73.70696 73.65816 73.60929 73.56034 73.51128 73.46210 73.41280 73.36335 73.31375 73.26396 73.21399 73.16382 73.11343 73.06280 73.01193 72.96079 72.90937 72.85766 72.80563 72.75328 72.70058 72.64752 72.59408 72.54025 72.48600 72.43133 72.37620 72.32060 72.26452 72.20793 72.15081 72.09315 72.03492 71.97609 71.91665 71.85658 71.79585 71.73443 71.67231 71.60945 71.54583 71.48142 71.41620 71.35014 71.28319 71.21535 71.14656 71.07681 71.00604 70.93424 70.86136 70.78736 70.71220 70.63585 70.55825 70.47937 70.39916 70.31756 70.23453 70.15002 70.06396 69.97631 69.88700 69.79597 69.70315 69.60847 69.51187 69.41327 69.31258 69.20972 69.10461 68.99716 68.88726 68.77482 68.65973 68.54187 68.42114 68.29739 68.17050 68.04033 67.90673 67.76955 67.62861 67.48374 67.33474 67.18144 67.02360 66.86100 66.69341 66.52056 66.34219 66.15799 65.96766 65.77086 65.56722 65.35637 65.13788 64.91131 64.67617 64.43194 64.17806 63.91392 63.63886 63.35216 63.05304 62.74065 62.41407 62.07229 61.71421 61.33860 60.94415 60.52939 60.09270 59.63232 59.14627 58.63238 58.08823 57.51112 56.89806 56.24571 55.55031 54.80768 54.01311 53.16132 52.24634 51.26149 50.19923 49.05107 47.80747 46.45773 44.98989 43.39069 41.64549 39.73841 37.65247 35.37003 32.87343 30.14607 27.17400 23.94793 20.46594 16.73642 12.78091 8.63615 4.35422 0.00000 
100.00000 98.38754 96.80718 95.28706 93.84859 92.50558 91.26475 90.12706 89.08938 88.14592 87.28945 86.51217 85.80626 85.16428 84.57932 84.04511 83.55603 83.10710 82.69390 82.31256 81.95968 81.63227 81.32770 81.04367 80.77814 80.52933 80.29566 80.07573 79.86830 79.67226 79.48663 79.31053 79.14319 78.98388 78.83198 78.68692 78.54817 78.41527 78.28780 78.16536 78.04762 77.93424 77.82493 77.71943 77.61749 77.51888 77.42339 77.33083 77.24103 77.15382 77.06904 76.98656 76.90624 76.82797 76.75162 76.67710 76.60430 76.53313 76.46350 76.39534 76.32857 76.26311 76.19890 76.13587 76.07396 76.01312 75.95330 75.89444 75.83649 75.77942 75.72317 75.66770 75.61298 75.55897 75.50564 75.45294 75.40086 75.34935 75.29838 75.24794 75.19798 75.14850 75.09945 75.05082 75.00258 74.95471 74.90719 74.86000 74.81312 74.76652 74.72019 74.67411 74.62827 74.58263 74.53720 74.49194 74.44685 74.40191 74.35710 74.31241 74.26781 74.22331 74.17888 74.13450 74.09017 74.04587 74.00158 73.95730 73.91301 73.86869 73.82433 73.77992 73.73545 73.69089 73.64625 73.60150 73.55663 73.51163 73.46648 73.42118 73.37571 73.33005 73.28419 73.23811 73.19181 73.14527 73.09848 73.05142 73.00407 72.95642 72.90846 72.86017 72.81153 72.76254 72.71316 72.66340 72.61322 72.56262 72.51157 72.46006 72.40807 72.35558 72.30257 72.24902 72.19491 72.14023 72.08494 72.02902 71.97246 71.91523 71.85731 71.79867 71.73928 71.67913 71.61817 71.55639 71.49375 71.43022 71.36577 71.30038 71.23400 71.16660 71.09814 71.02859 70.95790 70.88604 70.81295 70.73861 70.66296 70.58595 70.50753 70.42765 70.34625 70.26328 70.17867 70.09237 70.00430 69.91440 69.82259 69.72880 69.63294 69.53494 69.43470 69.33213 69.22713 69.11959 69.00942 68.89648 68.78067 68.66184 68.53986 68.41459 68.28588 68.15355 68.01744 67.87736 67.73311 67.58449 67.43127 67.27321 67.11006 66.94155 66.76738 66.58725 66.40080 66.20770 66.00753 65.79990 65.58434 65.36036 65.12745 64.88502 64.63245 64.36907 64.09415 63.80688 63.50638 63.19171 62.86180 62.51550 62.15155 61.76853 61.36492 60.93899 60.48884 60.01236 59.50719 58.97071 58.39996 57.79164 57.14203 56.44694 55.70163 54.90073 54.03816 53.10701 52.09940 51.00637 49.81771 48.52179 47.10539 45.55356 43.84943 41.97422 39.90719 37.62601 35.10725 32.32748 29.26503 25.90254 22.23060 18.25212 13.98725 9.47741 4.78687 0.00000 
100.00000 98.21289 96.46990 94.80833 93.25462 91.82360 90.52015 89.34182 88.28147 87.32946 86.47509 85.70772 85.01726 84.39449 83.83118 83.32007 82.85482 82.42992 82.04061 81.68275 81.35277 81.04758 80.76449 80.50115 80.25554 80.02587 79.81056 79.60826 79.41775 79.23795 79.06792 78.90680 78.75385 78.60839 78.46982 78.33759 78.21121 78.09025 77.97430 77.86300 77.75602 77.65307 77.55385 77.45814 77.36569 77.27630 77.18977 77.10593 77.02461 76.94565 76.86892 76.79429 76.72164 76.65085 76.58182 76.51445 76.44866 76.38435 76.32144 76.25987 76.19956 76.14044 76.08246 76.02556 75.96968 75.91477 75.86078 75.80766 75.75537 75.70388 75.65313 75.60310 75.55375 75.50503 75.45693 75.40941 75.36244 75.31600 75.27005 75.22457 75.17953 75.13492 75.09071 75.04687 75.00339 74.96025 74.91742 74.87489 74.83264 74.79064 74.74890 74.70737 74.66606 74.62494 74.58400 74.54322 74.50260 74.46210 74.42173 74.38146 74.34128 74.30119 74.26116 74.22118 74.18124 74.14133 74.10143 74.06154 74.02164 73.98171 73.94175 73.90174 73.86168 73.82154 73.78132 73.74101 73.70059 73.66005 73.61938 73.57857 73.53760 73.49647 73.45516 73.41365 73.37194 73.33002 73.28786 73.24546 73.20280 73.15988 73.11667 73.07316 73.02934 72.98520 72.94072 72.89588 72.85067 72.80508 72.75909 72.71267 72.66583 72.61853 72.57076 72.52251 72.47375 72.42447 72.37465 72.32426 72.27329 72.22171 72.16951 72.11666 72.06314 72.00891 71.95397 71.89828 71.84182 71.78455 71.72646 71.66750 71.60766 71.54689 71.48517 71.42246 71.35872 71.29392 71.22802 71.16097 71.09274 71.02329 70.95255 70.88050 70.80708 70.73223 70.65590 70.57803 70.49857 70.41744 70.33459 70.24994 70.16342 70.07496 69.98447 69.89187 69.79706 69.69996 69.60046 69.49846 69.39384 69.28649 69.17628 69.06308 68.94676 68.82715 68.70410 68.57744 68.44700 68.31257 68.17396 68.03095 67.88330 67.73076 67.57307 67.40994 67.24105 67.06608 66.88466 66.69642 66.50092 66.29773 66.08635 65.86625 65.63686 65.39754 65.14761 64.88633 64.61288 64.32635 64.02577 63.71005 63.37800 63.02829 62.65945 62.26987 61.85774 61.42102 60.95748 60.46456 59.93942 59.37886 58.77923 58.13641 57.44572 56.70181 55.89857 55.02898 54.08499 53.05730 51.93521 50.70632 49.35633 47.86872 46.22447 44.40183 42.37607 40.11957 37.60207 34.79157 31.65609 28.16663 24.30178 20.05421 15.43857 10.49935 5.31585 0.00000 
100.00000 97.99413 96.05118 94.22175 92.53796 91.01405 89.65042 88.43858 87.36525 86.41533 85.57374 84.82637 84.16057 83.56525 83.03084 82.54917 82.11325 81.71716 81.35586 81.02505 80.72107 80.44079 80.18151 79.94092 79.71700 79.50802 79.31247 79.12901 78.95649 78.79388 78.64028 78.49490 78.35702 78.22601 78.10131 77.98241 77.86885 77.76022 77.65615 77.55632 77.46041 77.36815 77.27928 77.19358 77.11084 77.03086 76.95347 76.87851 76.80581 76.73526 76.66671 76.60005 76.53518 76.47198 76.41036 76.35024 76.29153 76.23416 76.17805 76.12313 76.06935 76.01665 75.96496 75.91423 75.86443 75.81549 75.76738 75.72005 75.67347 75.62759 75.58239 75.53782 75.49386 75.45048 75.40765 75.36533 75.32351 75.28215 75.24124 75.20075 75.16066 75.12095 75.08159 75.04257 75.00387 74.96547 74.92735 74.88950 74.85190 74.81453 74.77737 74.74042 74.70366 74.66707 74.63064 74.59436 74.55820 74.52217 74.48625 74.45042 74.41468 74.37900 74.34339 74.30782 74.27228 74.23678 74.20128 74.16579 74.13029 74.09477 74.05921 74.02362 73.98798 73.95227 73.91649 73.88063 73.84467 73.80860 73.77242 73.73611 73.69967 73.66307 73.62632 73.58939 73.55229 73.51499 73.47748 73.43976 73.40181 73.36362 73.32517 73.28647 73.24748 73.20821 73.16863 73.12873 73.08851 73.04794 73.00702 72.96572 72.92404 72.88195 72.83944 72.79651 72.75312 72.70926 72.66493 72.62008 72.57472 72.52882 72.48236 72.43532 72.38769 72.33943 72.29052 72.24095 72.19069 72.13972 72.08800 72.03552 71.98224 71.92814 71.87319 71.81735 71.76060 71.70290 71.64422 71.58452 71.52376 71.46190 71.39890 71.33473 71.26933 71.20265 71.13466 71.06529 70.99449 70.92221 70.84838 70.77295 70.69585 70.61701 70.53635 70.45381 70.36929 70.28272 70.19400 70.10304 70.00975 69.91400 69.81569 69.71471 69.61092 69.50418 69.39437 69.28132 69.16486 69.04484 68.92106 68.79333 68.66143 68.52513 68.38421 68.23838 68.08738 67.93090 67.76862 67.60018 67.42521 67.24329 67.05397 66.85678 66.65119 66.43661 66.21243 65.97796 65.73244 65.47505 65.20489 64.92094 64.62211 64.30716 63.97473 63.62331 63.25121 62.85652 62.43713 61.99063 61.51432 61.00514 60.45961 59.87376 59.24304 58.56223 57.82532 57.02536 56.15427 55.20264 54.15949 53.01195 51.74488 50.34051 48.77792 47.03255 45.07570 42.87414 40.38988 37.58065 34.40114 30.80609 26.75567 22.22439 17.21347 11.76559 5.97719 0.00000 
100.00000 97.71243 95.51897 93.48951 91.66142 90.04421 88.62892 87.39683 86.32561 85.39289 84.57817 83.86345 83.23339 82.67508 82.17777 81.73251 81.33185 80.96961 80.64062 80.34052 80.06568 79.81300 79.57986 79.36401 79.16353 78.97676 78.80227 78.63882 78.48531 78.34080 78.20444 78.07550 77.95333 77.83733 77.72701 77.62188 77.52154 77.42562 77.33378 77.24571 77.16115 77.07983 77.00154 76.92607 76.85323 76.78284 76.71475 76.64881 76.58489 76.52286 76.46261 76.40403 76.34704 76.29152 76.23741 76.18461 76.13307 76.08271 76.03346 75.98527 75.93807 75.89183 75.84648 75.80199 75.75831 75.71539 75.67320 75.63170 75.59085 75.55063 75.51100 75.47194 75.43341 75.39538 75.35784 75.32076 75.28411 75.24787 75.21202 75.17654 75.14141 75.10662 75.07214 75.03796 75.00405 74.97041 74.93702 74.90386 74.87092 74.83819 74.80565 74.77328 74.74108 74.70904 74.67713 74.64535 74.61369 74.58214 74.55068 74.51930 74.48800 74.45676 74.42557 74.39442 74.36330 74.33221 74.30113 74.27005 74.23896 74.20785 74.17672 74.14556 74.11434 74.08308 74.05174 74.02034 73.98885 73.95727 73.92559 73.89380 73.86188 73.82984 73.79765 73.76532 73.73283 73.70016 73.66732 73.63429 73.60105 73.56761 73.53394 73.50005 73.46591 73.43151 73.39685 73.36192 73.32669 73.29116 73.25532 73.21915 73.18265 73.14579 73.10856 73.07095 73.03295 72.99454 72.95570 72.91643 72.87670 72.83649 72.79579 72.75459 72.71286 72.67058 72.62774 72.58431 72.54028 72.49562 72.45031 72.40433 72.35765 72.31024 72.26209 72.21317 72.16344 72.11287 72.06144 72.00912 71.95587 71.90165 71.84644 71.79018 71.73285 71.67440 71.61479 71.55397 71.49190 71.42852 71.36379 71.29764 71.23002 71.16087 71.09013 71.01772 70.94358 70.86763 70.78979 70.70997 70.62810 70.54407 70.45779 70.36914 70.27802 70.18431 70.08788 69.98859 69.88630 69.78087 69.67211 69.55987 69.44394 69.32414 69.20024 69.07200 68.93919 68.80153 68.65873 68.51048 68.35644 68.19624 68.02947 67.85572 67.67450 67.48529 67.28754 67.08063 66.86387 66.63653 66.39778 66.14672 65.88233 65.60351 65.30901 64.99744 64.66726 64.31673 63.94388 63.54651 63.12209 62.66778 62.18032 61.65597 61.09044 60.47875 59.81513 59.09287 58.30408 57.43951 56.48818 55.43710 54.27074 52.97052 51.51413 49.87474 48.02006 45.91139 43.50268 40.73999 37.56175 33.90091 29.69044 24.87420 19.42532 13.37233 6.82733 0.00000 
100.00000 97.33663 94.82275 92.55591 90.57401 88.87245 87.42420 86.19422 85.14745 84.25246 83.48259 82.81587 82.23446 81.72393 81.27266 80.87124 80.51204 80.18882 79.89647 79.63074 79.38813 79.16567 78.96091 78.77172 78.59634 78.43321 78.28104 78.13868 78.00514 77.87956 77.76118 77.64934 77.54345 77.44299 77.34750 77.25657 77.16983 77.08695 77.00763 76.93161 76.85863 76.78849 76.72098 76.65593 76.59315 76.53252 76.47387 76.41709 76.36207 76.30868 76.25683 76.20644 76.15741 76.10966 76.06313 76.01774 75.97343 75.93014 75.88781 75.84640 75.80585 75.76612 75.72716 75.68894 75.65142 75.61456 75.57832 75.54269 75.50762 75.47308 75.43906 75.40552 75.37244 75.33980 75.30758 75.27575 75.24429 75.21319 75.18242 75.15198 75.12183 75.09198 75.06239 75.03306 75.00397 74.97510 74.94645 74.91801 74.88975 74.86166 74.83375 74.80598 74.77836 74.75087 74.72350 74.69624 74.66908 74.64201 74.61502 74.58811 74.56126 74.53446 74.50771 74.48099 74.45430 74.42763 74.40097 74.37431 74.34765 74.32097 74.29427 74.26753 74.24076 74.21395 74.18707 74.16014 74.13313 74.10604 74.07887 74.05160 74.02423 73.99674 73.96914 73.94140 73.91353 73.88552 73.85735 73.82901 73.80051 73.77182 73.74295 73.71387 73.68459 73.65509 73.62536 73.59539 73.56517 73.53470 73.50395 73.47293 73.44161 73.40999 73.37806 73.34579 73.31319 73.28024 73.24692 73.21323 73.17914 73.14465 73.10973 73.07438 73.03857 73.00230 72.96554 72.92828 72.89050 72.85217 72.81329 72.77384 72.73378 72.69310 72.65177 72.60978 72.56710 72.52370 72.47956 72.43465 72.38894 72.34240 72.29500 72.24671 72.19749 72.14731 72.09613 72.04391 71.99061 71.93619 71.88060 71.82379 71.76572 71.70633 71.64556 71.58337 71.51967 71.45442 71.38754 71.31897 71.24861 71.17640 71.10224 71.02604 70.94771 70.86715 70.78424 70.69886 70.61090 70.52021 70.42666 70.33009 70.23034 70.12724 70.02059 69.91020 69.79585 69.67730 69.55430 69.42657 69.29383 69.15574 69.01197 68.86212 68.70579 68.54252 68.37182 68.19314 68.00589 67.80942 67.60299 67.38581 67.15699 66.91554 66.66034 66.39018 66.10367 65.79925 65.47517 65.12942 64.75975 64.36357 63.93792 63.47938 62.98400 62.44719 61.86359 61.22690 60.52969 59.76312 58.91663 57.97753 56.93045 55.75670 54.43336 52.93222 51.21841 49.24867 46.96947 44.31488 41.20494 37.54536 33.23099 28.15664 22.24128 15.47110 7.95979 0.00000 
100.00000 96.81133 93.87949 91.33737 89.20626 87.44736 86.00122 84.80841 83.81751 82.98691 82.28387 81.68300 81.16464 80.71351 80.31768 79.96775 79.65624 79.37717 79.12569 78.89785 78.69041 78.50066 78.32637 78.16564 78.01688 77.87872 77.75000 77.62972 77.51701 77.41111 77.31138 77.21722 77.12813 77.04367 76.96343 76.88707 76.81425 76.74471 76.67819 76.61445 76.55329 76.49452 76.43798 76.38350 76.33095 76.28020 76.23113 76.18363 76.13760 76.09296 76.04961 76.00748 75.96650 75.92660 75.88771 75.84979 75.81277 75.77660 75.74125 75.70667 75.67280 75.63963 75.60710 75.57519 75.54387 75.51310 75.48285 75.45311 75.42384 75.39502 75.36663 75.33864 75.31104 75.28381 75.25692 75.23037 75.20412 75.17818 75.15251 75.12711 75.10197 75.07706 75.05238 75.02792 75.00366 74.97958 74.95569 74.93196 74.90839 74.88497 74.86169 74.83854 74.81550 74.79257 74.76975 74.74702 74.72437 74.70180 74.67930 74.65685 74.63446 74.61212 74.58981 74.56753 74.54528 74.52304 74.50081 74.47858 74.45635 74.43411 74.41184 74.38955 74.36723 74.34487 74.32246 74.30000 74.27749 74.25490 74.23224 74.20951 74.18668 74.16377 74.14075 74.11763 74.09439 74.07103 74.04754 74.02392 74.00015 73.97623 73.95215 73.92791 73.90349 73.87889 73.85410 73.82911 73.80391 73.77850 73.75286 73.72699 73.70088 73.67451 73.64788 73.62098 73.59379 73.56631 73.53852 73.51042 73.48199 73.45323 73.42411 73.39462 73.36476 73.33450 73.30385 73.27277 73.24125 73.20929 73.17686 73.14394 73.11053 73.07659 73.04212 73.00709 72.97148 72.93528 72.89845 72.86098 72.82285 72.78401 72.74447 72.70417 72.66310 72.62122 72.57851 72.53493 72.49045 72.44503 72.39863 72.35121 72.30274 72.25316 72.20243 72.15051 72.09733 72.04285 71.98700 71.92973 71.87098 71.81067 71.74873 71.68508 71.61965 71.55234 71.48306 71.41172 71.33821 71.26242 71.18422 71.10349 71.02010 70.93389 70.84470 70.75237 70.65671 70.55752 70.45459 70.34769 70.23656 70.12094 70.00053 69.87500 69.74401 69.60717 69.46407 69.31422 69.15714 68.99226 68.81896 68.63655 68.44428 68.24130 68.02665 67.79928 67.55799 67.30144 67.02811 66.73626 66.42392 66.08884 65.72841 65.33962 64.91898 64.46242 63.96513 63.42146 62.82465 62.16664 61.43769 60.62593 59.71685 58.69247 57.53039 56.20239 54.67267 52.89541 50.81163 48.34513 45.39777 41.84462 37.53150 32.28009 25.91207 18.31099 9.54074 0.00000 
100.00000 96.02920 92.54650 89.70781 87.46631 85.70952 84.32493 83.22067 82.32729 81.59378 80.98297 80.46761 80.02758 79.64780 79.31682 79.02584 78.76801 78.53793 78.33128 78.14457 77.97499 77.82020 77.67827 77.54760 77.42682 77.31479 77.21053 77.11319 77.02207 76.93652 76.85600 76.78003 76.70820 76.64013 76.57550 76.51401 76.45541 76.39946 76.34595 76.29471 76.24555 76.19833 76.15290 76.10915 76.06695 76.02620 75.98681 75.94869 75.91176 75.87594 75.84117 75.80737 75.77451 75.74251 75.71133 75.68093 75.65125 75.62226 75.59393 75.56621 75.53907 75.51249 75.48643 75.46086 75.43576 75.41111 75.38689 75.36306 75.33962 75.31653 75.29379 75.27138 75.24928 75.22747 75.20594 75.18467 75.16366 75.14288 75.12233 75.10200 75.08186 75.06192 75.04216 75.02258 75.00315 74.98388 74.96475 74.94576 74.92689 74.90814 74.88951 74.87097 74.85253 74.83418 74.81591 74.79772 74.77959 74.76152 74.74351 74.72555 74.70763 74.68974 74.67188 74.65405 74.63624 74.61844 74.60065 74.58286 74.56507 74.54726 74.52944 74.51160 74.49374 74.47584 74.45791 74.43993 74.42191 74.40383 74.38570 74.36750 74.34924 74.33089 74.31247 74.29396 74.27536 74.25667 74.23787 74.21896 74.19994 74.18079 74.16152 74.14212 74.12257 74.10288 74.08304 74.06304 74.04287 74.02253 74.00201 73.98130 73.96040 73.93929 73.91797 73.89644 73.87468 73.85268 73.83044 73.80794 73.78519 73.76216 73.73885 73.71524 73.69134 73.66712 73.64257 73.61769 73.59246 73.56687 73.54090 73.51455 73.48780 73.46063 73.43303 73.40498 73.37647 73.34748 73.31799 73.28798 73.25744 73.22635 73.19467 73.16240 73.12951 73.09597 73.06176 73.02686 72.99123 72.95485 72.91768 72.87969 72.84086 72.80114 72.76050 72.71890 72.67629 72.63263 72.58788 72.54199 72.49490 72.44657 72.39692 72.34590 72.29345 72.23949 72.18395 72.12675 72.06781 72.00703 71.94432 71.87957 71.81267 71.74351 71.67195 71.59786 71.52109 71.44148 71.35885 71.27302 71.18379 71.09093 70.99421 70.89336 70.78809 70.67810 70.56305 70.44255 70.31619 70.18352 70.04403 69.89716 69.74229 69.57872 69.40568 69.22229 69.02757 68.82042 68.59957 68.36359 68.11084 67.83945 67.54725 67.23171 66.88989 66.51837 66.11306 65.66914 65.18082 64.64112 64.04155 63.37166 62.61854 61.76594 60.79332 59.67427 58.37447 56.84869 55.03651 52.85626 50.19637 46.90385 42.77031 37.52016 30.81590 22.32004 11.89219 0.00000 
100.00000 94.75896 90.56952 87.48105 85.24166 83.59947 82.36829 81.42206 80.67719 80.07797 79.58661 79.17691 78.83028 78.53328 78.27594 78.05078 77.85204 77.67526 77.51691 77.37417 77.24478 77.12687 77.01892 76.91966 76.82801 76.74309 76.66412 76.59046 76.52154 76.45688 76.39606 76.33871 76.28450 76.23315 76.18442 76.13807 76.09391 76.05176 76.01147 75.97288 75.93587 75.90033 75.86615 75.83323 75.80149 75.77085 75.74123 75.71257 75.68480 75.65788 75.63174 75.60634 75.58165 75.55760 75.53418 75.51134 75.48904 75.46727 75.44599 75.42517 75.40479 75.38483 75.36526 75.34606 75.32722 75.30871 75.29052 75.27263 75.25503 75.23770 75.22063 75.20381 75.18722 75.17084 75.15468 75.13872 75.12295 75.10736 75.09194 75.07667 75.06157 75.04660 75.03177 75.01708 75.00250 74.98804 74.97368 74.95943 74.94527 74.93121 74.91722 74.90331 74.88948 74.87571 74.86200 74.84835 74.83474 74.82119 74.80767 74.79420 74.78075 74.76733 74.75393 74.74056 74.72719 74.71384 74.70049 74.68714 74.67379 74.66043 74.64706 74.63368 74.62028 74.60685 74.59339 74.57991 74.56639 74.55282 74.53922 74.52557 74.51186 74.49810 74.48428 74.47039 74.45644 74.44241 74.42831 74.41412 74.39985 74.38548 74.37102 74.35646 74.34180 74.32703 74.31214 74.29713 74.28200 74.26674 74.25134 74.23580 74.22012 74.20428 74.18829 74.17213 74.15580 74.13930 74.12261 74.10573 74.08865 74.07137 74.05388 74.03617 74.01823 74.00005 73.98163 73.96296 73.94403 73.92482 73.90534 73.88556 73.86548 73.84509 73.82438 73.80333 73.78193 73.76017 73.73804 73.71552 73.69259 73.66925 73.64548 73.62126 73.59657 73.57139 73.54571 73.51951 73.49276 73.46545 73.43754 73.40902 73.37987 73.35005 73.31953 73.28829 73.25630 73.22351 73.18991 73.15544 73.12008 73.08378 73.04649 73.00817 72.96877 72.92823 72.88651 72.84353 72.79924 72.75357 72.70644 72.65778 72.60751 72.55552 72.50173 72.44603 72.38831 72.32845 72.26632 72.20176 72.13464 72.06479 71.99201 71.91612 71.83689 71.75410 71.66747 71.57673 71.48155 71.38160 71.27648 71.16577 71.04900 70.92562 70.79506 70.65663 70.50959 70.35309 70.18615 70.00768 69.81641 69.61088 69.38942 69.15006 68.89052 68.60810 68.29961 67.96122 67.58837 67.17547 66.71571 66.20064 65.61969 64.95945 64.20269 63.32691 62.30226 61.08835 59.62947 57.84702 55.62760 52.80408 49.12574 44.21434 37.51134 28.26110 15.70796 0.00000 
100.00000 92.43711 87.49158 84.40521 82.41981 81.07840 80.12672 79.42208 78.88144 78.45430 78.10860 77.82312 77.58336 77.37909 77.20290 77.04929 76.91411 76.79415 76.68692 76.59043 76.50308 76.42359 76.35089 76.28410 76.22248 76.16543 76.11241 76.06298 76.01676 75.97342 75.93266 75.89424 75.85794 75.82357 75.79095 75.75994 75.73040 75.70221 75.67527 75.64947 75.62474 75.60098 75.57814 75.55615 75.53494 75.51447 75.49469 75.47555 75.45700 75.43902 75.42157 75.40462 75.38813 75.37208 75.35644 75.34120 75.32632 75.31179 75.29758 75.28369 75.27009 75.25677 75.24371 75.23090 75.21833 75.20598 75.19385 75.18191 75.17017 75.15861 75.14722 75.13600 75.12493 75.11401 75.10323 75.09259 75.08207 75.07167 75.06138 75.05120 75.04112 75.03114 75.02125 75.01145 75.00173 74.99208 74.98251 74.97301 74.96356 74.95418 74.94486 74.93558 74.92635 74.91717 74.90803 74.89893 74.88986 74.88082 74.87180 74.86282 74.85385 74.84490 74.83597 74.82705 74.81813 74.80923 74.80033 74.79143 74.78252 74.77362 74.76470 74.75578 74.74684 74.73788 74.72891 74.71992 74.71090 74.70186 74.69279 74.68368 74.67454 74.66537 74.65615 74.64689 74.63758 74.62823 74.61882 74.60936 74.59985 74.59027 74.58063 74.57092 74.56114 74.55129 74.54136 74.53135 74.52126 74.51108 74.50082 74.49045 74.48000 74.46943 74.45877 74.44799 74.43710 74.42610 74.41497 74.40371 74.39232 74.38080 74.36913 74.35732 74.34535 74.33323 74.32095 74.30850 74.29587 74.28306 74.27006 74.25687 74.24348 74.22988 74.21606 74.20202 74.18775 74.17324 74.15848 74.14345 74.12816 74.11259 74.09674 74.08058 74.06411 74.04731 74.03018 74.01270 73.99486 73.97664 73.95802 73.93899 73.91954 73.89964 73.87928 73.85844 73.83709 73.81522 73.79279 73.76980 73.74620 73.72197 73.69708 73.67151 73.64521 73.61816 73.59031 73.56162 73.53206 73.50157 73.47011 73.43762 73.40405 73.36934 73.33342 73.29623 73.25768 73.21770 73.17620 73.13308 73.08823 73.04156 72.99293 72.94222 72.88927 72.83392 72.77601 72.71534 72.65169 72.58484 72.51452 72.44045 72.36230 72.27971 72.19229 72.09958 72.00107 71.89619 71.78427 71.66457 71.53623 71.39825 71.24949 71.08861 70.91403 70.72391 70.51604 70.28778 70.03596 69.75669 69.44519 69.09550 68.70013 68.24947 67.73106 67.12842 66.41929 65.57300 64.54601 63.27474 61.66295 59.55914 56.71421 52.70012 46.75402 37.50504 22.67857 0.00000 
100.00000 87.49789 82.55447 80.22841 78.95396 78.16762 77.63811 77.25809 76.97219 76.74921 76.57035 76.42360 76.30095 76.19683 76.10728 76.02938 75.96095 75.90033 75.84620 75.79754 75.75354 75.71352 75.67694 75.64336 75.61239 75.58373 75.55711 75.53230 75.50911 75.48736 75.46692 75.44765 75.42946 75.41223 75.39588 75.38034 75.36554 75.35142 75.33792 75.32500 75.31261 75.30072 75.28928 75.27827 75.26766 75.25741 75.24750 75.23792 75.22864 75.21964 75.21091 75.20243 75.19417 75.18614 75.17832 75.17069 75.16325 75.15598 75.14887 75.14192 75.13512 75.12845 75.12192 75.11551 75.10922 75.10304 75.09697 75.09100 75.08513 75.07935 75.07365 75.06804 75.06250 75.05704 75.05165 75.04633 75.04106 75.03586 75.03072 75.02563 75.02059 75.01559 75.01065 75.00575 75.00088 74.99606 74.99127 74.98652 74.98180 74.97711 74.97244 74.96780 74.96319 74.95860 74.95402 74.94947 74.94494 74.94041 74.93591 74.93141 74.92693 74.92245 74.91799 74.91353 74.90907 74.90462 74.90016 74.89571 74.89126 74.88681 74.88235 74.87788 74.87341 74.86894 74.86445 74.85995 74.85544 74.85092 74.84638 74.84183 74.83726 74.83267 74.82806 74.82343 74.81878 74.81410 74.80940 74.80467 74.79991 74.79512 74.79030 74.78544 74.78055 74.77562 74.77066 74.76566 74.76061 74.75552 74.75038 74.74520 74.73997 74.73469 74.72936 74.72397 74.71852 74.71302 74.70745 74.70182 74.69613 74.69036 74.68453 74.67862 74.67264 74.66658 74.66043 74.65420 74.64789 74.64148 74.63498 74.62839 74.62169 74.61489 74.60798 74.60095 74.59382 74.58656 74.57917 74.57166 74.56401 74.55622 74.54829 74.54021 74.53197 74.52357 74.51500 74.50626 74.49733 74.48822 74.47891 74.46939 74.45966 74.44971 74.43952 74.42909 74.41841 74.40747 74.39625 74.38475 74.37294 74.36082 74.34837 74.33557 74.32242 74.30888 74.29494 74.28059 74.26580 74.25054 74.23480 74.21854 74.20174 74.18437 74.16639 74.14778 74.12848 74.10847 74.08769 74.06611 74.04366 74.02029 73.99594 73.97055 73.94403 73.91632 73.88731 73.85692 73.82504 73.79155 73.75632 73.71920 73.68003 73.63864 73.59482 73.54833 73.49893 73.44632 73.39018 73.33011 73.26569 73.19641 73.12169 73.04084 72.95308 72.85746 72.75285 72.63791 72.51100 72.37013 72.21284 72.03605 71.83586 71.60725 71.34368 71.03640 70.67351 70.23833 69.70683 69.04297 68.19031 67.05533 65.47186 63.11789 59.29960 52.32647 37.50126 0.00000 
75.00000 75.00000 75.00000 75.00000 75.00000 75.00000 75.00000 75.00000 75.00000 75.00000 75.00000 75.00000 75.00000 75.00000 75.00000 75.00000 75.00000 75.00000 75.00000 75.00000 75.00000 75.00000 75.00000 75.00000 75.00000 75.00000 75.00000 75.00000 75.00000 75.00000 75.00000 75.00000 75.00000 75.00000 75.00000 75.00000 75.00000 75.00000 75.00000 75.00000 75.00000 75.00000 75.00000 75.00000 75.00000 75.00000 75.00000 75.00000 75.00000 75.00000 75.00000 75.00000 75.00000 75.00000 75.00000 75.00000 75.00000 75.00000 75.00000 75.00000 75.00000 75.00000 75.00000 75.00000 75.00000 75.00000 75.00000 75.00000 75.00000 75.00000 75.00000 75.00000 75.00000 75.00000 75.00000 75.00000 75.00000 75.00000 75.00000 75.00000 75.00000 75.00000 75.00000 75.00000 75.00000 75.00000 75.00000 75.00000 75.00000 75.00000 75.00000 75.00000 75.00000 75.00000 75.00000 75.00000 75.00000 75.00000 75.00000 75.00000 75.00000 75.00000 75.00000 75.00000 75.00000 75.00000 75.00000 75.00000 75.00000 75.00000 75.00000 75.00000 75.00000 75.00000 75.00000 75.00000 75.00000 75.00000 75.00000 75.00000 75.00000 75.00000 75.00000 75.00000 75.00000 75.00000 75.00000 75.00000 75.00000 75.00000 75.00000 75.00000 75.00000 75.00000 75.00000 75.00000 75.00000 75.00000 75.00000 75.00000 75.00000 75.00000 75.00000 75.00000 75.00000 75.00000 75.00000 75.00000 75.00000 75.00000 75.00000 75.00000 75.00000 75.00000 75.00000 75.00000 75.00000 75.00000 75.00000 75.00000 75.00000 75.00000 75.00000 75.00000 75.00000 75.00000 75.00000 75.00000 75.00000 75.00000 75.00000 75.00000 75.00000 75.00000 75.00000 75.00000 75.00000 75.00000 75.00000 75.00000 75.00000 75.00000 75.00000 75.00000 75.00000 75.00000 75.00000 75.00000 75.00000 75.00000 75.00000 75.00000 75.00000 75.00000 75.00000 75.00000 75.00000 75.00000 75.00000 75.00000 75.00000 75.00000 75.00000 75.00000 75.00000 75.00000 75.00000 75.00000 75.00000 75.00000 75.00000 75.00000 75.00000 75.00000 75.00000 75.00000 75.00000 75.00000 75.00000 75.00000 75.00000 75.00000 75.00000 75.00000 75.00000 75.00000 75.00000 75.00000 75.00000 75.00000 75.00000 75.00000 75.00000 75.00000 75.00000 75.00000 75.00000 75.00000 75.00000 75.00000 75.00000 75.00000 75.00000 75.00000 75.00000 75.00000 75.00000 75.00000 75.00000 75.00000 75.00000 75.00000 75.00000 75.00000 75.00000 75.00000 
