### N=128
50.00000 50.00000 50.00000 50.00000 50.00000 50.00000 50.00000 50.00000 50.00000 50.00000 50.00000 50.00000 50.00000 50.00000 50.00000 50.00000 50.00000 50.00000 50.00000 50.00000 50.00000 50.00000 50.00000 50.00000 50.00000 50.00000 50.00000 50.00000 50.00000 50.00000 50.00000 50.00000 50.00000 50.00000 50.00000 50.00000 50.00000 50.00000 50.00000 50.00000 50.00000 50.00000 50.00000 50.00000 50.00000 50.00000 50.00000 50.00000 50.00000 50.00000 50.00000 50.00000 50.00000 50.00000 50.00000 50.00000 50.00000 50.00000 50.00000 50.00000 50.00000 50.00000 50.00000 50.00000 50.00000 50.00000 50.00000 50.00000 50.00000 50.00000 50.00000 50.00000 50.00000 50.00000 50.00000 50.00000 50.00000 50.00000 50.00000 50.00000 50.00000 50.00000 50.00000 50.00000 50.00000 50.00000 50.00000 50.00000 50.00000 50.00000 50.00000 50.00000 50.00000 50.00000 50.00000 50.00000 50.00000 50.00000 50.00000 50.00000 50.00000 50.00000 50.00000 50.00000 50.00000 50.00000 50.00000 50.00000 50.00000 50.00000 50.00000 50.00000 50.00000 50.00000 50.00000 50.00000 50.00000 50.00000 50.00000 50.00000 50.00000 50.00000 50.00000 50.00000 50.00000 50.00000 50.00000 50.00000 
100.00000 74.99491 65.10718 60.45418 57.90438 56.33080 55.27088 54.50993 53.93719 53.49029 53.13162 52.83714 52.59083 52.38158 52.20143 52.04457 51.90661 51.78423 51.67481 51.57630 51.48706 51.40576 51.33129 51.26277 51.19944 51.14068 51.08593 51.03476 50.98676 50.94160 50.89898 50.85865 50.82039 50.78400 50.74929 50.71612 50.68435 50.65385 50.62451 50.59623 50.56892 50.54250 50.51688 50.49201 50.46781 50.44423 50.42121 50.39871 50.37667 50.35506 50.33383 50.31295 50.29237 50.27207 50.25201 50.23216 50.21249 50.19298 50.17358 50.15429 50.13507 50.11589 50.09673 50.07757 50.05838 50.03914 50.01982 50.00040 49.98085 49.96114 49.94126 49.92117 49.90085 49.88027 49.85940 49.83821 49.81666 49.79473 49.77237 49.74955 49.72624 49.70238 49.67793 49.65284 49.62706 49.60053 49.57319 49.54497 49.51579 49.48558 49.45423 49.42166 49.38776 49.35239 49.31542 49.27670 49.23606 49.19329 49.14817 49.10045 49.04984 48.99600 48.93854 48.87701 48.81087 48.73949 48.66212 48.57787 48.48564 48.38411 48.27162 48.14614 48.00506 47.84503 47.66169 47.44921 47.19965 46.90191 46.53994 46.08974 45.51367 44.74938 43.68610 42.10915 39.55598 34.89959 25.00848 0.00000 
100.00000 84.87246 74.97964 68.80514 64.83255 62.14795 60.24277 58.83166 57.74852 56.89237 56.19903 55.62612 55.14461 54.73404 54.37958 54.07022 53.79766 53.55550 53.33871 53.14334 52.96619 52.80467 52.65664 52.52035 52.39433 52.27733 52.16829 52.06633 51.97067 51.88065 51.79567 51.71524 51.63892 51.56630 51.49705 51.43085 51.36743 51.30654 51.24797 51.19150 51.13696 51.08419 51.03302 50.98334 50.93500 50.88789 50.84191 50.79695 50.75292 50.70974 50.66732 50.62559 50.58447 50.54390 50.50381 50.46414 50.42484 50.38583 50.34707 50.30851 50.27009 50.23176 50.19347 50.15517 50.11682 50.07836 50.03974 50.00092 49.96185 49.92247 49.88273 49.84258 49.80197 49.76083 49.71912 49.67677 49.63371 49.58987 49.54520 49.49961 49.45302 49.40534 49.35649 49.30637 49.25487 49.20187 49.14726 49.09089 49.03262 48.97228 48.90969 48.84467 48.77698 48.70638 48.63260 48.55533 48.47424 48.38892 48.29894 48.20380 48.10292 47.99563 47.88116 47.75863 47.62698 47.48497 47.33113 47.16371 46.98059 46.77916 46.55625 46.30788 46.02906 45.71337 45.35252 44.93550 44.44750 43.86804 43.16812 42.30534 41.21555 39.79775 37.88586 35.19452 31.21518 25.03392 15.13432 0.00000 
100.00000 89.51528 81.13378 74.95419 70.47274 67.18567 64.72061 62.82540 61.33288 60.13162 59.14603 58.32369 57.62746 57.03040 56.51261 56.05908 55.65832 55.30138 54.98120 54.69216 54.42969 54.19008 53.97026 53.76767 53.58019 53.40601 53.24359 53.09161 52.94896 52.81464 52.68782 52.56773 52.45373 52.34524 52.24175 52.14279 52.04797 51.95692 51.86931 51.78484 51.70323 51.62426 51.54769 51.47332 51.40095 51.33043 51.26158 51.19426 51.12833 51.06366 51.00012 50.93762 50.87603 50.81525 50.75520 50.69577 50.63687 50.57843 50.52037 50.46259 50.40502 50.34759 50.29022 50.23283 50.17536 50.11774 50.05987 50.00170 49.94315 49.88415 49.82461 49.76445 49.70360 49.64198 49.57948 49.51603 49.45152 49.38587 49.31895 49.25066 49.18088 49.10948 49.03633 48.96128 48.88417 48.80483 48.72308 48.63871 48.55151 48.46123 48.36760 48.27033 48.16910 48.06355 47.95326 47.83779 47.71664 47.58922 47.45488 47.31289 47.16240 47.00243 46.83185 46.64937 46.45344 46.24227 46.01373 45.76527 45.49383 45.19570 44.86633 44.50009 44.08992 43.62689 43.09950 42.49278 41.78679 40.95464 39.95916 38.74796 37.24545 35.34020 32.86506 29.56789 25.07631 18.88657 10.49489 0.00000 
100.00000 92.05489 85.08600 79.40509 74.91855 71.40139 68.62860 66.41644 64.62598 63.15522 61.92976 60.89516 60.01113 59.24750 58.58138 57.99517 57.47515 57.01049 56.59257 56.21441 55.87034 55.55571 55.26663 54.99989 54.75276 54.52292 54.30843 54.10757 53.91890 53.74115 53.57322 53.41413 53.26304 53.11919 52.98191 52.85061 52.72475 52.60386 52.48751 52.37530 52.26688 52.16193 52.06016 51.96129 51.86508 51.77129 51.67972 51.59018 51.50247 51.41643 51.33190 51.24872 51.16676 51.08588 51.00595 50.92685 50.84846 50.77067 50.69337 50.61645 50.53981 50.46335 50.38698 50.31058 50.23407 50.15734 50.08031 50.00287 49.92492 49.84636 49.76710 49.68702 49.60602 49.52398 49.44080 49.35635 49.27050 49.18312 49.09407 49.00320 48.91036 48.81538 48.71807 48.61825 48.51570 48.41021 48.30152 48.18938 48.07348 47.95352 47.82914 47.69996 47.56555 47.42544 47.27910 47.12594 46.96530 46.79642 46.61847 46.43048 46.23135 46.01983 45.79445 45.55355 45.29514 45.01695 44.71624 44.38980 44.03377 43.64348 43.21328 42.73621 42.20364 41.60475 40.92584 40.14931 39.25226 38.20456 36.96592 35.48189 33.67810 31.45254 28.66631 25.13566 20.63560 14.94114 7.95868 0.00000 
100.00000 93.61829 87.75024 82.66161 78.39499 74.87274 71.97597 69.58579 67.59939 65.93349 64.52265 63.31606 62.27439 61.36708 60.57025 59.86507 59.23661 58.67288 58.16416 57.70256 57.28156 56.89577 56.54068 56.21250 55.90802 55.62451 55.35963 55.11135 54.87793 54.65785 54.44977 54.25253 54.06510 53.88656 53.71609 53.55298 53.39657 53.24627 53.10157 52.96198 52.82706 52.69643 52.56972 52.44660 52.32677 52.20994 52.09585 51.98426 51.87495 51.76770 51.66232 51.55862 51.45642 51.35556 51.25588 51.15722 51.05945 50.96242 50.86599 50.77004 50.67443 50.57904 50.48375 50.38844 50.29299 50.19726 50.10115 50.00454 49.90729 49.80929 49.71040 49.61051 49.50947 49.40714 49.30339 49.19806 49.09100 48.98204 48.87101 48.75772 48.64199 48.52360 48.40233 48.27794 48.15019 48.01878 47.88342 47.74379 47.59952 47.45023 47.29549 47.13482 46.96771 46.79357 46.61177 46.42158 46.22220 46.01271 45.79210 45.55921 45.31271 45.05108 44.77259 44.47522 44.15664 43.81413 43.44449 43.04393 42.60796 42.13118 41.60711 41.02784 40.38367 39.66264 38.84980 37.92634 36.86839 35.64541 34.21807 32.53558 30.53250 28.12556 25.21197 21.67284 17.38930 12.28372 6.39869 0.00000 
100.00000 94.66804 89.63505 85.09613 81.12705 77.71860 74.81674 72.35135 70.25229 68.45672 66.91129 65.57205 64.40330 63.37618 62.46745 61.65827 60.93336 60.28023 59.68864 59.15010 58.65757 58.20513 57.78781 57.40140 57.04231 56.70747 56.39422 56.10027 55.82362 55.56254 55.31549 55.08114 54.85827 54.64585 54.44292 54.24865 54.06226 53.88309 53.71051 53.54397 53.38296 53.22701 53.07570 52.92863 52.78546 52.64584 52.50947 52.37607 52.24536 52.11711 51.99106 51.86701 51.74474 51.62406 51.50478 51.38672 51.26970 51.15356 51.03813 50.92327 50.80882 50.69463 50.58056 50.46645 50.35217 50.23757 50.12250 50.00684 49.89042 49.77309 49.65472 49.53514 49.41420 49.29173 49.16756 49.04151 48.91340 48.78303 48.65020 48.51469 48.37627 48.23469 48.08970 47.94101 47.78832 47.63130 47.46960 47.30283 47.13058 46.95239 46.76775 46.57612 46.37689 46.16937 45.95282 45.72641 45.48919 45.24012 44.97802 44.70155 44.40918 44.09919 43.76959 43.41810 43.04208 42.63845 42.20365 41.73347 41.22294 40.66618 40.05614 39.38435 38.64058 37.81234 36.88437 35.83787 34.64956 33.29063 31.72538 29.90986 27.79077 25.30524 22.38317 18.95444 14.96504 10.40575 5.35237 0.00000 
100.00000 95.41880 91.02581 86.96080 83.29849 80.05788 77.22105 74.75057 72.60172 70.72979 69.09373 67.65755 66.39055 65.26691 64.26510 63.36719 62.55832 61.82606 61.16007 60.55165 59.99348 59.47936 59.00403 58.56299 58.15237 57.76884 57.40951 57.07188 56.75375 56.45320 56.16853 55.89824 55.64101 55.39565 55.16110 54.93642 54.72075 54.51332 54.31343 54.12044 53.93379 53.75295 53.57742 53.40677 53.24059 53.07849 52.92013 52.76518 52.61333 52.46430 52.31781 52.17362 52.03148 51.89117 51.75246 51.61516 51.47907 51.34398 51.20972 51.07610 50.94296 50.81011 50.67739 50.54463 50.41167 50.27833 50.14446 50.00989 49.87444 49.73795 49.60025 49.46115 49.32046 49.17802 49.03360 48.88702 48.73806 48.58648 48.43207 48.27457 48.11371 47.94921 47.78077 47.60808 47.43078 47.24850 47.06084 46.86736 46.66759 46.46100 46.24702 46.02503 45.79435 45.55420 45.30374 45.04204 44.76804 44.48057 44.17831 43.85978 43.52329 43.16692 42.78850 42.38552 41.95511 41.49395 40.99820 40.46335 39.88417 39.25446 38.56691 37.81286 36.98194 36.06178 35.03749 33.89119 32.60135 31.14216 29.48295 27.58773 25.41546 22.92145 20.06102 16.79672 13.11066 9.02186 4.60504 0.00000 
100.00000 95.98136 92.08858 88.42277 85.04822 81.99337 79.25902 76.82816 74.67422 72.76700 71.07629 69.57388 68.23446 67.03582 65.95883 64.98709 64.10665 63.30563 62.57393 61.90295 61.28534 60.71482 60.18597 59.69415 59.23533 58.80600 58.40311 58.02399 57.66630 57.32797 57.00717 56.70229 56.41188 56.13464 55.86942 55.61519 55.37099 55.13600 54.90943 54.69058 54.47882 54.27357 54.07427 53.88045 53.69164 53.50741 53.32739 53.15119 52.97848 52.80894 52.64227 52.47817 52.31639 52.15666 51.99875 51.84241 51.68742 51.53358 51.38066 51.22847 51.07680 50.92546 50.77427 50.62302 50.47154 50.31964 50.16713 50.01381 49.85951 49.70403 49.54717 49.38873 49.22850 49.06627 48.90182 48.73491 48.56532 48.39278 48.21704 48.03780 47.85478 47.66766 47.47610 47.27975 47.07822 46.87108 46.65790 46.43819 46.21141 45.97699 45.73430 45.48264 45.22127 44.94933 44.66590 44.36996 44.06036 43.73581 43.39488 43.03597 42.65726 42.25670 41.83195 41.38036 40.89889 40.38405 39.83183 39.23758 38.59592 37.90057 37.14420 36.31822 35.41255 34.41534 33.31262 32.08805 30.72247 29.19373 27.47652 25.54264 23.36189 20.90410 18.14273 15.06076 11.65903 7.96598 4.04593 0.00000 
100.00000 96.41808 92.92437 89.59348 86.47826 83.60836 80.99352 78.62882 76.50000 74.58769 72.87055 71.32724 69.93756 68.68308 67.54730 66.51570 65.57557 64.71588 63.92707 63.20087 62.53012 61.90859 61.33089 60.79233 60.28880 59.81672 59.37293 58.95467 58.55949 58.18521 57.82991 57.49187 57.16956 56.86160 56.56676 56.28391 56.01204 55.75026 55.49771 55.25364 55.01735 54.78822 54.56566 54.34911 54.13809 53.93214 53.73081 53.53371 53.34047 53.15072 52.96414 52.78041 52.59924 52.42035 52.24345 52.06830 51.89465 51.72225 51.55087 51.38030 51.21030 51.04067 50.87119 50.70165 50.53184 50.36156 50.19059 50.01873 49.84577 49.67149 49.49567 49.31809 49.13853 48.95674 48.77248 48.58550 48.39553 48.20229 48.00549 47.80482 47.59996 47.39055 47.17623 46.95661 46.73125 46.49972 46.26150 46.01608 45.76287 45.50125 45.23054 44.94998 44.65875 44.35595 44.04059 43.71155 43.36762 43.00742 42.62944 42.23197 41.81310 41.37067 40.90225 40.40509 39.87604 39.31153 38.70749 38.05922 37.36136 36.60770 35.79109 34.90327 33.93471 32.87439 31.70962 30.42591 29.00677 27.43378 25.68676 23.74440 21.58537 19.19033 16.54503 13.64457 10.49871 7.13712 3.61268 0.00000 
100.00000 96.76657 93.59734 90.54853 87.66299 84.96829 82.47786 80.19361 78.10926 76.21321 74.49098 72.92695 71.50548 70.21164 69.03161 67.95283 66.96404 66.05524 65.21760 64.44336 63.72566 63.05853 62.43667 61.85546 61.31082 60.79914 60.31723 59.86228 59.43177 59.02347 58.63539 58.26573 57.91290 57.57546 57.25210 56.94164 56.64302 56.35527 56.07750 55.80890 55.54874 55.29632 55.05101 54.81225 54.57949 54.35223 54.13000 53.91238 53.69895 53.48933 53.28316 53.08010 52.87983 52.68203 52.48641 52.29270 52.10061 51.90990 51.72029 51.53156 51.34345 51.15573 50.96817 50.78054 50.59261 50.40416 50.21494 50.02475 49.83334 49.64048 49.44593 49.24945 49.05079 48.84969 48.64587 48.43908 48.22901 48.01536 47.79781 47.57604 47.34967 47.11835 46.88167 46.63920 46.39048 46.13503 45.87231 45.60175 45.32274 45.03461 44.73662 44.42798 44.10781 43.77515 43.42895 43.06804 42.69114 42.29681 41.88348 41.44936 40.99249 40.51063 40.00130 39.46170 38.88864 38.27856 37.62737 36.93047 36.18260 35.37777 34.50918 33.56907 32.54863 31.43788 30.22558 28.89919 27.44491 25.84784 24.09235 22.16285 20.04486 17.72684 15.20248 12.47377 9.55411 6.47113 3.26768 0.00000 
100.00000 97.05086 94.14988 91.34032 88.65686 86.12397 83.75600 81.55852 79.53022 77.66490 75.95322 74.38411 72.94576 71.62640 70.41467 69.29997 68.27251 67.32344 66.44475 65.62929 64.87066 64.16318 63.50181 62.88204 62.29988 61.75179 61.23458 60.74545 60.28184 59.84152 59.42243 59.02276 58.64086 58.27523 57.92453 57.58754 57.26314 56.95031 56.64813 56.35574 56.07237 55.79729 55.52983 55.26939 55.01539 54.76729 54.52460 54.28686 54.05363 53.82450 53.59908 53.37701 53.15793 52.94153 52.72748 52.51547 52.30521 52.09643 51.88884 51.68219 51.47620 51.27064 51.06523 50.85974 50.65391 50.44751 50.24028 50.03198 49.82236 49.61116 49.39812 49.18299 48.96549 48.74534 48.52225 48.29593 48.06606 47.83232 47.59437 47.35184 47.10436 46.85152 46.59289 46.32803 46.05644 45.77760 45.49095 45.19588 44.89175 44.57783 44.25336 43.91751 43.56935 43.20788 42.83201 42.44052 42.03208 41.60522 41.15830 40.68952 40.19685 39.67806 39.13063 38.55175 37.93828 37.28668 36.59297 35.85268 35.06079 34.21161 33.29880 32.31521 31.25287 30.10292 28.85562 27.50037 26.02586 24.42031 22.67197 20.76977 18.70439 16.46966 14.06431 11.49391 8.77284 5.92560 2.98689 0.00000 
100.00000 97.28698 94.61102 92.00600 89.50016 87.11472 84.86366 82.75425 80.78820 78.96295 77.27290 75.71049 74.26707 72.93351 71.70071 70.55985 69.50262 68.52126 67.60867 66.75838 65.96450 65.22174 64.52533 63.87100 63.25489 62.67355 62.12387 61.60307 61.10865 60.63832 60.19006 59.76203 59.35253 58.96007 58.58326 58.22085 57.87168 57.53470 57.20896 56.89357 56.58771 56.29064 56.00165 55.72009 55.44538 55.17694 54.91425 54.65683 54.40420 54.15595 53.91165 53.67091 53.43338 53.19868 52.96649 52.73648 52.50834 52.28177 52.05647 51.83215 51.60855 51.38538 51.16237 50.93927 50.71580 50.49169 50.26670 50.04054 49.81296 49.58368 49.35242 49.11890 48.88284 48.64393 48.40187 48.15633 47.90699 47.65350 47.39550 47.13260 46.86439 46.59046 46.31036 46.02359 45.72965 45.42799 45.11801 44.79908 44.47053 44.13160 43.78149 43.41934 43.04420 42.65503 42.25069 41.82995 41.39145 40.93368 40.45500 39.95356 39.42735 38.87413 38.29140 37.67641 37.02605 36.33690 35.60515 34.82651 33.99625 33.10910 32.15920 31.14010 30.04471 28.86531 27.59361 26.22081 24.73783 23.13559 21.40544 19.53986 17.53327 15.38312 13.09117 10.66472 8.11775 5.47152 2.75430 0.00000 
100.00000 97.48605 95.00122 92.57250 90.22304 87.97111 85.82967 83.80661 81.90538 80.12581 78.46494 76.91790 75.47850 74.13986 72.89480 71.73612 70.65684 69.65031 68.71031 67.83105 67.00722 66.23394 65.50679 64.82174 64.17512 63.56364 62.98428 62.43433 61.91134 61.41306 60.93748 60.48274 60.04718 59.62927 59.22760 58.84091 58.46802 58.10786 57.75945 57.42187 57.09428 56.77590 56.46602 56.16396 55.86909 55.58083 55.29864 55.02199 54.75042 54.48345 54.22065 53.96163 53.70598 53.45333 53.20333 52.95563 52.70991 52.46583 52.22310 51.98141 51.74045 51.49995 51.25962 51.01916 50.77831 50.53677 50.29427 50.05053 49.80526 49.55817 49.30897 49.05736 48.80303 48.54567 48.28495 48.02054 47.75208 47.47920 47.20153 46.91865 46.63016 46.33559 46.03448 45.72633 45.41059 45.08669 44.75402 44.41192 44.05968 43.69654 43.32167 42.93417 42.53308 42.11733 41.68578 41.23715 40.77009 40.28307 39.77444 39.24237 38.68486 38.09971 37.48445 36.83641 36.15261 35.42975 34.66420 33.85196 32.98862 32.06933 31.08880 30.04127 28.92055 27.72001 26.43269 25.05143 23.56908 21.97876 20.27435 18.45096 16.50569 14.43839 12.25253 9.95605 7.56192 5.08844 2.55879 0.00000 
100.00000 97.65601 95.33531 93.05973 90.84841 88.71701 86.67729 84.73713 82.90090 81.16995 79.54317 78.01766 76.58917 75.25265 74.00251 72.83298 71.73830 70.71284 69.75120 68.84830 67.99938 67.20002 66.44616 65.73404 65.06023 64.42160 63.81528 63.23865 62.68932 62.16511 61.66404 61.18429 60.72419 60.28221 59.85697 59.44717 59.05163 58.66928 58.29910 57.94017 57.59163 57.25268 56.92257 56.60063 56.28619 55.97867 55.67748 55.38210 55.09202 54.80677 54.52589 54.24896 53.97557 53.70533 53.43786 53.17281 52.90982 52.64856 52.38870 52.12992 51.87191 51.61437 51.35698 51.09946 50.84150 50.58281 50.32309 50.06205 49.79938 49.53478 49.26794 48.99854 48.72626 48.45078 48.17174 47.88879 47.60157 47.30969 47.01275 46.71033 46.40199 46.08727 45.76566 45.43665 45.09968 44.75416 44.39946 44.03489 43.65974 43.27321 42.87447 42.46260 42.03662 41.59545 41.13793 40.66280 40.16868 39.65406 39.11731 38.55662 37.97003 37.35538 36.71029 36.03219 35.31822 34.56528 33.76995 32.92851 32.03692 31.09079 30.08539 29.01565 27.87622 26.66148 25.36571 23.98316 22.50828 20.93604 19.26222 17.48395 15.60016 13.61222 11.52453 9.34501 7.08545 4.76152 2.39242 0.00000 
100.00000 97.80269 95.62428 93.48269 91.39387 89.37124 87.42534 85.56373 83.79116 82.10990 80.52014 79.02038 77.60790 76.27904 75.02960 73.85501 72.75056 71.71154 70.73335 69.81157 68.94198 68.12061 67.34378 66.60803 65.91017 65.24726 64.61658 64.01565 63.44217 62.89403 62.36930 61.86619 61.38306 60.91843 60.47088 60.03916 59.62207 59.21852 58.82751 58.44809 58.07939 57.72060 57.37097 57.02979 56.69639 56.37016 56.05052 55.73690 55.42880 55.12571 54.82718 54.53276 54.24202 53.95456 53.66999 53.38792 53.10801 52.82988 52.55321 52.27766 52.00291 51.72862 51.45449 51.18019 50.90543 50.62988 50.35324 50.07520 49.79543 49.51363 49.22946 48.94260 48.65271 48.35944 48.06243 47.76133 47.45573 47.14525 46.82946 46.50794 46.18022 45.84582 45.50424 45.15493 44.79733 44.43082 44.05476 43.66846 43.27117 42.86210 42.44040 42.00514 41.55534 41.08991 40.60769 40.10743 39.58776 39.04720 38.48412 37.89678 37.28326 36.64147 35.96915 35.26383 34.52281 33.74319 32.92180 32.05522 31.13978 30.17154 29.14632 28.05972 26.90718 25.68400 24.38552 23.00720 21.54486 19.99488 18.35456 16.62245 14.79876 12.88580 10.88835 8.81401 6.67334 4.47979 2.24937 0.00000 
100.00000 97.93044 95.87646 93.85287 91.87312 89.94875 88.08911 86.30129 84.59010 82.95837 81.40709 79.93584 78.54298 77.22603 75.98184 74.80689 73.69737 72.64941 71.65911 70.72265 69.83635 68.99668 68.20032 67.44412 66.72515 66.04067 65.38815 64.76521 64.16969 63.59955 63.05292 62.52809 62.02346 61.53755 61.06899 60.61652 60.17896 59.75523 59.34432 58.94528 58.55724 58.17938 57.81092 57.45116 57.09943 56.75508 56.41752 56.08619 55.76055 55.44011 55.12437 54.81288 54.50520 54.20091 53.89960 53.60089 53.30440 53.00976 52.71661 52.42462 52.13343 51.84272 51.55215 51.26140 50.97014 50.67805 50.38480 50.09006 49.79352 49.49484 49.19367 48.88969 48.58253 48.27183 47.95723 47.63835 47.31478 46.98611 46.65191 46.31174 45.96512 45.61157 45.25054 44.88151 44.50388 44.11703 43.72031 43.31301 42.89438 42.46363 42.01989 41.56224 41.08968 40.60116 40.09550 39.57148 39.02775 38.46285 37.87520 37.26312 36.62475 35.95810 35.26102 34.53116 33.76602 32.96288 32.11884 31.23079 30.29543 29.30926 28.26863 27.16975 26.00877 24.78182 23.48516 22.11527 20.66906 19.14406 17.53869 15.85253 14.08665 12.24387 10.32907 8.34935 6.31411 4.23492 2.12526 0.00000 
100.00000 98.04263 96.09823 94.17922 92.29699 90.46151 88.68108 86.96220 85.30961 83.72636 82.21404 80.77290 79.40217 78.10024 76.86486 75.69333 74.58264 73.52962 72.53102 71.58357 70.68408 69.82944 69.01669 68.24298 67.50564 66.80214 66.13012 65.48737 64.87181 64.28154 63.71476 63.16981 62.64514 62.13932 61.65100 61.17896 60.72203 60.27913 59.84926 59.43148 59.02491 58.62874 58.24218 57.86452 57.49507 57.13320 56.77830 56.42979 56.08713 55.74980 55.41731 55.08919 54.76499 54.44427 54.12662 53.81164 53.49894 53.18814 52.87887 52.57077 52.26349 51.95668 51.65000 51.34312 51.03568 50.72737 50.41783 50.10674 49.79376 49.47853 49.16072 48.83995 48.51589 48.18814 47.85632 47.52005 47.17892 46.83249 46.48034 46.12199 45.75697 45.38477 45.00486 44.61669 44.21965 43.81312 43.39643 42.96889 42.52973 42.07815 41.61329 41.13424 40.64000 40.12953 39.60168 39.05524 38.48890 37.90123 37.29073 36.65575 35.99453 35.30518 34.58565 33.83378 33.04721 32.22347 31.35989 30.45368 29.50188 28.50144 27.44918 26.34188 25.17632 23.94936 22.65803 21.29967 19.87206 18.37362 16.80361 15.16234 13.45143 11.67396 9.83470 7.94021 5.99881 4.02053 2.01677 0.00000 
100.00000 98.14184 96.29461 94.46879 92.67412 90.91923 89.21149 87.55682 85.95976 84.42345 82.94978 81.53954 80.19256 78.90791 77.68403 76.51892 75.41024 74.35542 73.35177 72.39653 71.48695 70.62033 69.79402 69.00548 68.25229 67.53214 66.84283 66.18232 65.54866 64.94005 64.35477 63.79124 63.24797 62.72357 62.21675 61.72629 61.25106 60.79000 60.34211 59.90647 59.48220 59.06848 58.66454 58.26966 57.88315 57.50436 57.13268 56.76754 56.40837 56.05465 55.70588 55.36158 55.02129 54.68456 54.35098 54.02012 53.69158 53.36499 53.03995 52.71610 52.39307 52.07051 51.74807 51.42538 51.10211 50.77791 50.45243 50.12532 49.79624 49.46482 49.13070 48.79353 48.45292 48.10850 47.75987 47.40663 47.04835 46.68461 46.31496 45.93891 45.55600 45.16569 44.76746 44.36073 43.94490 43.51936 43.08342 42.63638 42.17749 41.70594 41.22089 40.72142 40.20656 39.67528 39.12646 38.55891 37.97137 37.36246 36.73073 36.07461 35.39244 34.68242 33.94264 33.17109 32.36560 31.52389 30.64358 29.72214 28.75699 27.74544 26.68477 25.57227 24.40528 23.18127 21.89794 20.55331 19.14588 17.67474 16.13978 14.54181 12.88276 11.16583 9.39557 7.57797 5.72042 3.83160 1.92128 0.00000 
100.00000 98.23015 96.46956 94.72721 93.01146 91.32982 89.68881 88.09384 86.54916 85.05789 83.62211 82.24293 80.92063 79.65480 78.44444 77.28809 76.18398 75.13005 74.12410 73.16383 72.24688 71.37090 70.53358 69.73264 68.96591 68.23128 67.52675 66.85042 66.20047 65.57521 64.97303 64.39241 63.83193 63.29026 62.76614 62.25840 61.76593 61.28770 60.82272 60.37009 59.92893 59.49844 59.07785 58.66643 58.26350 57.86841 57.48054 57.09931 56.72416 56.35455 55.98998 55.62996 55.27403 54.92172 54.57261 54.22627 53.88229 53.54028 53.19984 52.86061 52.52219 52.18423 51.84637 51.50823 51.16947 50.82973 50.48866 50.14588 49.80105 49.45379 49.10375 48.75054 48.39378 48.03308 47.66804 47.29824 46.92326 46.54265 46.15596 45.76272 45.36241 44.95454 44.53854 44.11386 43.67989 43.23599 42.78151 42.31573 41.83791 41.34725 40.84291 40.32399 39.78955 39.23857 38.66996 38.08258 37.47520 36.84651 36.19512 35.51954 34.81819 34.08941 33.33141 32.54233 31.72019 30.86292 29.96838 29.03433 28.05850 27.03856 25.97220 24.85716 23.69126 22.47250 21.19914 19.86976 18.48340 17.03969 15.53896 13.98235 12.37199 10.71103 9.00378 7.25568 5.47329 3.66418 1.83675 0.00000 
100.00000 98.30917 96.62629 94.95904 93.31468 91.69977 90.12010 88.58057 87.08514 85.63685 84.23783 82.88943 81.59224 80.34622 79.15082 78.00504 76.90753 75.85670 74.85077 73.88781 72.96584 72.08282 71.23674 70.42560 69.64742 68.90033 68.18248 67.49213 66.82760 66.18730 65.56972 64.97343 64.39708 63.83939 63.29915 62.77524 62.26657 61.77214 61.29099 60.82223 60.36501 59.91851 59.48199 59.05472 58.63602 58.22524 57.82177 57.42501 57.03440 56.64942 56.26954 55.89427 55.52314 55.15568 54.79147 54.43005 54.07103 53.71400 53.35854 53.00429 52.65086 52.29786 51.94494 51.59171 51.23782 50.88290 50.52658 50.16850 49.80828 49.44557 49.07997 48.71110 48.33858 47.96200 47.58096 47.19503 46.80378 46.40677 46.00353 45.59357 45.17641 44.75150 44.31832 43.87629 43.42480 42.96322 42.49090 42.00713 41.51116 41.00223 40.47950 39.94209 39.38908 38.81948 38.23224 37.62625 37.00035 36.35327 35.68370 34.99023 34.27139 33.52562 32.75127 31.94664 31.10991 30.23924 29.33269 28.38831 27.40410 26.37809 25.30831 24.19289 23.03009 21.81835 20.55636 19.24318 17.87828 16.46167 14.99401 13.47665 11.91180 10.30252 8.65284 6.96769 5.25289 3.51508 1.76153 0.00000 
100.00000 98.38026 96.76737 95.16800 93.58844 92.03448 90.51126 89.02321 87.57400 86.16652 84.80295 83.48472 82.21266 80.98703 79.80759 78.67370 77.58440 76.53847 75.53446 74.57080 73.64583 72.75781 71.90498 71.08557 70.29786 69.54013 68.81072 68.10802 67.43050 66.77668 66.14513 65.53453 64.94358 64.37107 63.81585 63.27683 62.75297 62.24330 61.74688 61.26284 60.79035 60.32861 59.87688 59.43444 59.00062 58.57477 58.15627 57.74455 57.33903 56.93918 56.54448 56.15444 55.76857 55.38641 55.00752 54.63146 54.25780 53.88613 53.51605 53.14716 52.77908 52.41142 52.04381 51.67586 51.30720 50.93746 50.56627 50.19325 49.81803 49.44022 49.05945 48.67532 48.28743 47.89539 47.49877 47.09714 46.69008 46.27712 45.85781 45.43164 44.99814 44.55676 44.10696 43.64817 43.17979 42.70120 42.21174 41.71071 41.19739 40.67102 40.13077 39.57580 39.00520 38.41802 37.81326 37.18985 36.54666 35.88252 35.19617 34.48630 33.75152 32.99040 32.20143 31.38303 30.53358 29.65142 28.73484 27.78211 26.79153 25.76139 24.69006 23.57602 22.41787 21.21443 19.96478 18.66832 17.32486 15.93472 14.49875 13.01845 11.49603 9.93443 8.33737 6.70933 5.05550 3.38171 1.69430 0.00000 
100.00000 98.44449 96.89494 95.35714 93.83661 92.33844 90.86724 89.42700 88.02111 86.65231 85.32271 84.03385 82.78667 81.58165 80.41880 79.29778 78.21792 77.17830 76.17779 75.21512 74.28888 73.39761 72.53978 71.71387 70.91832 70.15160 69.41223 68.69874 68.00971 67.34377 66.69961 66.07596 65.47163 64.88546 64.31635 63.76325 63.22519 62.70120 62.19039 61.69190 61.20493 60.72870 60.26247 59.80554 59.35724 58.91694 58.48401 58.05789 57.63799 57.22380 56.81478 56.41044 56.01030 55.61388 55.22075 54.83045 54.44257 54.05667 53.67236 53.28923 52.90689 52.52495 52.14301 51.76071 51.37766 50.99348 50.60778 50.22021 49.83035 49.43785 49.04229 48.64330 48.24045 47.83335 47.42158 47.00470 46.58227 46.15384 45.71893 45.27707 44.82774 44.37043 43.90458 43.42964 42.94500 42.45005 41.94414 41.42659 40.89668 40.35367 39.79676 39.22513 38.63790 38.03416 37.41294 36.77322 36.11394 35.43398 34.73216 34.00726 33.25800 32.48304 31.68101 30.85047 29.98997 29.09802 28.17313 27.21378 26.21850 25.18587 24.11453 23.00325 21.85094 20.65673 19.42000 18.14045 16.81814 15.45359 14.04781 12.60237 11.11944 9.60180 8.05289 6.47676 4.87807 3.26195 1.63398 0.00000 
100.00000 98.50277 97.01075 95.52901 94.06240 92.61545 91.19226 89.79645 88.43113 87.09888 85.80176 84.54129 83.31852 82.13408 80.98818 79.88069 78.81120 77.77902 76.78329 75.82299 74.89696 74.00396 73.14268 72.31180 71.50994 70.73574 69.98787 69.26500 68.56582 67.88908 67.23356 66.59809 65.98152 65.38278 64.80083 64.23466 63.68333 63.14592 62.62157 62.10946 61.60878 61.11879 60.63877 60.16802 59.70588 59.25173 58.80496 58.36499 57.93126 57.50323 57.08040 56.66224 56.24829 55.83808 55.43114 55.02704 54.62535 54.22564 53.82750 53.43052 53.03430 52.63846 52.24259 51.84632 51.44925 51.05100 50.65119 50.24944 49.84534 49.43852 49.02858 48.61512 48.19773 47.77600 47.34950 46.91780 46.48046 46.03703 45.58702 45.12995 44.66533 44.19263 43.71131 43.22080 42.72052 42.20987 41.68819 41.15483 40.60908 40.05022 39.47748 38.89006 38.28712 37.66778 37.03111 36.37615 35.70190 35.00729 34.29124 33.55260 32.79018 32.00276 31.18909 30.34787 29.47781 28.57758 27.64587 26.68137 25.68284 24.64906 23.57895 22.47151 21.32592 20.14156 18.91805 17.65533 16.35366 15.01369 13.63654 12.22379 10.77755 9.30043 7.79561 6.26677 4.71806 3.15406 1.57966 0.00000 
100.00000 98.55585 97.11627 95.68574 94.26855 92.86871 91.48990 90.13540 88.80808 87.51034 86.24414 85.01101 83.81206 82.64798 81.51916 80.42562 79.36715 78.34329 77.35338 76.39660 75.47201 74.57859 73.71520 72.88070 72.07389 71.29356 70.53852 69.80756 69.09950 68.41318 67.74748 67.10131 66.47360 65.86333 65.26952 64.69123 64.12754 63.57759 63.04053 62.51557 62.00195 61.49892 61.00579 60.52188 60.04654 59.57915 59.11911 58.66586 58.21883 57.77749 57.34133 56.90984 56.48256 56.05899 55.63870 55.22123 54.80615 54.39303 53.98147 53.57104 53.16135 52.75199 52.34258 51.93272 51.52202 51.11009 50.69655 50.28100 49.86306 49.44232 49.01839 48.59087 48.15935 47.72341 47.28262 46.83655 46.38476 45.92679 45.46216 44.99040 44.51101 44.02346 43.52722 43.02173 42.50643 41.98070 41.44393 40.89545 40.33460 39.76066 39.17289 38.57052 37.95274 37.31872 36.66757 35.99839 35.31021 34.60206 33.87291 33.12170 32.34735 31.54873 30.72471 29.87413 28.99582 28.08862 27.15139 26.18301 25.18241 24.14860 23.08069 21.97791 20.83966 19.66552 18.45533 17.20917 15.92746 14.61098 13.26087 11.87871 10.46653 9.02677 7.56237 6.07665 4.57335 3.05655 1.53059 0.00000 
100.00000 98.60436 97.21275 95.82914 94.45734 93.10093 91.76322 90.44718 89.15544 87.89024 86.65346 85.44657 84.27071 83.12664 82.01484 80.93548 79.88850 78.87361 77.89032 76.93801 76.01591 75.12317 74.25883 73.42191 72.61135 71.82610 71.06509 70.32722 69.61143 68.91666 68.24188 67.58606 66.94823 66.32742 65.72271 65.13320 64.55802 63.99635 63.44739 62.91036 62.38452 61.86916 61.36359 60.86717 60.37924 59.89921 59.42648 58.96050 58.50070 58.04657 57.59758 57.15325 56.71310 56.27664 55.84343 55.41303 54.98498 54.55888 54.13430 53.71083 53.28806 52.86559 52.44302 52.01997 51.59602 51.17080 50.74392 50.31497 49.88357 49.44931 49.01180 48.57063 48.12539 47.67566 47.22102 46.76103 46.29524 45.82320 45.34444 44.85849 44.36483 43.86297 43.35238 42.83249 42.30276 41.76259 41.21136 40.64845 40.07320 39.48492 38.88289 38.26638 37.63461 36.98679 36.32207 35.63961 34.93850 34.21783 33.47664 32.71396 31.92879 31.12011 30.28690 29.42811 28.54272 27.62970 26.68806 25.71686 24.71519 23.68224 22.61730 21.51979 20.38929 19.22555 18.02856 16.79855 15.53605 14.24189 12.91725 11.56367 10.18307 8.77776 7.35043 5.90410 4.44215 2.96821 1.48615 0.00000 
100.00000 98.64882 97.30123 95.96074 94.63075 93.31446 92.01487 90.73466 89.47626 88.24174 87.03288 85.85111 84.69756 83.57303 82.47807 81.41297 80.37777 79.37232 78.39630 77.44921 76.53046 75.63934 74.77506 73.93675 73.12351 72.33442 71.56850 70.82480 70.10234 69.40016 68.71730 68.05283 67.40584 66.77541 66.16069 65.56083 64.97500 64.40242 63.84232 63.29395 62.75661 62.22960 61.71226 61.20395 60.70406 60.21197 59.72712 59.24895 58.77692 58.31050 57.84919 57.39249 56.93993 56.49104 56.04537 55.60246 55.16188 54.72322 54.28603 53.84992 53.41447 52.97928 52.54396 52.10810 51.67130 51.23318 50.79335 50.35139 49.90693 49.45956 49.00887 48.55446 48.09593 47.63284 47.16478 46.69130 46.21197 45.72634 45.23393 44.73427 44.22687 43.71123 43.18682 42.65311 42.10953 41.55552 40.99049 40.41380 39.82484 39.22293 38.60738 37.97750 37.33254 36.67175 35.99433 35.29948 34.58636 33.85411 33.10186 32.32871 31.53374 30.71603 29.87466 29.00870 28.11724 27.19940 26.25431 25.28117 24.27924 23.24787 22.18648 21.09467 19.97215 18.81883 17.63481 16.42043 15.17630 13.90328 12.60256 11.27564 9.92433 8.55079 7.15748 5.74718 4.32293 2.88798 1.44582 0.00000 
100.00000 98.68970 97.38260 96.08184 94.79045 93.51131 92.24712 91.00034 89.77319 88.56759 87.38522 86.22744 85.09537 83.98985 82.91146 81.86055 80.83729 79.84161 78.87333 77.93208 77.01739 76.12869 75.26530 74.42652 73.61154 72.81955 72.04971 71.30114 70.57298 69.86433 69.17434 68.50214 67.84687 67.20771 66.58382 65.97443 65.37874 64.79601 64.22551 63.66652 63.11837 62.58037 62.05190 61.53233 61.02106 60.51750 60.02108 59.53127 59.04752 58.56932 58.09618 57.62760 57.16311 56.70224 56.24454 55.78956 55.33688 54.88606 54.43669 53.98835 53.54063 53.09312 52.64543 52.19716 51.74791 51.29729 50.84489 50.39033 49.93321 49.47312 49.00966 48.54243 48.07101 47.59499 47.11394 46.62743 46.13501 45.63625 45.13066 44.61780 44.09716 43.56825 43.03057 42.48358 41.92674 41.35949 40.78126 40.19144 39.58942 38.97457 38.34622 37.70370 37.04631 36.37333 35.68402 34.97762 34.25335 33.51041 32.74799 31.96527 31.16142 30.33561 29.48700 28.61479 27.71816 26.79634 25.84861 24.87428 23.87275 22.84350 21.78610 20.70025 19.58582 18.44280 17.27142 16.07208 14.84543 13.59238 12.31408 11.01199 9.68782 8.34357 6.98153 5.60422 4.21439 2.81499 1.40912 0.00000 
100.00000 98.72739 97.45764 96.19356 94.93789 93.69321 92.46197 91.24640 90.04855 88.87022 87.71295 86.57807 85.46665 84.37954 83.31735 82.28050 81.26921 80.28352 79.32332 78.38838 77.47833 76.59271 75.73096 74.89247 74.07657 73.28255 72.50964 71.75708 71.02409 70.30986 69.61360 68.93451 68.27181 67.62472 66.99247 66.37431 65.76952 65.17738 64.59719 64.02827 63.46996 62.92163 62.38265 61.85242 61.33035 60.81588 60.30844 59.80752 59.31257 58.82310 58.33861 57.85862 57.38266 56.91026 56.44098 55.97438 55.51002 55.04747 54.58632 54.12616 53.66657 53.20714 52.74749 52.28721 51.82590 51.36316 50.89861 50.43183 49.96245 49.49005 49.01423 48.53459 48.05071 47.56218 47.06857 46.56946 46.06441 45.55297 45.03469 44.50909 43.97572 43.43406 42.88363 42.32391 41.75436 41.17445 40.58362 39.98128 39.36684 38.73970 38.09922 37.44477 36.77567 36.09125 35.39080 34.67363 33.93900 33.18618 32.41442 31.62297 30.81107 29.97799 29.12297 28.24529 27.34426 26.41920 25.46950 24.49460 23.49399 22.46728 21.41416 20.33443 19.22806 18.09515 16.93598 15.75103 14.54097 13.30672 12.04940 10.77042 9.47138 8.15416 6.82085 5.47377 4.11542 2.74846 1.37569 0.00000 
100.00000 98.76222 97.52700 96.29689 95.07433 93.86167 92.66113 91.47475 90.30441 89.15177 88.01829 86.90523 85.81362 84.74430 83.69791 82.67489 81.67553 80.69993 79.74807 78.81980 77.91485 77.03285 76.17335 75.33584 74.51974 73.72442 72.94922 72.19347 71.45644 70.73742 70.03568 69.35050 68.68114 68.02688 67.38702 66.76084 66.14766 65.54680 64.95759 64.37940 63.81159 63.25354 62.70465 62.16434 61.63205 61.10722 60.58930 60.07779 59.57215 59.07190 58.57655 58.08562 57.59865 57.11517 56.63475 56.15695 55.68134 55.20748 54.73497 54.26339 53.79234 53.32140 52.85018 52.37828 51.90531 51.43086 50.95454 50.47596 49.99471 49.51040 49.02262 48.53098 48.03506 47.53444 47.02871 46.51744 46.00020 45.47654 44.94602 44.40818 43.86255 43.30865 42.74598 42.17406 41.59235 41.00034 40.39748 39.78321 39.15697 38.51817 37.86621 37.20048 36.52035 35.82518 35.11432 34.38710 33.64285 32.88089 32.10054 31.30111 30.48192 29.64230 28.78159 27.89915 26.99438 26.06670 25.11560 24.14061 23.14134 22.11747 21.06881 19.99526 18.89685 17.77376 16.62633 15.45508 14.26071 13.04411 11.80640 10.54890 9.27313 7.98083 6.67395 5.35459 4.02505 2.68774 1.34519 0.00000 
100.00000 98.79448 97.59127 96.39266 95.20086 94.01802 92.84613 91.68707 90.54257 89.41416 88.30322 87.21094 86.13831 85.08614 84.05509 83.04563 82.05808 81.09260 80.14923 79.22790 78.32842 77.45049 76.59377 75.75781 74.94212 74.14617 73.36937 72.61112 71.87078 71.14770 70.44121 69.75066 69.07537 68.41466 67.76789 67.13437 66.51348 65.90456 65.30699 64.72016 64.14345 63.57628 63.01807 62.46826 61.92629 61.39164 60.86377 60.34217 59.82635 59.31581 58.81007 58.30866 57.81113 57.31703 56.82591 56.33734 55.85090 55.36615 54.88269 54.40011 53.91799 53.43594 52.95356 52.47044 51.98620 51.50043 51.01274 50.52274 50.03003 49.53422 49.03489 48.53166 48.02410 47.51182 46.99439 46.47140 45.94240 45.40698 44.86468 44.31506 43.75765 43.19199 42.61760 42.03399 41.44065 40.83708 40.22275 39.59713 38.95966 38.30981 37.64698 36.97060 36.28008 35.57482 34.85420 34.11760 33.36441 32.59400 31.80574 30.99901 30.17320 29.32770 28.46194 27.57535 26.66741 25.73764 24.78560 23.81091 22.81327 21.79247 20.74836 19.68095 18.59031 17.47671 16.34051 15.18225 14.00266 12.80262 11.58319 10.34564 9.09140 7.82210 6.53952 5.24561 3.94245 2.63226 1.31733 0.00000 
100.00000 98.82442 97.65094 96.48161 95.31846 94.16341 93.01829 91.88484 90.76463 89.65909 88.56950 87.49699 86.44252 85.40687 84.39069 83.39447 82.41855 81.46315 80.52836 79.61416 78.72042 77.84693 76.99341 76.15950 75.34477 74.54877 73.77098 73.01086 72.26786 71.54138 70.83082 70.13557 69.45501 68.78852 68.13549 67.49529 66.86732 66.25098 65.64566 65.05079 64.46577 63.89006 63.32310 62.76433 62.21323 61.66928 61.13197 60.60079 60.07527 59.55491 59.03925 58.52783 58.02020 57.51591 57.01452 56.51562 56.01876 55.52354 55.02954 54.53636 54.04359 53.55082 53.05767 52.56373 52.06861 51.57192 51.07326 50.57224 50.06847 49.56154 49.05107 48.53665 48.01788 47.49435 46.96564 46.43135 45.89104 45.34429 44.79067 44.22973 43.66102 43.08408 42.49844 41.90364 41.29918 40.68457 40.05931 39.42288 38.77476 38.11441 37.44129 36.75486 36.05455 35.33981 34.61005 33.86470 33.10320 32.32496 31.52941 30.71600 29.88416 29.03337 28.16311 27.27290 26.36227 25.43084 24.47823 23.50416 22.50838 21.49076 20.45123 19.38985 18.30676 17.20225 16.07673 14.93077 13.76507 12.58051 11.37811 10.15907 8.92474 7.67664 6.41641 5.14586 3.86690 2.58153 1.29185 0.00000 
100.00000 98.85228 97.70645 96.56440 95.42794 94.29885 93.17880 92.06937 90.97201 89.88806 88.81871 87.76502 86.72790 85.70813 84.70633 83.72300 82.75851 81.81310 80.88691 79.97995 79.09217 78.22342 77.37346 76.54200 75.72870 74.93315 74.15491 73.39350 72.64842 71.91914 71.20511 70.50578 69.82058 69.14892 68.49025 67.84399 67.20955 66.58637 65.97389 65.37155 64.77880 64.19510 63.61992 63.05273 62.49302 61.94029 61.39403 60.85377 60.31902 59.78931 59.26420 58.74322 58.22592 57.71188 57.20066 56.69184 56.18499 55.67971 55.17558 54.67220 54.16917 53.66609 53.16256 52.65820 52.15260 51.64538 51.13614 50.62450 50.11006 49.59242 49.07121 48.54601 48.01642 47.48205 46.94249 46.39732 45.84612 45.28849 44.72398 44.15217 43.57261 42.98486 42.38846 41.78295 41.16787 40.54273 39.90704 39.26033 38.60208 37.93178 37.24893 36.55300 35.84347 35.11981 34.38148 33.62796 32.85872 32.07322 31.27095 30.45140 29.61408 28.75851 27.88424 26.99085 26.07796 25.14522 24.19234 23.21910 22.22534 21.21096 20.17596 19.12045 18.04462 16.94879 15.83340 14.69902 13.54635 12.37624 11.18968 9.98779 8.77186 7.54330 6.30364 5.05453 3.79774 2.53511 1.26854 0.00000 
100.00000 98.87823 97.75819 96.64158 95.53007 94.42526 93.32870 92.24182 91.16599 90.10242 89.05225 88.01647 86.99595 85.99142 85.00350 84.03270 83.07939 82.14384 81.22621 80.32657 79.44490 78.58110 77.73500 76.90635 76.09488 75.30022 74.52201 73.75981 73.01318 72.28165 71.56471 70.86187 70.17259 69.49635 68.83262 68.18085 67.54051 66.91107 66.29198 65.68273 65.08279 64.49163 63.90876 63.33366 62.76584 62.20482 61.65010 61.10123 60.55772 60.01914 59.48501 58.95491 58.42840 57.90504 57.38441 56.86609 56.34966 55.83473 55.32087 54.80770 54.29481 53.78181 53.26830 52.75390 52.23821 51.72085 51.20143 50.67955 50.15484 49.62689 49.09532 48.55974 48.01975 47.47495 46.92494 46.36931 45.80765 45.23955 44.66460 44.08235 43.49240 42.89429 42.28759 41.67185 41.04661 40.41142 39.76581 39.10931 38.44144 37.76171 37.06965 36.36475 35.64652 34.91448 34.16812 33.40695 32.63049 31.83826 31.02978 30.20459 29.36225 28.50235 27.62449 26.72831 25.81348 24.87973 23.92682 22.95458 21.96291 20.95177 19.92121 18.87137 17.80249 16.71490 15.60907 14.48556 13.34507 12.18842 11.01656 9.83056 8.63162 7.42106 6.20030 4.97089 3.73443 2.49262 1.24721 0.00000 
100.00000 98.90247 97.80650 96.71367 95.62549 94.54343 93.46890 92.40324 91.34769 90.30340 89.27141 88.25267 87.24799 86.25809 85.28357 84.32491 83.38251 82.45666 81.54752 80.65522 79.77976 78.92109 78.07908 77.25354 76.44423 75.65086 74.87309 74.11056 73.36286 72.62956 71.91023 71.20439 70.51157 69.83128 69.16302 68.50629 67.86059 67.22541 66.60025 65.98460 65.37798 64.77988 64.18982 63.60731 63.03187 62.46304 61.90034 61.34332 60.79152 60.24450 59.70181 59.16303 58.62772 58.09547 57.56584 57.03844 56.51285 55.98866 55.46549 54.94292 54.42057 53.89804 53.37494 52.85089 52.32551 51.79839 51.26917 50.73745 50.20285 49.66498 49.12346 48.57789 48.02789 47.47306 46.91301 46.34733 45.77562 45.19748 44.61250 44.02026 43.42034 42.81231 42.19576 41.57024 40.93531 40.29054 39.63548 38.96967 38.29266 37.60399 36.90319 36.18982 35.46339 34.72346 33.96956 33.20124 32.41805 31.61955 30.80531 29.97492 29.12799 28.26416 27.38307 26.48442 25.56794 24.63340 23.68063 22.70949 21.71995 20.71200 19.68573 18.64133 17.57905 16.49926 15.40241 14.28909 13.15996 12.01582 10.85758 9.68627 8.50300 7.30901 6.10563 4.89428 3.67646 2.45373 1.22770 0.00000 
100.00000 98.92512 97.85169 96.78111 95.71478 94.65406 93.60024 92.55455 91.51813 90.49207 89.47733 88.47480 87.48526 86.50938 85.54776 84.60087 83.66910 82.75274 81.85201 80.96703 80.09784 79.24442 78.40669 77.58450 76.77765 75.98589 75.20894 74.44647 73.69812 72.96352 72.24225 71.53390 70.83803 70.15417 69.48189 68.82070 68.17014 67.52973 66.89899 66.27746 65.66465 65.06010 64.46333 63.87389 63.29130 62.71513 62.14490 61.58018 61.02054 60.46552 59.91471 59.36768 58.82400 58.28327 57.74506 57.20899 56.67463 56.14160 55.60949 55.07792 54.54650 54.01483 53.48254 52.94923 52.41453 51.87805 51.33941 50.79823 50.25414 49.70673 49.15564 48.60048 48.04087 47.47640 46.90671 46.33138 45.75003 45.16226 44.56767 43.96584 43.35638 42.73887 42.11290 41.47804 40.83387 40.17996 39.51589 38.84123 38.15554 37.45839 36.74933 36.02794 35.29378 34.54642 33.78543 33.01040 32.22091 31.41657 30.59699 29.76179 28.91064 28.04321 27.15921 26.25836 25.34046 24.40531 23.45279 22.48282 21.49539 20.49054 19.46840 18.42917 17.37314 16.30067 15.21224 14.10841 12.98985 11.85732 10.71169 9.55392 8.38509 7.20634 6.01893 4.82415 3.62341 2.41815 1.20984 0.00000 
100.00000 98.94635 97.89401 96.84429 95.79847 94.75779 93.72345 92.69657 91.67823 90.66942 89.67105 88.68395 87.70886 86.74643 85.79722 84.86170 83.94027 83.03321 82.14075 81.26304 80.40014 79.55207 78.71877 77.90013 77.09598 76.30613 75.53031 74.76826 74.01965 73.28414 72.56136 71.85094 71.15246 70.46551 69.78966 69.12449 68.46954 67.82438 67.18854 66.56159 65.94307 65.33253 64.72953 64.13361 63.54433 62.96126 62.38396 61.81199 61.24493 60.68235 60.12383 59.56897 59.01734 58.46854 57.92216 57.37781 56.83509 56.29361 55.75297 55.21279 54.67268 54.13226 53.59115 53.04896 52.50533 51.95987 51.41220 50.86194 50.30873 49.75217 49.19190 48.62753 48.05869 47.48498 46.90604 46.32146 45.73087 45.13387 44.53007 43.91907 43.30048 42.67390 42.03892 41.39514 40.74215 40.07955 39.40691 38.72383 38.02989 37.32469 36.60780 35.87883 35.13736 34.38300 33.61535 32.83402 32.03864 31.22884 30.40428 29.56463 28.70958 27.83885 26.95218 26.04937 25.13022 24.19459 23.24241 22.27362 21.28825 20.28638 19.26816 18.23382 17.18365 16.11805 15.03747 13.94247 12.83371 11.71192 10.57793 9.43265 8.27710 7.11236 5.93958 4.75999 3.57489 2.38560 1.19351 0.00000 
100.00000 98.96625 97.93371 96.90358 95.87702 94.85519 93.83919 92.83006 91.82880 90.83632 89.85349 88.88108 87.91980 86.97025 86.03299 85.10846 84.19706 83.29908 82.41475 81.54424 80.68763 79.84495 79.01619 78.20126 77.40002 76.61232 75.83793 75.07661 74.32807 73.59202 72.86812 72.15603 71.45536 70.76574 70.08677 69.41805 68.75917 68.10969 67.46921 66.83730 66.21351 65.59744 64.98864 64.38669 63.79116 63.20163 62.61768 62.03889 61.46484 60.89511 60.32931 59.76702 59.20785 58.65138 58.09724 57.54501 56.99432 56.44477 55.89599 55.34758 54.79917 54.25038 53.70083 53.15015 52.59796 52.04389 51.48757 50.92861 50.36666 49.80133 49.23226 48.65906 48.08137 47.49881 46.91100 46.31756 45.71811 45.11227 44.49966 43.87989 43.25258 42.61733 41.97375 41.32146 40.66006 39.98916 39.30836 38.61728 37.91551 37.20267 36.47837 35.74222 34.99385 34.23288 33.45894 32.67169 31.87078 31.05587 30.22667 29.38286 28.52419 27.65042 26.76131 25.85670 24.93645 24.00044 23.04863 22.08100 21.09761 20.09857 19.08405 18.05429 17.00961 15.95039 14.87711 13.79030 12.69060 11.57872 10.45545 9.32166 8.17831 7.02640 5.86703 4.70135 3.53055 2.35587 1.17859 0.00000 
100.00000 98.98495 97.97101 96.95928 95.95085 94.94677 93.94806 92.95569 91.97058 90.99359 90.02552 89.06710 88.11900 87.18180 86.25602 85.34210 84.44043 83.55130 82.67494 81.81153 80.96117 80.12393 79.29978 78.48868 77.69054 76.90519 76.13248 75.37217 74.62402 73.88776 73.16309 72.44969 71.74722 71.05532 70.37364 69.70179 69.03938 68.38603 67.74132 67.10487 66.47625 65.85507 65.24090 64.63335 64.03199 63.43643 62.84625 62.26105 61.68042 61.10396 60.53128 59.96197 59.39565 58.83192 58.27039 57.71068 57.15240 56.59518 56.03863 55.48238 54.92605 54.36926 53.81166 53.25285 52.69248 52.13018 51.56557 50.99829 50.42797 49.85424 49.27674 48.69509 48.10893 47.51789 46.92159 46.31967 45.71175 45.09745 44.47642 43.84826 43.21261 42.56908 41.91730 41.25689 40.58748 39.90868 39.22011 38.52141 37.81220 37.09211 36.36078 35.61784 34.86293 34.09572 33.31586 32.52303 31.71691 30.89721 30.06365 29.21597 28.35392 27.47731 26.58595 25.67969 24.75843 23.82210 22.87066 21.90414 20.92263 19.92624 18.91518 17.88969 16.85011 15.79681 14.73027 13.65102 12.55967 11.45691 10.34349 9.22024 8.08806 6.94791 5.80081 4.64783 3.49008 2.32874 1.16498 0.00000 
100.00000 99.00253 98.00609 97.01169 96.02032 95.03298 94.05059 93.07405 92.10423 91.14193 90.18789 89.24280 88.30729 87.38192 86.46718 85.56351 84.67126 83.79074 82.92218 82.06576 81.22161 80.38980 79.57032 78.76317 77.96825 77.18545 76.41462 75.65557 74.90808 74.17191 73.44679 72.73242 72.02850 71.33469 70.65067 69.97608 69.31054 68.65371 68.00519 67.36460 66.73156 66.10568 65.48656 64.87381 64.26704 63.66585 63.06984 62.47864 61.89183 61.30904 60.72987 60.15394 59.58086 59.01025 58.44173 57.87492 57.30944 56.74492 56.18098 55.61726 55.05338 54.48898 53.92368 53.35712 52.78894 52.21877 51.64625 51.07101 50.49269 49.91093 49.32537 48.73564 48.14138 47.54222 46.93781 46.32778 45.71176 45.08939 44.46030 43.82413 43.18052 42.52909 41.86948 41.20134 40.52428 39.83796 39.14200 38.43606 37.71978 36.99281 36.25480 35.50542 34.74433 33.97121 33.18575 32.38765 31.57663 30.75242 29.91476 29.06343 28.19822 27.31896 26.42549 25.51769 24.59550 23.65885 22.70777 21.74229 20.76251 19.76859 18.76073 17.73919 16.70431 15.65648 14.59614 13.52384 12.44016 11.34576 10.24136 9.12775 8.00578 6.87637 5.74046 4.59906 3.45323 2.30403 1.15258 0.00000 
100.00000 99.01909 98.03913 97.06105 96.08579 95.11423 94.14726 93.18571 92.23037 91.28201 90.34131 89.40893 88.48545 87.57141 86.66729 85.77348 84.89036 84.01821 83.15728 82.30774 81.46973 80.64332 79.82855 79.02541 78.23384 77.45374 76.68498 75.92741 75.18083 74.44502 73.71973 73.00471 72.29966 71.60429 70.91828 70.24130 69.57302 68.91307 68.26112 67.61679 66.97971 66.34953 65.72585 65.10830 64.49650 63.89008 63.28865 62.69182 62.09923 61.51050 60.92523 60.34306 59.76361 59.18650 58.61136 58.03783 57.46552 56.89408 56.32313 55.75230 55.18124 54.60958 54.03696 53.46302 52.88739 52.30971 51.72964 51.14681 50.56085 49.97143 49.37817 48.78071 48.17872 47.57182 46.95965 46.34187 45.71812 45.08804 44.45127 43.80745 43.15624 42.49728 41.83021 41.15469 40.47035 39.77687 39.07388 38.36106 37.63805 36.90454 36.16020 35.40470 34.63775 33.85904 33.06828 32.26520 31.44954 30.62107 29.77954 28.92477 28.05658 27.17481 26.27934 25.37009 24.44700 23.51006 22.55928 21.59474 20.61655 19.62488 18.61995 17.60204 16.57147 15.52864 14.47399 13.40804 12.33137 11.24460 10.14843 9.04362 7.93096 6.81132 5.68559 4.55474 3.41973 2.28157 1.14132 0.00000 
100.00000 99.03470 98.07029 97.10761 96.14754 95.19090 94.23851 93.29115 92.34955 91.41442 90.48642 89.56615 88.65418 87.75100 86.85707 85.97278 85.09849 84.23448 83.38098 82.53819 81.70624 80.88521 80.07516 79.27609 78.48795 77.71068 76.94417 76.18826 75.44281 74.70760 73.98242 73.26702 72.56115 71.86453 71.17686 70.49784 69.82715 69.16446 68.50943 67.86172 67.22099 66.58687 65.95901 65.33704 64.72060 64.10932 63.50284 62.90079 62.30279 61.70848 61.11750 60.52946 59.94401 59.36078 58.77940 58.19951 57.62075 57.04274 56.46514 55.88758 55.30971 54.73116 54.15157 53.57060 52.98788 52.40307 51.81580 51.22573 50.63250 50.03576 49.43516 48.83034 48.22097 47.60667 46.98712 46.36195 45.73082 45.09338 44.44928 43.79817 43.13972 42.47358 41.79940 41.11685 40.42559 39.72528 39.01560 38.29623 37.56684 36.82711 36.07675 35.31546 34.54294 33.75892 32.96313 32.15533 31.33528 30.50276 29.65757 28.79954 27.92851 27.04436 26.14699 25.23634 24.31237 23.37509 22.42455 21.46083 20.48407 19.49443 18.49217 17.47754 16.45090 15.41261 14.36314 13.30297 12.23267 11.15285 10.06416 8.96733 7.86312 6.75235 5.63587 4.51457 3.38937 2.26123 1.13111 0.00000 
100.00000 99.04944 98.09970 97.15157 96.20585 95.26332 94.32474 93.39082 92.46225 91.53971 90.62379 89.71508 88.81410 87.92133 87.03720 86.16210 85.29634 84.44023 83.59398 82.75780 81.93182 81.11613 80.31080 79.51583 78.73121 77.95688 77.19274 76.43868 75.69454 74.96015 74.23532 73.51981 72.81340 72.11582 71.42680 70.74605 70.07328 69.40818 68.75042 68.09969 67.45565 66.81796 66.18627 65.56025 64.93953 64.32377 63.71261 63.10569 62.50266 61.90315 61.30681 60.71328 60.12220 59.53321 58.94595 58.36007 57.77521 57.19101 56.60712 56.02319 55.43885 54.85376 54.26757 53.67993 53.09048 52.49887 51.90477 51.30781 50.70766 50.10396 49.49637 48.88454 48.26813 47.64680 47.02020 46.38799 45.74983 45.10538 44.45430 43.79625 43.13090 42.45791 41.77696 41.08772 40.38986 39.68307 38.96703 38.24142 37.50595 36.76032 36.00424 35.23743 34.45963 33.67057 32.87001 32.05772 31.23349 30.39713 29.54845 28.68731 27.81357 26.92713 26.02793 25.11590 24.19105 23.25339 22.30300 21.33997 20.36445 19.37663 18.37674 17.36507 16.34196 15.30778 14.26298 13.20804 12.14350 11.06995 9.98803 8.89842 7.80185 6.69909 5.59096 4.47829 3.36196 2.24285 1.12189 0.00000 
100.00000 99.06337 98.12749 97.19311 96.26098 95.33181 94.40630 93.48513 92.56894 91.65836 90.75396 89.85628 88.96582 88.08303 87.20832 86.34205 85.48456 84.63611 83.79693 82.96721 82.14710 81.33670 80.53606 79.74523 78.96418 78.19287 77.43124 76.67916 75.93652 75.20316 74.47889 73.76352 73.05681 72.35855 71.66846 70.98629 70.31175 69.64455 68.98440 68.33097 67.68396 67.04304 66.40789 65.77816 65.15352 64.53363 63.91814 63.30672 62.69901 62.09466 61.49333 60.89466 60.29830 59.70391 59.11113 58.51962 57.92901 57.33898 56.74915 56.15919 55.56875 54.97748 54.38503 53.79107 53.19523 52.59719 51.99659 51.39310 50.78636 50.17605 49.56181 48.94332 48.32023 47.69220 47.05889 46.41998 45.77513 45.12401 44.46628 43.80163 43.12971 42.45022 41.76282 41.06722 40.36308 39.65011 38.92801 38.19648 37.45523 36.70398 35.94246 35.17041 34.38757 33.59372 32.78861 31.97205 31.14384 30.30381 29.45179 28.58767 27.71133 26.82268 25.92168 25.00829 24.08253 23.14444 22.19409 21.23160 20.25713 19.27088 18.27309 17.26404 16.24408 15.21358 14.17296 13.12271 12.06334 10.99543 9.91959 8.83647 7.74677 6.65122 5.55059 4.44568 3.33731 2.22633 1.11361 0.00000 
100.00000 99.07654 98.15378 97.23242 96.31314 95.39662 94.48352 93.57445 92.67003 91.77084 90.87742 89.99027 89.10987 88.23664 87.37098 86.51324 85.66373 84.82271 83.99042 83.16702 82.35268 81.54749 80.75153 79.96484 79.18741 78.41920 77.66017 76.91022 76.16924 75.43707 74.71357 73.99855 73.29179 72.59309 71.90221 71.21889 70.54288 69.87389 69.21164 68.55584 67.90619 67.26237 66.62407 65.99098 65.36275 64.73908 64.11962 63.50403 62.89199 62.28315 61.67718 61.07372 60.47244 59.87300 59.27505 58.67825 58.08226 57.48673 56.89132 56.29568 55.69948 55.10237 54.50402 53.90407 53.30220 52.69806 52.09131 51.48162 50.86865 50.25206 49.63153 49.00670 48.37726 47.74287 47.10320 46.45792 45.80672 45.14925 44.48521 43.81426 43.13611 42.45042 41.75690 41.05524 40.34514 39.62630 38.89843 38.16126 37.41451 36.65792 35.89122 35.11417 34.32654 33.52811 32.71867 31.89803 31.06602 30.22247 29.36725 28.50026 27.62139 26.73059 25.82781 24.91306 23.98635 23.04774 22.09732 21.13522 20.16160 19.17668 18.18070 17.17394 16.15674 15.12948 14.09258 13.04649 11.99173 10.92885 9.85842 8.78110 7.69753 6.60842 5.51450 4.41653 3.31528 2.21157 1.10620 0.00000 
100.00000 99.08901 98.17868 97.26964 96.36255 95.45803 94.55669 93.65913 92.76590 91.87755 90.99460 90.11751 89.24674 88.38269 87.52573 86.67621 85.83441 85.00060 84.17500 83.35778 82.54910 81.74906 80.95775 80.17519 79.40140 78.63637 77.88003 77.13232 76.39313 75.66233 74.93978 74.22531 73.51873 72.81983 72.12840 71.44420 70.76698 70.09649 69.43244 68.77457 68.12258 67.47618 66.83506 66.19892 65.56745 64.94032 64.31721 63.69781 63.08178 62.46879 61.85851 61.25061 60.64475 60.04060 59.43783 58.83609 58.23504 57.63436 57.03371 56.43274 55.83112 55.22852 54.62459 54.01901 53.41144 52.80154 52.18898 51.57343 50.95456 50.33203 49.70553 49.07470 48.43925 47.79882 47.15312 46.50180 45.84456 45.18107 44.51103 43.83412 43.15003 42.45847 41.75912 41.05171 40.33593 39.61150 38.87816 38.13563 37.38364 36.62195 35.85032 35.06852 34.27632 33.47353 32.65994 31.83539 30.99973 30.15280 29.29449 28.42472 27.54339 26.65047 25.74593 24.82979 23.90207 22.96285 22.01223 21.05035 20.07739 19.09354 18.09908 17.09428 16.07947 15.05504 14.02138 12.97895 11.92825 10.86980 9.80417 8.73197 7.65383 6.57043 5.48246 4.39064 3.29572 2.19846 1.09962 0.00000 
100.00000 99.10083 98.20227 97.30492 96.40939 95.51626 94.62610 93.73946 92.85689 91.97887 91.10591 90.23844 89.37688 88.52164 87.67305 86.83145 85.99711 85.17029 84.35119 83.54001 82.73688 81.94192 81.15520 80.37677 79.60665 78.84483 78.09127 77.34590 76.60862 75.87934 75.15791 74.44418 73.73798 73.03910 72.34736 71.66253 70.98437 70.31263 69.64707 68.98742 68.33339 67.68471 67.04108 66.40221 65.76780 65.13754 64.51112 63.88822 63.26852 62.65172 62.03747 61.42546 60.81536 60.20684 59.59957 58.99323 58.38747 57.78198 57.17642 56.57045 55.96375 55.35599 54.74683 54.13595 53.52301 52.90769 52.28965 51.66857 51.04413 50.41599 49.78384 49.14735 48.50620 47.86007 47.20864 46.55161 45.88865 45.21946 44.54373 43.86115 43.17144 42.47429 41.76942 41.05654 40.33537 39.60564 38.86708 38.11944 37.36248 36.59594 35.81961 35.03326 34.23670 33.42973 32.61217 31.78388 30.94470 30.09451 29.23321 28.36072 27.47699 26.58197 25.67566 24.75809 23.82929 22.88936 21.93841 20.97657 20.00404 19.02103 18.02779 17.02462 16.01184 14.98981 13.95895 12.91969 11.87251 10.81792 9.75649 8.68878 7.61541 6.53701 5.45427 4.36787 3.27851 2.18692 1.09383 0.00000 
100.00000 99.11204 98.22465 97.33839 96.45383 95.57151 94.69198 93.81574 92.94331 92.07515 91.21172 90.35345 89.50073 88.65393 87.81339 86.97942 86.15229 85.33224 84.51948 83.71419 82.91650 82.12653 81.34436 80.57005 79.80361 79.04504 78.29432 77.55137 76.81614 76.08850 75.36835 74.65553 73.94989 73.25125 72.55942 71.87418 71.19533 70.52261 69.85580 69.19464 68.53885 67.88818 67.24234 66.60104 65.96400 65.33092 64.70150 64.07542 63.45239 62.83209 62.21419 61.59840 60.98438 60.37182 59.76039 59.14978 58.53964 57.92967 57.31953 56.70890 56.09745 55.48486 54.87080 54.25494 53.63697 53.01655 52.39336 51.76708 51.13739 50.50397 49.86650 49.22466 48.57813 47.92661 47.26978 46.60734 45.93897 45.26438 44.58327 43.89533 43.20029 42.49785 41.78773 41.06966 40.34337 39.60860 38.86509 38.11260 37.35088 36.57973 35.79891 35.00822 34.20749 33.39651 32.57515 31.74325 30.90068 30.04733 29.18312 28.30798 27.42187 26.52476 25.61666 24.69761 23.76765 22.82690 21.87546 20.91349 19.94118 18.95875 17.96645 16.96457 15.95344 14.93343 13.90491 12.86834 11.82417 10.77291 9.71508 8.65124 7.58200 6.50795 5.42975 4.34804 3.26352 2.17687 1.08879 0.00000 
100.00000 99.12268 98.24589 97.37016 96.49602 95.62399 94.75456 93.88823 93.02546 92.16670 91.31238 90.46290 89.61865 88.77996 87.94717 87.12056 86.30040 85.48691 84.68031 83.88075 83.08839 82.30334 81.52567 80.75545 79.99270 79.23741 78.48958 77.74915 77.01605 76.29018 75.57145 74.85971 74.15481 73.45660 72.76488 72.07947 71.40015 70.72670 70.05889 69.39648 68.73921 68.08682 67.43906 66.79563 66.15625 65.52065 64.88853 64.25959 63.63353 63.01004 62.38883 61.76957 61.15196 60.53568 59.92041 59.30584 58.69166 58.07753 57.46314 56.84817 56.23230 55.61520 54.99656 54.37606 53.75337 53.12818 52.50016 51.86900 51.23439 50.59600 49.95353 49.30665 48.65507 47.99847 47.33655 46.66900 45.99553 45.31583 44.62963 43.93662 43.23653 42.52908 41.81400 41.09101 40.35986 39.62030 38.87208 38.11497 37.34874 36.57318 35.78808 34.99325 34.18851 33.37370 32.54867 31.71329 30.86744 30.01102 29.14397 28.26622 27.37775 26.47854 25.56862 24.64802 23.71682 22.77512 21.82305 20.86076 19.88845 18.90634 17.91468 16.91378 15.90394 14.88553 13.85894 12.82459 11.78294 10.73446 9.67967 8.61913 7.55339 6.48305 5.40872 4.33104 3.25066 2.16825 1.08446 0.00000 
100.00000 99.13278 98.26606 97.40034 96.53611 95.67386 94.81405 93.95715 93.10359 92.25380 91.40819 90.56714 89.73100 88.90010 88.07476 87.25525 86.44182 85.63470 84.83408 84.04013 83.25299 82.47277 81.69954 80.93338 80.17431 79.42234 78.67745 77.93960 77.20872 76.48474 75.76756 75.05704 74.35305 73.65545 72.96404 72.27866 71.59910 70.92514 70.25658 69.59318 68.93468 68.28086 67.63144 66.98615 66.34474 65.70691 65.07239 64.44088 63.81210 63.18574 62.56151 61.93910 61.31820 60.69852 60.07974 59.46154 58.84361 58.22565 57.60733 56.98834 56.36837 55.74709 55.12420 54.49937 53.87228 53.24264 52.61011 51.97439 51.33516 50.69212 50.04496 49.39336 48.73702 48.07565 47.40893 46.73658 46.05830 45.37380 44.68280 43.98500 43.28015 42.56796 41.84817 41.12052 40.38477 39.64066 38.88797 38.12646 37.35593 36.57617 35.78698 34.98818 34.17961 33.36111 32.53254 31.69380 30.84476 29.98535 29.11551 28.23519 27.34436 26.44304 25.53125 24.60904 23.67650 22.73372 21.78085 20.81805 19.84551 18.86346 17.87217 16.87191 15.86301 14.84583 13.82074 12.78815 11.74852 10.70231 9.65003 8.59220 7.52938 6.46213 5.39104 4.31674 3.23984 2.16099 1.08082 0.00000 
100.00000 99.14239 98.28524 97.42904 96.57423 95.72128 94.87064 94.02272 93.17795 92.33674 91.49946 90.66646 89.83810 89.01469 88.19652 87.38386 86.57694 85.77599 84.98119 84.19270 83.41067 82.63519 81.86636 81.10423 80.34883 79.60019 78.85828 78.12307 77.39450 76.67251 75.95700 75.24784 74.54492 73.84809 73.15719 72.47203 71.79244 71.11820 70.44912 69.78496 69.12550 68.47049 67.81968 67.17282 66.52964 65.88987 65.25323 64.61945 63.98824 63.35931 62.73237 62.10711 61.48325 60.86047 60.23848 59.61696 58.99562 58.37413 57.75220 57.12951 56.50575 55.88061 55.25377 54.62493 53.99377 53.35998 52.72325 52.08328 51.43976 50.79237 50.14082 49.48481 48.82402 48.15817 47.48696 46.81010 46.12730 45.43828 44.74275 44.04045 43.33110 42.61443 41.89020 41.15814 40.41803 39.66961 38.91267 38.14699 37.37236 36.58859 35.79549 34.99289 34.18063 33.35858 32.52660 31.68459 30.83246 29.97012 29.09753 28.21465 27.32148 26.41802 25.50431 24.58041 23.64640 22.70242 21.74858 20.78507 19.81208 18.82985 17.83862 16.83869 15.83038 14.81403 13.79002 12.75876 11.72068 10.67625 9.62594 8.57028 7.50979 6.44504 5.37659 4.30504 3.23098 2.15504 1.07784 0.00000 
100.00000 99.15152 98.30348 97.45633 96.61049 95.76641 94.92449 94.08515 93.24877 92.41574 91.58642 90.76116 89.94026 89.12405 88.31278 87.50672 86.70610 85.91113 85.12199 84.33883 83.56179 82.79097 82.02647 81.26833 80.51661 79.77130 79.03240 78.29989 77.57372 76.85381 76.14008 75.43242 74.73071 74.03481 73.34458 72.65984 71.98042 71.30612 70.63674 69.97206 69.31187 68.65592 68.00398 67.35580 66.71113 66.06969 65.43122 64.79546 64.16211 63.53090 62.90154 62.27374 61.64720 61.02164 60.39674 59.77222 59.14776 58.52307 57.89783 57.27175 56.64451 56.01582 55.38535 54.75281 54.11788 53.48026 52.83965 52.19574 51.54822 50.89679 50.24116 49.58103 48.91609 48.24606 47.57065 46.88957 46.20253 45.50927 44.80949 44.10295 43.38936 42.66848 41.94005 41.20383 40.45959 39.70709 38.94612 38.17647 37.39793 36.61034 35.81350 35.00725 34.19146 33.36598 32.53070 31.68552 30.83036 29.96515 29.08984 28.20442 27.30888 26.40324 25.48755 24.56187 23.62630 22.68096 21.72599 20.76157 19.78791 18.80522 17.81377 16.81385 15.80578 14.78989 13.76656 12.73619 11.69920 10.65605 9.60721 8.55318 7.49448 6.43165 5.36524 4.29583 3.22401 2.15035 1.07548 0.00000 
100.00000 99.16021 98.32084 97.48230 96.64501 95.80937 94.97577 94.14460 93.31624 92.49104 91.66934 90.85148 90.03775 89.22845 88.42383 87.62415 86.82962 86.04044 85.25680 84.47883 83.70668 82.94045 82.18021 81.42604 80.67796 79.93600 79.20015 78.47039 77.74667 77.02893 76.31708 75.61104 74.91068 74.21588 73.52649 72.84234 72.16328 71.48912 70.81965 70.15468 69.49399 68.83735 68.18453 67.53529 66.88938 66.24654 65.60652 64.96905 64.33385 63.70064 63.06916 62.43910 61.81019 61.18214 60.55464 59.92741 59.30014 58.67255 58.04431 57.41515 56.78474 56.15280 55.51901 54.88307 54.24469 53.60355 52.95935 52.31179 51.66059 51.00542 50.34601 49.68205 49.01326 48.33934 47.66001 46.97499 46.28399 45.58676 44.88301 44.17248 43.45492 42.73008 41.99770 41.25755 40.50941 39.75305 38.98825 38.21483 37.43258 36.64133 35.84091 35.03117 34.21197 33.38319 32.54471 31.69644 30.83831 29.97027 29.09227 28.20431 27.30638 26.39852 25.48078 24.55323 23.61597 22.66913 21.71286 20.74733 19.77275 18.78936 17.79740 16.79718 15.78899 14.77319 13.75014 12.72023 11.68388 10.64154 9.59367 8.54075 7.48330 6.42183 5.35690 4.28905 3.21885 2.14689 1.07374 0.00000 
100.00000 99.16848 98.33736 97.50703 96.67787 95.85028 95.02462 94.20125 93.38055 92.56283 91.74843 90.93766 90.13081 89.32816 88.52995 87.73642 86.94778 86.16423 85.38593 84.61303 83.84566 83.08392 82.32790 81.57764 80.83320 80.09459 79.36182 78.63484 77.91364 77.19815 76.48830 75.78398 75.08510 74.39154 73.70314 73.01977 72.34125 71.66742 70.99807 70.33302 69.67206 69.01496 68.36150 67.71145 67.06456 66.42059 65.77928 65.14037 64.50359 63.86867 63.23534 62.60333 61.97233 61.34208 60.71228 60.08264 59.45286 58.82266 58.19174 57.55979 56.92652 56.29163 55.65482 55.01580 54.37425 53.72989 53.08241 52.43151 51.77691 51.11831 50.45540 49.78791 49.11555 48.43803 47.75506 47.06638 46.37171 45.67077 44.96331 44.24906 43.52778 42.79921 42.06312 41.31928 40.56745 39.80744 39.03902 38.26201 37.47623 36.68150 35.87765 35.06456 34.24207 33.41009 32.56850 31.71722 30.85618 29.98535 29.10467 28.21416 27.31382 26.40369 25.48382 24.55430 23.61523 22.66673 21.70898 20.74213 19.76642 18.78205 17.78931 16.78846 15.77983 14.76374 13.74058 12.71071 11.67457 10.63257 9.58517 8.53286 7.47613 6.41549 5.35147 4.28461 3.21547 2.14461 1.07259 0.00000 
100.00000 99.17636 98.35310 97.53058 96.70918 95.88926 95.07116 94.25525 93.44186 92.63130 91.82390 91.01993 90.21969 89.42342 88.63139 87.84380 87.06086 86.28276 85.50966 84.74171 83.97901 83.22169 82.46981 81.72344 80.98262 80.24736 79.51767 78.79353 78.07491 77.36174 76.65397 75.95149 75.25422 74.56202 73.87478 73.19234 72.51455 71.84123 71.17220 70.50728 69.84626 69.18893 68.53507 67.88445 67.23683 66.59198 65.94964 65.30955 64.67147 64.03512 63.40023 62.76653 62.13374 61.50158 60.86976 60.23800 59.60601 58.97351 58.34018 57.70575 57.06992 56.43239 55.79286 55.15104 54.50664 53.85935 53.20888 52.55495 51.89725 51.23549 50.56939 49.89865 49.22301 48.54216 47.85584 47.16377 46.46568 45.76131 45.05039 44.33268 43.60792 42.87587 42.13630 41.38898 40.63369 39.87023 39.09838 38.31798 37.52883 36.73077 35.92365 35.10733 34.28168 33.44660 32.60198 31.74776 30.88386 30.01026 29.12692 28.23385 27.33106 26.41860 25.49652 24.56492 23.62390 22.67361 21.71418 20.74582 19.76873 18.78313 17.78931 16.78753 15.77811 14.76139 13.73772 12.70748 11.67110 10.62898 9.58159 8.52939 7.47287 6.41252 5.34888 4.28246 3.21381 2.14348 1.07202 0.00000 
100.00000 99.18387 98.36809 97.55302 96.73901 95.92640 95.11553 94.30674 93.50034 92.69663 91.89592 91.09848 90.30458 89.51447 88.72838 87.94653 87.16911 86.39630 85.62825 84.86511 84.10700 83.35401 82.60622 81.86369 81.12647 80.39456 79.66798 78.94671 78.23072 77.51995 76.81434 76.11381 75.41825 74.72757 74.04162 73.36027 72.68337 72.01075 71.34224 70.67765 70.01678 69.35944 68.70540 68.05444 67.40634 66.76085 66.11774 65.47675 64.83762 64.20010 63.56393 62.92882 62.29452 61.66073 61.02719 60.39360 59.75969 59.12517 58.48974 57.85312 57.21502 56.57514 55.93319 55.28888 54.64191 53.99199 53.33884 52.68215 52.02164 51.35702 50.68801 50.01432 49.33566 48.65177 47.96237 47.26718 46.56594 45.85840 45.14428 44.42335 43.69535 42.96006 42.21723 41.46665 40.70811 39.94140 39.16632 38.38269 37.59034 36.78911 35.97886 35.15944 34.33073 33.49264 32.64508 31.78797 30.92125 30.04490 29.15890 28.26325 27.35797 26.44312 25.51875 24.58496 23.64187 22.68960 21.72833 20.75824 19.77953 18.79246 17.79726 16.79424 15.78370 14.76597 13.74142 12.71041 11.67336 10.63068 9.58282 8.53025 7.47343 6.41286 5.34906 4.28254 3.21383 2.14347 1.07201 0.00000 
100.00000 99.19101 98.38237 97.57440 96.76743 95.96180 95.15783 94.35584 93.55611 92.75896 91.96466 91.17348 90.38568 89.60149 88.82114 88.04482 87.27274 86.50506 85.74194 84.98350 84.22987 83.48113 82.73737 81.99864 81.26499 80.53644 79.81298 79.09462 78.38130 77.67300 76.96964 76.27115 75.57743 74.88837 74.20386 73.52375 72.84791 72.17616 71.50835 70.84429 70.18379 69.52664 68.87265 68.22159 67.57324 66.92736 66.28372 65.64208 65.00217 64.36375 63.72656 63.09032 62.45478 61.81965 61.18466 60.54953 59.91399 59.27774 58.64050 58.00198 57.36190 56.71997 56.07589 55.42937 54.78014 54.12788 53.47233 52.81318 52.15015 51.48295 50.81131 50.13494 49.45356 48.76690 48.07468 47.37665 46.67252 45.96206 45.24499 44.52108 43.79009 43.05178 42.30592 41.55230 40.79070 40.02093 39.24280 38.45613 37.66074 36.85649 36.04323 35.22082 34.38917 33.54816 32.69772 31.83778 30.96828 30.08920 29.20053 28.30228 27.39447 26.47715 25.55040 24.61431 23.66900 22.71461 21.75130 20.77927 19.79872 18.80989 17.81305 16.80847 15.79648 14.77739 13.75157 12.71938 11.68124 10.63756 9.58878 8.53534 7.47774 6.41644 5.35196 4.28480 3.21549 2.14457 1.07255 0.00000 
100.00000 99.19783 98.39597 97.59477 96.79452 95.99555 95.19816 94.40266 93.60932 92.81845 92.03029 91.24512 90.46317 89.68468 88.90985 88.13889 87.37198 86.60928 85.85094 85.09709 84.34784 83.60328 82.86349 82.12852 81.39843 80.67322 79.95290 79.23747 78.52688 77.82110 77.12007 76.42372 75.73194 75.04463 74.36169 73.68298 73.00835 72.33765 71.67072 71.00737 70.34743 69.69070 69.03697 68.38603 67.73766 67.09164 66.44772 65.80567 65.16524 64.52618 63.88823 63.25114 62.61462 61.97843 61.34227 60.70589 60.06899 59.43130 58.79253 58.15241 57.51064 56.86694 56.22102 55.57260 54.92138 54.26708 53.60941 52.94809 52.28282 51.61334 50.93935 50.26058 49.57675 48.88759 48.19283 47.49220 46.78545 46.07231 45.35255 44.62591 43.89215 43.15104 42.40237 41.64592 40.88147 40.10884 39.32783 38.53828 37.74001 36.93287 36.11674 35.29147 34.45697 33.61313 32.75987 31.89714 31.02490 30.14310 29.25175 28.35087 27.44047 26.52062 25.59139 24.65288 23.70522 22.74853 21.78300 20.80881 19.82618 18.83535 17.83657 16.83013 15.81635 14.79554 13.76808 12.73432 11.69467 10.64955 9.59938 8.54462 7.48573 6.42320 5.35753 4.28922 3.21878 2.14675 1.07364 0.00000 
100.00000 99.20431 98.40894 97.61418 96.82033 96.02771 95.23661 94.44730 93.66008 92.87521 92.09294 91.31353 90.53721 89.76420 88.99470 88.22891 87.46701 86.70914 85.95545 85.20607 84.46111 83.72066 82.98478 82.25354 81.52698 80.80511 80.08794 79.37547 78.66766 77.96447 77.26584 76.57171 75.88197 75.19654 74.51530 73.83812 73.16486 72.49537 71.82950 71.16706 70.50788 69.85176 69.19850 68.54791 67.89975 67.25381 66.60985 65.96765 65.32695 64.68750 64.04906 63.41137 62.77416 62.13717 61.50012 60.86275 60.22478 59.58594 58.94593 58.30449 57.66132 57.01614 56.36867 55.71862 55.06571 54.40965 53.75015 53.08694 52.41972 51.74823 51.07217 50.39127 49.70527 49.01388 48.31684 47.61388 46.90476 46.18921 45.46699 44.73785 44.00156 43.25789 42.50661 41.74753 40.98043 40.20512 39.42141 38.62914 37.82814 37.01827 36.19938 35.37136 34.53410 33.68750 32.83150 31.96603 31.09106 30.20656 29.31252 28.40896 27.49593 26.57347 25.64166 24.70062 23.75045 22.79131 21.82336 20.84681 19.86185 18.86875 17.86775 16.85914 15.84323 14.82036 13.79087 12.75515 11.71358 10.66657 9.61457 8.55801 7.49737 6.43312 5.36575 4.29576 3.22367 2.15000 1.07526 0.00000 
100.00000 99.21049 98.42128 97.63266 96.84493 96.05836 95.27325 94.48987 93.70849 92.92936 92.15273 91.37885 90.60794 89.84020 89.07585 88.31506 87.55799 86.80482 86.05566 85.31065 84.56989 83.83346 83.10144 82.37388 81.65083 80.93230 80.21829 79.50881 78.80381 78.10327 77.40712 76.71530 76.02771 75.34427 74.66485 73.98934 73.31761 72.64949 71.98484 71.32349 70.66526 70.00995 69.35739 68.70735 68.05962 67.41400 66.77024 66.12812 65.48739 64.84782 64.20915 63.57112 62.93348 62.29596 61.65830 61.02023 60.38146 59.74174 59.10077 58.45829 57.81400 57.16763 56.51890 55.86751 55.21319 54.55566 53.89462 53.22980 52.56091 51.88768 51.20983 50.52709 49.83917 49.14582 48.44677 47.74174 47.03050 46.31278 45.58834 44.85694 44.11835 43.37233 42.61867 41.85716 41.08760 40.30980 39.52357 38.72874 37.92516 37.11267 36.29116 35.46049 34.62056 33.77129 32.91260 32.04443 31.16676 30.27955 29.38280 28.47654 27.56081 26.63566 25.70118 24.75747 23.80466 22.84289 21.87234 20.89320 19.90568 18.91004 17.90653 16.89545 15.87709 14.85180 13.81992 12.78182 11.73792 10.68860 9.63431 8.57550 7.51262 6.44615 5.37658 4.30441 3.23014 2.15431 1.07742 0.00000 
100.00000 99.21638 98.43304 97.65027 96.86835 96.08756 95.30817 94.53044 93.75464 92.98101 92.20979 91.44121 90.67549 89.91283 89.15343 88.39747 87.64510 86.89647 86.15173 85.41098 84.67432 83.94185 83.21364 82.48973 81.77016 81.05496 80.34413 79.63766 78.93552 78.23768 77.54408 76.85465 76.16931 75.48796 74.81050 74.13680 73.46673 72.80015 72.13689 71.47681 70.81971 70.16542 69.51374 68.86447 68.21741 67.57232 66.92900 66.28720 65.64670 65.00724 64.36859 63.73049 63.09268 62.45491 61.81690 61.17839 60.53911 59.89879 59.25714 58.61390 57.96878 57.32150 56.67178 56.01934 55.36390 54.70517 54.04287 53.37672 52.70645 52.03177 51.35240 50.66808 49.97852 49.28347 48.58266 47.87583 47.16272 46.44308 45.71667 44.98324 44.24256 43.49442 42.73859 41.97485 41.20302 40.42291 39.63432 38.83709 38.03108 37.21612 36.39209 35.55888 34.71638 33.86450 33.00318 32.13235 31.25199 30.36207 29.46260 28.55360 27.63511 26.70720 25.76993 24.82343 23.86783 22.90326 21.92990 20.94796 19.95764 18.95920 17.95290 16.93902 15.91789 14.88982 13.85517 12.81432 11.76766 10.71561 9.65859 8.59705 7.53145 6.46228 5.39001 4.31514 3.23819 2.15967 1.08010 0.00000 
100.00000 99.22198 98.44423 97.66703 96.89065 96.11536 95.34142 94.56909 93.79862 93.03024 92.26420 91.50071 90.73998 89.98221 89.22759 88.47628 87.72846 86.98425 86.24380 85.50721 84.77458 84.04600 83.32153 82.60123 81.88513 81.17325 80.46561 79.76217 79.06294 78.36785 77.67687 76.98992 76.30692 75.62778 74.95239 74.28063 73.61237 72.94747 72.28578 71.62714 70.97136 70.31828 69.66769 69.01940 68.37321 67.72889 67.08623 66.44499 65.80495 65.16587 64.52749 63.88957 63.25186 62.61409 61.97600 61.33733 60.69780 60.05716 59.41511 58.77139 58.12571 57.47781 56.82739 56.17418 55.51789 54.85825 54.19498 53.52778 52.85639 52.18053 51.49992 50.81429 50.12337 49.42689 48.72459 48.01620 47.30147 46.58015 45.85200 45.11678 44.37426 43.62420 42.86640 42.10065 41.32674 40.54449 39.75371 38.95425 38.14594 37.32864 36.50222 35.66656 34.82157 33.96716 33.10325 32.22980 31.34678 30.45415 29.55194 28.64015 27.71884 26.78807 25.84793 24.89851 23.93995 22.97241 21.99606 21.01109 20.01773 19.01623 18.00684 16.98987 15.96561 14.93441 13.89663 12.85262 11.80280 10.74758 9.68738 8.62266 7.55387 6.48150 5.40603 4.32797 3.24781 2.16609 1.08331 0.00000 
100.00000 99.22730 98.45486 97.68296 96.91186 96.14181 95.37306 94.60588 93.84050 93.07715 92.31606 91.55744 90.80151 90.04844 89.29842 88.55162 87.80820 87.06828 86.33201 85.59948 84.87079 84.14603 83.42526 82.70853 81.99588 81.28732 80.58287 79.88250 79.18620 78.49393 77.80563 77.12124 76.44067 75.76384 75.09064 74.42096 73.75466 73.09160 72.43163 71.77460 71.12033 70.46864 69.81934 69.17224 68.52713 67.88380 67.24203 66.60160 65.96226 65.32379 64.68593 64.04845 63.41109 62.77359 62.13569 61.49712 60.85763 60.21693 59.57476 58.93083 58.28489 57.63663 56.98579 56.33209 55.67525 55.01498 54.35100 53.68304 53.01082 52.33405 51.65248 50.96581 50.27379 49.57614 48.87260 48.16291 47.44681 46.72407 45.99442 45.25764 44.51348 43.76173 43.00217 42.23459 41.45880 40.67459 39.88180 39.08025 38.26979 37.45028 36.62158 35.78359 34.93619 34.07931 33.21288 32.33684 31.45116 30.55583 29.65084 28.73623 27.81204 26.87833 25.93519 24.98272 24.02107 23.05038 22.07083 21.08262 20.08597 19.08114 18.06838 17.04799 16.02029 14.98560 13.94430 12.89675 11.84335 10.78453 9.72070 8.65233 7.57988 6.50382 5.42466 4.34288 3.25901 2.17355 1.08704 0.00000 
100.00000 99.23236 98.46497 97.69810 96.93201 96.16694 95.40315 94.64087 93.88035 93.12180 92.36545 91.61150 90.86017 90.11162 89.36604 88.62359 87.88443 87.14868 86.41647 85.68791 84.96308 84.24208 83.52496 82.81176 82.10254 81.39730 80.69604 79.99876 79.30544 78.61603 77.93048 77.24873 76.57069 75.89628 75.22539 74.55791 73.89370 73.23263 72.57455 71.91930 71.26672 70.61661 69.96880 69.32309 68.67928 68.03716 67.39651 66.75710 66.11871 65.48109 64.84401 64.20722 63.57046 62.93349 62.29604 61.65785 61.01866 60.37818 59.73616 59.09231 58.44637 57.79804 57.14707 56.49316 55.83603 55.17541 54.51101 53.84256 53.16978 52.49239 51.81012 51.12269 50.42983 49.73127 49.02676 48.31603 47.59882 46.87488 46.14398 45.40586 44.66030 43.90708 43.14597 42.37677 41.59927 40.81329 40.01864 39.21517 38.40270 37.58111 36.75025 35.91002 35.06030 34.20102 33.33211 32.45352 31.56521 30.66716 29.75938 28.84190 27.91476 26.97802 26.03177 25.07613 24.11123 23.13721 22.15426 21.16259 20.16240 19.15397 18.13754 17.11343 16.08194 15.04342 13.99822 12.94672 11.88933 10.82647 9.75857 8.68609 7.60949 6.52926 5.44589 4.35989 3.27178 2.18207 1.09130 0.00000 
100.00000 99.23715 98.47456 97.71247 96.95114 96.19081 95.43172 94.67411 93.91822 93.16425 92.41243 91.66296 90.91603 90.17183 89.43053 88.69229 87.95724 87.22554 86.49729 85.77260 85.05156 84.33424 83.62072 82.91103 82.20521 81.50328 80.80524 80.11108 79.42077 78.73427 78.05154 77.37251 76.69709 76.02521 75.35674 74.69158 74.02961 73.37068 72.71464 72.06135 71.41062 70.76229 70.11616 69.47205 68.82975 68.18906 67.54974 66.91159 66.27438 65.63786 65.00180 64.36595 63.73006 63.09388 62.45714 61.81960 61.18097 60.54099 59.89939 59.25589 58.61023 57.96211 57.31128 56.65744 56.00031 55.33962 54.67509 54.00643 53.33336 52.65562 51.97292 51.28500 50.59157 49.89237 49.18715 48.47562 47.75755 47.03267 46.30075 45.56153 44.81480 44.06031 43.29786 42.52723 41.74823 40.96065 40.16432 39.35907 38.54475 37.72120 36.88830 36.04592 35.19398 34.33237 33.46104 32.57992 31.68898 30.78822 29.87762 28.95723 28.02707 27.08722 26.13776 25.17881 24.21049 23.23297 22.24643 21.25106 20.24709 19.23478 18.21440 17.18624 16.15063 15.10791 14.05843 13.00259 11.94079 10.87345 9.80102 8.72396 7.64273 6.55783 5.46975 4.37902 3.28615 2.19166 1.09610 0.00000 
100.00000 99.24170 98.48364 97.72608 96.96926 96.21343 95.45881 94.70564 93.95415 93.20456 92.45706 91.71187 90.96918 90.22915 89.49197 88.75778 88.02672 87.29894 86.57455 85.85364 85.13630 84.42262 83.71265 83.00643 82.30400 81.60538 80.91056 80.21954 79.53228 78.84876 78.16891 77.49267 76.81997 76.15071 75.48478 74.82208 74.16248 73.50583 72.85200 72.20083 71.55214 70.90576 70.26152 69.61920 68.97862 68.33957 67.70182 67.06516 66.42936 65.79418 65.15938 64.52472 63.88996 63.25482 62.61907 61.98242 61.34463 60.70542 60.06451 59.42164 58.77654 58.12892 57.47850 56.82501 56.16816 55.50768 54.84328 54.17469 53.50163 52.82381 52.14096 51.45281 50.75908 50.05951 49.35383 48.64177 47.92309 47.19751 46.46481 45.72473 44.97704 44.22152 43.45794 42.68608 41.90576 41.11677 40.31892 39.51206 38.69602 37.87065 37.03582 36.19141 35.33732 34.47345 33.59974 32.71614 31.82260 30.91911 30.00568 29.08232 28.14908 27.20602 26.25324 25.29085 24.31897 23.33776 22.34742 21.34813 20.34013 19.32367 18.29904 17.26652 16.22644 15.17915 14.12501 13.06442 11.99778 10.92553 9.84811 8.76599 7.67964 6.58957 5.49628 4.40029 3.30213 2.20233 1.10144 0.00000 
100.00000 99.24599 98.49223 97.73896 96.98641 96.23483 95.48445 94.73550 93.98820 93.24276 92.49940 91.75829 91.01965 90.28363 89.55041 88.82013 88.09294 87.36896 86.64832 85.93110 85.21740 84.50729 83.80082 83.09805 82.39899 81.70367 81.01209 80.32423 79.64007 78.95957 78.28267 77.60931 76.93941 76.27287 75.60960 74.94948 74.29239 73.63818 72.98671 72.33782 71.69135 71.04712 70.40494 69.76462 69.12597 68.48877 67.85281 67.21787 66.58371 65.95011 65.31683 64.68361 64.05022 63.41639 62.78187 62.14640 61.50971 60.87154 60.23161 59.58964 58.94537 58.29852 57.64880 56.99594 56.33965 55.67966 55.01568 54.34744 53.67465 52.99703 52.31431 51.62621 50.93245 50.23277 49.52689 48.81456 48.09551 47.36949 46.63625 45.89554 45.14713 44.39079 43.62628 42.85341 42.07196 41.28173 40.48255 39.67423 38.85662 38.02956 37.19292 36.34658 35.49043 34.62438 33.74835 32.86229 31.96617 31.05995 30.14365 29.21729 28.28090 27.33456 26.37834 25.41237 24.43677 23.45170 22.45735 21.45391 20.44163 19.42075 18.39155 17.35435 16.30946 15.25723 14.19805 13.13229 12.06039 10.98278 9.89990 8.81224 7.72028 6.62453 5.52551 4.42373 3.31974 2.21409 1.10732 0.00000 
100.00000 99.25004 98.50033 97.75110 97.00259 96.25503 95.50866 94.76371 94.02038 93.27890 92.53946 91.80226 91.06749 90.33531 89.60590 88.87939 88.15594 87.43566 86.71866 86.00505 85.29491 84.58831 83.88531 83.18595 82.49025 81.79823 81.10990 80.42523 79.74420 79.06678 78.39289 77.72249 77.05548 76.39178 75.73128 75.07387 74.41941 73.76779 73.11883 72.47240 71.82832 71.18641 70.54650 69.90839 69.27187 68.63674 68.00279 67.36979 66.73752 66.10574 65.47421 64.84269 64.21092 63.57866 62.94564 62.31161 61.67629 61.03942 60.40073 59.75995 59.11679 58.47098 57.82224 57.17029 56.51485 55.85563 55.19235 54.52474 53.85250 53.17536 52.49304 51.80526 51.11174 50.41222 49.70641 48.99407 48.27491 47.54870 46.81516 46.07406 45.32516 44.56821 43.80301 43.02932 42.24694 41.45567 40.65531 39.84570 39.02667 38.19806 37.35973 36.51157 35.65345 34.78528 33.90699 33.01852 32.11982 31.21088 30.29170 29.36229 28.42269 27.47296 26.51321 25.54352 24.56404 23.57493 22.57636 21.56855 20.55172 19.52614 18.49209 17.44987 16.39981 15.34228 14.27765 13.20632 12.12872 11.04528 9.95648 8.86280 7.76472 6.66277 5.55748 4.44938 3.33902 2.22696 1.11377 0.00000 
100.00000 99.25385 98.50795 97.76252 97.01781 96.27405 95.53147 94.79029 94.05072 93.31299 92.57729 91.84381 91.11274 90.38424 89.65848 88.93561 88.21577 87.49907 86.78563 86.07554 85.36889 84.66574 83.96616 83.27018 82.57782 81.88911 81.20404 80.52259 79.84474 79.17044 78.49964 77.83227 77.16825 76.50748 75.84987 75.19529 74.54362 73.89472 73.24845 72.60463 71.96312 71.32373 70.68627 70.05055 69.41638 68.78354 68.15182 67.52100 66.89084 66.26112 65.63159 65.00200 64.37212 63.74168 63.11043 62.47810 61.84442 61.20914 60.57196 59.93263 59.29087 58.64638 57.99890 57.34814 56.69382 56.03566 55.37337 54.70666 54.03526 53.35887 52.67723 51.99005 51.29704 50.59795 49.89248 49.18038 48.46138 47.73522 47.00164 46.26039 45.51122 44.75391 43.98822 43.21392 42.43081 41.63868 40.83734 40.02660 39.20630 38.37628 37.53639 36.68650 35.82651 34.95631 34.07582 33.18497 32.28373 31.37207 30.44997 29.51747 28.57460 27.62141 26.65800 25.68447 24.70095 23.70761 22.70462 21.69220 20.67057 19.64001 18.60079 17.55322 16.49765 15.43443 14.36395 13.28662 12.20287 11.11316 10.01795 8.91774 7.81303 6.70436 5.59226 4.47729 3.36000 2.24097 1.12078 0.00000 
100.00000 99.25742 98.51509 97.77323 97.03209 96.29189 95.55287 94.81524 94.07924 93.34505 92.61289 91.88295 91.15541 90.43043 89.70818 88.98881 88.27245 87.55922 86.84924 86.14259 85.43936 84.73961 84.04341 83.35078 82.66176 81.97636 81.29456 80.61636 79.94173 79.27061 78.60296 77.93871 77.27776 76.62004 75.96543 75.31381 74.66506 74.01904 73.37559 72.73457 72.09580 71.45910 70.82430 70.19118 69.55956 68.92923 68.29996 67.67154 67.04373 66.41630 65.78902 65.16163 64.53388 63.90552 63.27630 62.64593 62.01417 61.38074 60.74536 60.10776 59.46766 58.82478 58.17885 57.52956 56.87665 56.21982 55.55880 54.89328 54.22300 53.54765 52.86697 52.18066 51.48845 50.79005 50.08519 49.37361 48.65502 47.92917 47.19579 46.45463 45.70545 44.94799 44.18203 43.40734 42.62371 41.83091 41.02876 40.21707 39.39566 38.56436 37.72304 36.87156 36.00979 35.13763 34.25500 33.36182 32.45806 31.54368 30.61866 29.68303 28.73682 27.78009 26.81291 25.83540 24.84769 23.84994 22.84232 21.82505 20.79837 19.76253 18.71783 17.66458 16.60313 15.53384 14.45711 13.37335 12.28300 11.18653 10.08442 8.97717 7.86531 6.74938 5.62992 4.50751 3.38273 2.25615 1.12837 0.00000 
100.00000 99.26075 98.52175 97.78322 97.04541 96.30855 95.57287 94.83859 94.10593 93.37509 92.64628 91.91970 91.19551 90.47389 89.75501 89.03900 88.32600 87.61614 86.90951 86.20622 85.50634 84.80995 84.11708 83.42779 82.74209 82.05999 81.38149 80.70657 80.03519 79.36732 78.70289 78.04183 77.38406 76.72948 76.07799 75.42946 74.78377 74.14078 73.50033 72.86226 72.22641 71.59260 70.96063 70.33032 69.70146 69.07385 68.44726 67.82146 67.19624 66.57136 65.94656 65.32161 64.69626 64.07024 63.44330 62.81518 62.18559 61.55428 60.92097 60.28539 59.64724 59.00625 58.36214 57.71461 57.06340 56.40819 55.74872 55.08468 54.41580 53.74178 53.06234 52.37718 51.68604 50.98862 50.28464 49.57383 48.85592 48.13064 47.39772 46.65691 45.90794 45.15058 44.38458 43.60972 42.82576 42.03250 41.22973 40.41725 39.59490 38.76248 37.91987 37.06690 36.20345 35.32943 34.44472 33.54927 32.64301 31.72592 30.79797 29.85918 28.90957 27.94920 26.97816 25.99654 25.00448 24.00213 22.98967 21.96732 20.93532 19.89392 18.84342 17.78415 16.71645 15.64070 14.55729 13.46666 12.36925 11.26554 10.15602 9.04122 7.92166 6.79791 5.67053 4.54011 3.40724 2.27252 1.13657 0.00000 
100.00000 99.26384 98.52793 97.79250 97.05779 96.32404 95.59147 94.86032 94.13079 93.40310 92.67745 91.95404 91.23304 90.51463 89.79896 89.08618 88.37642 87.66981 86.96645 86.26644 85.56985 84.87675 84.18719 83.50120 82.81881 82.14003 81.46484 80.79323 80.12516 79.46059 78.79945 78.14167 77.48717 76.83585 76.18759 75.54229 74.89980 74.25998 73.62268 72.98774 72.35499 71.72424 71.09532 70.46801 69.84213 69.21745 68.59376 67.97082 67.34842 66.72632 66.10426 65.48201 64.85930 64.23588 63.61150 62.98588 62.35875 61.72984 61.09887 60.46558 59.82966 59.19084 58.54884 57.90337 57.25413 56.60084 55.94320 55.28093 54.61374 53.94133 53.26341 52.57970 51.88991 51.19374 50.49092 49.78117 49.06421 48.33976 47.60755 46.86733 46.11884 45.36181 44.59600 43.82119 43.03713 42.24360 41.44040 40.62733 39.80419 38.97082 38.12704 37.27271 36.40771 35.53190 34.64520 33.74752 32.83881 31.91901 30.98812 30.04614 29.09308 28.12900 27.15399 26.16813 25.17156 24.16443 23.14692 22.11925 21.08166 20.03441 18.97780 17.91215 16.83783 15.75521 14.66470 13.56674 12.46180 11.35035 10.23291 9.11002 7.98222 6.85008 5.71419 4.57516 3.43360 2.29013 1.14538 0.00000 
100.00000 99.26669 98.53363 97.80106 97.06921 96.33834 95.60866 94.88041 94.15381 93.42907 92.70639 91.98597 91.26799 90.55262 89.84001 89.13033 88.42370 87.72023 87.02005 86.32324 85.62987 84.94001 84.25372 83.57102 82.89193 82.21647 81.54461 80.87635 80.21163 79.55042 78.89265 78.23824 77.58711 76.93915 76.29425 75.65230 75.01315 74.37666 73.74267 73.11103 72.48156 71.85407 71.22838 70.60429 69.98159 69.36006 68.73950 68.11966 67.50032 66.88123 66.26216 65.64285 65.02305 64.40250 63.78094 63.15809 62.53368 61.90745 61.27911 60.64839 60.01499 59.37863 58.73902 58.09588 57.44892 56.79783 56.14233 55.48212 54.81690 54.14639 53.47029 52.78831 52.10015 51.40552 50.70414 49.99572 49.27998 48.55663 47.82541 47.08604 46.33826 45.58181 44.81644 44.04190 43.25796 42.46438 41.66095 40.84747 40.02373 39.18955 38.34477 37.48922 36.62276 35.74528 34.85666 33.95682 33.04569 32.12321 31.18937 30.24417 29.28761 28.31975 27.34066 26.35043 25.34919 24.33710 23.31434 22.28111 21.23766 20.18425 19.12120 18.04883 16.96750 15.87761 14.77956 13.67382 12.56085 11.44116 10.31527 9.18372 8.04710 6.90599 5.76100 4.61274 3.46187 2.30901 1.15484 0.00000 
100.00000 99.26930 98.53884 97.80889 97.07967 96.35144 95.62443 94.89887 94.17498 93.45298 92.73308 92.01546 91.30033 90.58784 89.87816 89.17143 88.46780 87.76738 87.07028 86.37659 85.68638 84.99972 84.31666 83.63723 82.96144 82.28930 81.62080 80.95592 80.29461 79.63682 78.98249 78.33154 77.68387 77.03939 76.39798 75.75950 75.12384 74.49083 73.86033 73.23216 72.60615 71.98211 71.35986 70.73918 70.11988 69.50173 68.88451 68.26800 67.65196 67.03614 66.42030 65.80420 65.18756 64.57014 63.95166 63.33186 62.71045 62.08718 61.46174 60.83387 60.20327 59.56966 58.93275 58.29223 57.64783 56.99924 56.34616 55.68830 55.02537 54.35705 53.68306 53.00309 52.31686 51.62406 50.92440 50.21759 49.50335 48.78138 48.05142 47.31317 46.56636 45.81075 45.04605 44.27202 43.48842 42.69501 41.89157 41.07787 40.25371 39.41890 38.57326 37.71663 36.84885 35.96979 35.07935 34.17741 33.26391 32.33878 31.40200 30.45355 29.49345 28.52173 27.53846 26.54374 25.53769 24.52045 23.49222 22.45319 21.40361 20.34375 19.27393 18.19447 17.10575 16.00816 14.90213 13.78812 12.66663 11.53817 10.40327 9.26251 8.11648 6.96579 5.81106 4.65295 3.49211 2.32922 1.16495 0.00000 
100.00000 99.27165 98.54356 97.81597 97.08914 96.36332 95.63874 94.91564 94.19426 93.47480 92.75747 92.04248 91.33002 90.62025 89.91335 89.20945 88.50870 87.81121 87.11710 86.42645 85.73934 85.05584 84.37597 83.69979 83.02730 82.35850 81.69338 81.03192 80.37407 79.71977 79.06896 78.42155 77.77745 77.13656 76.49876 75.86391 75.23188 74.60251 73.97565 73.35113 72.72877 72.10837 71.48975 70.87270 70.25701 69.64246 69.02883 68.41587 67.80337 67.19107 66.57872 65.96607 65.35286 64.73883 64.12371 63.50723 62.88910 62.26906 61.64682 61.02209 60.39458 59.76401 59.13007 58.49248 57.85093 57.20514 56.55478 55.89958 55.23921 54.57339 53.90180 53.22415 52.54014 51.84946 51.15182 50.44691 49.73445 49.01415 48.28570 47.54884 46.80329 46.04876 45.28499 44.51173 43.72871 42.93569 42.13244 41.31872 40.49434 39.65908 38.81275 37.95518 37.08621 36.20570 35.31352 34.40957 33.49375 32.56601 31.62629 30.67459 29.71090 28.73526 27.74773 26.74839 25.73737 24.71481 23.68089 22.63582 21.57984 20.51323 19.43629 18.34938 17.25286 16.14714 15.03267 13.90992 12.77938 11.64160 10.49714 9.34657 8.19052 7.02961 5.86451 4.69588 3.52441 2.35080 1.17576 0.00000 
100.00000 99.27375 98.54777 97.82230 97.09761 96.37396 95.65158 94.93072 94.21161 93.49447 92.77953 92.06698 91.35701 90.64980 89.94552 89.24432 88.54633 87.85168 87.16046 86.47278 85.78871 85.10830 84.43161 83.75866 83.08946 82.42402 81.76231 81.10431 80.44997 79.79923 79.15202 78.50825 77.86784 77.23065 76.59658 75.96550 75.33725 74.71169 74.08865 73.46795 72.84942 72.23286 71.61808 71.00487 70.39301 69.78228 69.17246 68.56331 67.95459 67.34605 66.73744 66.12851 65.51899 64.90862 64.29713 63.68424 63.06968 62.45315 61.83438 61.21308 60.58896 59.96171 59.33106 58.69668 58.05830 57.41559 56.76826 56.11601 55.45852 54.79549 54.12661 53.45158 52.77009 52.08183 51.38650 50.68379 49.97340 49.25504 48.52842 47.79322 47.04919 46.29602 45.53344 44.76118 43.97899 43.18660 42.38377 41.57026 40.74585 39.91033 39.06348 38.20514 37.33513 36.45329 35.55948 34.65359 33.73552 32.80520 31.86257 30.90761 29.94030 28.96068 27.96880 26.96473 25.94859 24.92053 23.88071 22.82936 21.76670 20.69302 19.60864 18.51389 17.40917 16.29489 15.17150 14.03949 12.89939 11.75173 10.59710 9.43612 8.26941 7.09764 5.92149 4.74165 3.55885 2.37382 1.18728 0.00000 
100.00000 99.27559 98.55145 97.82785 97.10505 96.38331 95.66289 94.94404 94.22698 93.51196 92.79920 92.08889 91.38124 90.67643 89.97463 89.27598 88.58063 87.88870 87.20029 86.51550 85.83441 85.15706 84.48351 83.81378 83.14788 82.48580 81.82753 81.17304 80.52227 79.87516 79.23164 78.59161 77.95498 77.32163 76.69143 76.06425 75.43994 74.81835 74.19929 73.58261 72.96810 72.35558 71.74485 71.13568 70.52788 69.92120 69.31543 68.71031 68.10562 67.50110 66.89649 66.29154 65.68598 65.07954 64.47195 63.86294 63.25221 62.63949 62.02448 61.40691 60.78646 60.16284 59.53576 58.90491 58.26998 57.63067 56.98667 56.33768 55.68337 55.02344 54.35758 53.68548 53.00681 52.32127 51.62855 50.92834 50.22033 49.50422 48.77969 48.04646 47.30422 46.55268 45.79157 45.02059 44.23947 43.44795 42.64578 41.83270 41.00848 40.17289 39.32572 38.46678 37.59587 36.71283 35.81752 34.90980 33.98956 33.05671 32.11120 31.15297 30.18203 29.19837 28.20205 27.19314 26.17175 25.13800 24.09208 23.03420 21.96458 20.88353 19.79134 18.68838 17.57504 16.45174 15.31895 14.17717 13.02694 11.86882 10.70343 9.53139 8.35337 7.17005 5.98215 4.79039 3.59553 2.39832 1.19955 0.00000 
100.00000 99.27716 98.55460 97.83260 97.11143 96.39135 95.67264 94.95555 94.24033 93.52720 92.81641 92.10815 91.40264 90.70006 90.00057 89.30434 88.61151 87.92219 87.23651 86.55454 85.87636 85.20203 84.53159 83.86507 83.20247 82.54378 81.88899 81.23805 80.59091 79.94751 79.30777 78.67158 78.03885 77.40946 76.78327 76.16014 75.53993 74.92246 74.30758 73.69508 73.08480 72.47652 71.87004 71.26515 70.66162 70.05922 69.45773 68.85691 68.25649 67.65624 67.05589 66.45518 65.85384 65.25161 64.64821 64.04334 63.43674 62.82811 62.21716 61.60360 60.98713 60.36744 59.74423 59.11721 58.48605 57.85045 57.21009 56.56466 55.91385 55.25734 54.59480 53.92593 53.25041 52.56790 51.87811 51.18070 50.47537 49.76180 49.03968 48.30870 47.56855 46.81893 46.05956 45.29013 44.51036 43.71997 42.91870 42.10629 41.28248 40.44704 39.59974 38.74038 37.86874 36.98466 36.08797 35.17852 34.25620 33.32089 32.37253 31.41106 30.43646 29.44873 28.44790 27.43404 26.40725 25.36765 24.31542 23.25076 22.17392 21.08516 19.98482 18.87326 17.75086 16.61808 15.47538 14.32330 13.16237 11.99320 10.81641 9.63265 8.44263 7.24705 6.04666 4.84223 3.63455 2.42440 1.21261 0.00000 
100.00000 99.27845 98.55720 97.83652 97.11671 96.39803 95.68078 94.96520 94.25157 93.54011 92.83107 92.12467 91.42111 90.72058 90.02326 89.32931 88.63887 87.95207 87.26901 86.58978 85.91446 85.24311 84.57576 83.91244 83.25314 82.59787 81.94659 81.29926 80.65583 80.01621 79.38034 78.74810 78.11939 77.49408 76.87204 76.25312 75.63717 75.02401 74.41347 73.80536 73.19949 72.59566 71.99365 71.39325 70.79422 70.19635 69.59939 69.00309 68.40720 67.81147 67.21565 66.61945 66.02261 65.42486 64.82592 64.22549 63.62331 63.01906 62.41246 61.80321 61.19101 60.57556 59.95654 59.33364 58.70656 58.07498 57.43857 56.79703 56.15003 55.49725 54.83837 54.17305 53.50098 52.82183 52.13528 51.44099 50.73865 50.02794 49.30853 48.58011 47.84235 47.09495 46.33761 45.57001 44.79186 44.00288 43.20277 42.39127 41.56812 40.73305 39.88584 39.02625 38.15407 37.26911 36.37118 35.46013 34.53582 33.59813 32.64698 31.68229 30.70403 29.71219 28.70678 27.68788 26.65555 25.60994 24.55119 23.47952 22.39516 21.29839 20.18953 19.06896 17.93708 16.79433 15.64122 14.47827 13.30605 12.12519 10.93634 9.74018 8.53743 7.32885 6.11522 4.89733 3.67602 2.45212 1.22649 0.00000 
100.00000 99.27946 98.55922 97.83958 97.12084 96.40330 95.68723 94.97292 94.26063 93.55061 92.84311 92.13835 91.43655 90.73790 90.04259 89.35077 88.66260 87.97820 87.29767 86.62112 85.94860 85.28019 84.61590 83.95578 83.29980 82.64797 82.00024 81.35658 80.71692 80.08118 79.44927 78.82109 78.19652 77.57544 76.95770 76.34314 75.73161 75.12293 74.51693 73.91340 73.31215 72.71298 72.11566 71.51997 70.92569 70.33257 69.74037 69.14885 68.55776 67.96682 67.37578 66.78436 66.19230 65.59931 65.00511 64.40941 63.81193 63.21236 62.61041 62.00578 61.39816 60.78724 60.17272 59.55427 58.93158 58.30433 57.67220 57.03487 56.39200 55.74328 55.08836 54.42692 53.75864 53.08317 52.40018 51.70934 51.01032 50.30278 49.58640 48.86085 48.12580 47.38093 46.62591 45.86044 45.08421 44.29690 43.49823 42.68791 41.86566 41.03122 40.18431 39.32471 38.45218 37.56651 36.66751 35.75500 34.82882 33.88884 32.93496 31.96709 30.98518 29.98920 28.97917 27.95513 26.91715 25.86535 24.79989 23.72096 22.62881 21.52370 20.40597 19.27598 18.13416 16.98096 15.81688 14.64250 13.45838 12.26519 11.06359 9.85430 8.63808 7.41571 6.18803 4.95586 3.72008 2.48157 1.24124 0.00000 
100.00000 99.28016 98.56063 97.84173 97.12378 96.40708 95.69193 94.97861 94.26741 93.55859 92.85240 92.14907 91.44883 90.75189 90.05842 89.36859 88.68256 88.00045 87.32237 86.64841 85.97865 85.31313 84.65190 83.99496 83.34232 82.69396 82.04983 81.40990 80.77409 80.14231 79.51448 78.89048 78.27018 77.65346 77.04016 76.43013 75.82320 75.21919 74.61791 74.01917 73.42275 72.82845 72.23604 71.64530 71.05599 70.46787 69.88069 69.29421 68.70815 68.12227 67.53628 66.94992 66.36291 65.77497 65.18580 64.59512 64.00264 63.40805 62.81105 62.21134 61.60861 61.00254 60.39283 59.77914 59.16116 58.53857 57.91104 57.27824 56.63983 55.99549 55.34488 54.68765 54.02348 53.35202 52.67293 51.98587 51.29050 50.58647 49.87345 49.15110 48.41907 47.67704 46.92468 46.16164 45.38762 44.60230 43.80535 42.99649 42.17541 41.34184 40.49549 39.63610 38.76344 37.87726 36.97736 36.06354 35.13562 34.19346 33.23693 32.26593 31.28040 30.28028 29.26558 28.23632 27.19257 26.13444 25.06206 23.97564 22.87541 21.76163 20.63465 19.49484 18.34261 17.17845 16.00287 14.81645 13.61980 12.41358 11.19852 9.97535 8.74487 7.50790 6.26532 5.01800 3.76686 2.51285 1.25691 0.00000 
100.00000 99.28054 98.56141 97.84295 97.12548 96.40932 95.69479 94.98220 94.27182 93.56394 92.85882 92.15671 91.45783 90.76240 90.07061 89.38262 88.69860 88.01867 87.34294 86.67151 86.00445 85.34180 84.68360 84.02986 83.38057 82.73571 82.09524 81.45910 80.82722 80.19951 79.57586 78.95615 78.34027 77.72806 77.11937 76.51403 75.91188 75.31272 74.71636 74.12260 73.53123 72.94202 72.35475 71.76919 71.18510 70.60223 70.02032 69.43913 68.85839 68.27782 67.69717 67.11614 66.53447 65.95185 65.36801 64.78265 64.19546 63.60615 63.01441 62.41993 61.82240 61.22150 60.61691 60.00831 59.39537 58.77776 58.15516 57.52722 56.89361 56.25398 55.60801 54.95534 54.29562 53.62851 52.95366 52.27072 51.57933 50.87916 50.16983 49.45102 48.72235 47.98350 47.23411 46.47384 45.70235 44.91931 44.12440 43.31729 42.49767 41.66523 40.81970 39.96078 39.08821 38.20173 37.30113 36.38617 35.45667 34.51245 33.55338 32.57932 31.59019 30.58594 29.56654 28.53200 27.48238 26.41776 25.33829 24.24414 23.13554 22.01278 20.87618 19.72611 18.56301 17.38736 16.19971 15.00063 13.79078 12.57084 11.34155 10.10371 8.85814 7.60571 6.34734 5.08395 3.81653 2.54606 1.27354 0.00000 
100.00000 99.28059 98.56153 97.84317 97.12586 96.40993 95.69573 94.98356 94.27373 93.56653 92.86224 92.16111 91.46338 90.76927 90.07898 89.39269 88.71055 88.03269 87.35923 86.69025 86.02583 85.36602 84.71084 84.06030 83.41439 82.77308 82.13632 81.50405 80.87619 80.25264 79.63329 79.01802 78.40668 77.79914 77.19522 76.59476 75.99757 75.40346 74.81222 74.22366 73.63755 73.05366 72.47176 71.89162 71.31299 70.73562 70.15924 69.58361 69.00844 68.43347 67.85843 67.28302 66.70696 66.12997 65.55175 64.97199 64.39041 63.80668 63.22051 62.63157 62.03956 61.44414 60.84500 60.24181 59.63424 59.02195 58.40461 57.78187 57.15339 56.51883 55.87784 55.23007 54.57515 53.91274 53.24248 52.56401 51.87697 51.18099 50.47572 49.76078 49.03583 48.30050 47.55442 46.79725 46.02863 45.24821 44.45564 43.65059 42.83273 42.00174 41.15729 40.29910 39.42688 38.54035 37.63925 36.72335 35.79244 34.84631 33.88480 32.90778 31.91512 30.90676 29.88264 28.84277 27.78718 26.71594 25.62918 24.52708 23.40985 22.27777 21.13116 19.97041 18.79595 17.60829 16.40796 15.19559 13.97184 12.73744 11.49314 10.23980 8.97826 7.70947 6.43436 5.15395 3.86925 2.58131 1.29120 0.00000 
100.00000 99.28028 98.56094 97.84234 97.12485 96.40883 95.69463 94.98258 94.27301 93.56621 92.86249 92.16211 91.46531 90.77233 90.08337 89.39861 88.71821 88.04231 87.37102 86.70443 86.04261 85.38561 84.73344 84.08611 83.44361 82.80589 82.17291 81.54459 80.92085 80.30157 79.68665 79.07594 78.46931 77.86659 77.26762 76.67221 76.08017 75.49131 74.90542 74.32227 73.74164 73.16331 72.58703 72.01255 71.43963 70.86801 70.29743 69.72762 69.15830 68.58921 68.02005 67.45054 66.88040 66.30932 65.73702 65.16318 64.58749 64.00966 63.42937 62.84630 62.26012 61.67051 61.07715 60.47970 59.87783 59.27119 58.65945 58.04226 57.41927 56.79012 56.15446 55.51194 54.86218 54.20483 53.53952 52.86588 52.18354 51.49212 50.79126 50.08057 49.35969 48.62824 47.88584 47.13212 46.36671 45.58925 44.79937 43.99672 43.18094 42.35169 41.50864 40.65147 39.77986 38.89352 37.99217 37.07555 36.14341 35.19555 34.23175 33.25187 32.25576 31.24333 30.21450 29.16926 28.10762 27.02964 25.93543 24.82515 23.69902 22.55729 21.40029 20.22842 19.04211 17.84187 16.62827 15.40194 14.16357 12.91392 11.65380 10.38407 9.10566 7.81953 6.52670 5.22823 3.92520 2.61872 1.30994 0.00000 
100.00000 99.27960 98.55961 97.84040 97.12237 96.40591 95.69137 94.97913 94.26950 93.56283 92.85941 92.15952 91.46343 90.77137 90.08355 89.40017 88.72138 88.04733 87.37812 86.71385 86.05458 85.40036 84.75120 84.10710 83.46804 82.83397 82.20484 81.58056 80.96104 80.34616 79.73579 79.12980 78.52803 77.93031 77.33646 76.74629 76.15961 75.57621 74.99586 74.41835 73.84345 73.27091 72.70048 72.13192 71.56498 70.99938 70.43485 69.87114 69.30795 68.74500 68.18202 67.61871 67.05477 66.48991 65.92382 65.35620 64.78674 64.21512 63.64102 63.06413 62.48411 61.90065 61.31339 60.72202 60.12619 59.52555 58.91976 58.30846 57.69130 57.06792 56.43795 55.80104 55.15681 54.50489 53.84489 53.17645 52.49919 51.81271 51.11663 50.41057 49.69413 48.96693 48.22857 47.47868 46.71685 45.94271 45.15588 44.35597 43.54261 42.71545 41.87412 41.01827 40.14758 39.26171 38.36037 37.44327 36.51013 35.56071 34.59479 33.61219 32.61273 31.59629 30.56278 29.51215 28.44440 27.35957 26.25775 25.13908 24.00377 22.85207 21.68431 20.50087 19.30220 18.08881 16.86130 15.62032 14.36658 13.10088 11.82405 10.53703 9.24076 7.93630 6.62469 5.30708 3.98460 2.65845 1.32984 0.00000 
100.00000 99.27853 98.55748 97.83728 97.11834 96.40106 95.68584 94.97305 94.26305 93.55619 92.85279 92.15314 91.45752 90.76616 90.07931 89.39713 88.71982 88.04749 87.38028 86.71826 86.06151 85.41005 84.76390 84.12305 83.48748 82.85713 82.23192 81.61178 80.99659 80.38623 79.78057 79.17944 78.58270 77.99015 77.40161 76.81689 76.23578 75.65805 75.08348 74.51184 73.94289 73.37639 72.81207 72.24969 71.68898 71.12966 70.57147 70.01413 69.45735 68.90085 68.34433 67.78750 67.23007 66.67173 66.11216 65.55107 64.98814 64.42305 63.85547 63.28508 62.71156 62.13456 61.55376 60.96881 60.37936 59.78506 59.18557 58.58052 57.96955 57.35230 56.72840 56.09747 55.45913 54.81301 54.15872 53.49586 52.82405 52.14289 51.45199 50.75094 50.03933 49.31677 48.58285 47.83717 47.07931 46.30887 45.52546 44.72867 43.91810 43.09338 42.25411 41.39993 40.53047 39.64539 38.74434 37.82702 36.89312 35.94238 34.97453 33.98936 32.98667 31.96632 30.92818 29.87217 28.79827 27.70650 26.59692 25.46966 24.32491 23.16292 21.98400 20.78854 19.57699 18.34988 17.10781 15.85146 14.58156 13.29895 12.00451 10.69922 9.38408 8.06019 6.72870 5.39078 4.04767 2.70064 1.35098 0.00000 
100.00000 99.27703 98.55452 97.83291 97.11264 96.39415 95.67786 94.96417 94.25346 93.54610 92.84242 92.14274 91.44733 90.75647 90.07037 89.38925 88.71326 88.04255 87.37725 86.71742 86.06314 85.41443 84.77130 84.13374 83.50170 82.87513 82.25394 81.63804 81.02731 80.42161 79.82080 79.22471 78.63317 78.04598 77.46296 76.88389 76.30855 75.73672 75.16817 74.60264 74.03990 73.47968 72.92174 72.36579 71.81158 71.25883 70.70725 70.15656 69.60648 69.05670 68.50695 67.95691 67.40628 66.85476 66.30204 65.74779 65.19171 64.63346 64.07273 63.50918 62.94248 62.37230 61.79828 61.22009 60.63737 60.04978 59.45694 58.85850 58.25410 57.64335 57.02587 56.40130 55.76925 55.12931 54.48110 53.82422 53.15827 52.48283 51.79750 51.10186 50.39549 49.67798 48.94890 48.20783 47.45434 46.68801 45.90842 45.11514 44.30775 43.48585 42.64902 41.79686 40.92899 40.04502 39.14459 38.22735 37.29297 36.34114 35.37159 34.38404 33.37829 32.35414 31.31144 30.25009 29.17002 28.07123 26.95377 25.81773 24.66330 23.49070 22.30024 21.09231 19.86736 18.62592 17.36861 16.09613 14.80926 13.50885 12.19584 10.87125 9.53615 8.19170 6.83912 5.47967 4.11466 2.74546 1.37344 0.00000 
100.00000 99.27508 98.55065 97.82718 97.10516 96.38505 95.66729 94.95232 94.24053 93.53233 92.82806 92.12805 91.43261 90.74200 90.05647 89.37622 88.70142 88.03222 87.36873 86.71104 86.05920 85.41323 84.77314 84.13890 83.51046 82.88775 82.27068 81.65914 81.05300 80.45211 79.85631 79.26543 78.67928 78.09766 77.52036 76.94716 76.37783 75.81213 75.24983 74.69066 74.13438 73.58072 73.02940 72.48017 71.93273 71.38682 70.84213 70.29839 69.75529 69.21255 68.66986 68.12691 67.58340 67.03901 66.49343 65.94635 65.39744 64.84637 64.29281 63.73643 63.17690 62.61386 62.04698 61.47590 60.90027 60.31973 59.73392 59.14246 58.54498 57.94111 57.33045 56.71263 56.08724 55.45389 54.81216 54.16166 53.50197 52.83266 52.15332 51.46351 50.76281 50.05077 49.32695 48.59092 47.84223 47.08043 46.30507 45.51572 44.71193 43.89325 43.05926 42.20952 41.34361 40.46112 39.56165 38.64482 37.71027 36.75765 35.78663 34.79694 33.78831 32.76051 31.71336 30.64672 29.56049 28.45464 27.32919 26.18421 25.01985 23.83634 22.63396 21.41310 20.17420 18.91782 17.64458 16.35520 15.05049 13.73135 12.39875 11.05378 9.69757 8.33135 6.95641 5.57411 4.18586 2.79309 1.39730 0.00000 
100.00000 99.27264 98.54581 97.82002 97.09578 96.37359 95.65394 94.93727 94.22403 93.51462 92.80943 92.10880 91.41305 90.72247 90.03729 89.35774 88.68398 88.01617 87.35442 86.69881 86.04938 85.40616 84.76913 84.13826 83.51349 82.89474 82.28190 81.67485 81.07344 80.47752 79.88691 79.30143 78.72087 78.14502 77.57366 77.00655 76.44347 75.88415 75.32835 74.77580 74.22624 73.67940 73.13499 72.59274 72.05237 71.51358 70.97608 70.43957 69.90377 69.36835 68.83302 68.29747 67.76139 67.22445 66.68634 66.14675 65.60533 65.06176 64.51571 63.96684 63.41481 62.85928 62.29988 61.73627 61.16809 60.59497 60.01655 59.43244 58.84227 58.24566 57.64221 57.03152 56.41320 55.78683 55.15201 54.50830 53.85529 53.19254 52.51961 51.83607 51.14146 50.43532 49.71722 48.98667 48.24322 47.48639 46.71573 45.93075 45.13099 44.31597 43.48525 42.63834 41.77481 40.89419 39.99607 39.08002 38.14564 37.19254 36.22037 35.22878 34.21750 33.18623 32.13477 31.06294 29.97059 28.85766 27.72413 26.57006 25.39556 24.20084 22.98617 21.75192 20.49854 19.22658 17.93669 16.62960 15.30616 13.96730 12.61405 11.24754 9.86900 8.47971 7.08107 5.67452 4.26156 2.84375 1.42269 0.00000 
100.00000 99.26968 98.53993 97.81130 97.08435 96.35960 95.63759 94.91879 94.20369 93.49270 92.78624 92.08468 91.38834 90.69752 90.01249 89.33346 88.66060 87.99407 87.33398 86.68040 86.03336 85.39289 84.75896 84.13152 83.51050 82.89581 82.28732 81.68490 81.08839 80.49762 79.91239 79.33250 78.75774 78.18789 77.62270 77.06194 76.50534 75.95266 75.40362 74.85796 74.31539 73.77564 73.23843 72.70345 72.17042 71.63905 71.10903 70.58007 70.05185 69.52406 68.99641 68.46857 67.94023 67.41106 66.88075 66.34896 65.81537 65.27964 64.74144 64.20042 63.65624 63.10855 62.55699 62.00121 61.44084 60.87552 60.30485 59.72848 59.14601 58.55705 57.96120 57.35806 56.74721 56.12824 55.50073 54.86425 54.21835 53.56259 52.89652 52.21969 51.53163 50.83186 50.11992 49.39533 48.65758 47.90620 47.14069 46.36056 45.56530 44.75442 43.92741 43.08380 42.22308 41.34478 40.44843 39.53356 38.59972 37.64651 36.67351 35.68034 34.66666 33.63216 32.57657 31.49966 30.40127 29.28128 28.13962 26.97633 25.79150 24.58528 23.35796 22.10986 20.84146 19.55328 18.24600 16.92036 15.57725 14.21763 12.84260 11.45335 10.05117 8.63744 7.21364 5.78132 4.34211 2.89766 1.44971 0.00000 
100.00000 99.26616 98.53292 97.80091 97.07070 96.34289 95.61802 94.89664 94.17922 93.46625 92.75816 92.05532 91.35810 90.66680 89.98169 89.30299 88.63090 87.96554 87.30703 86.65543 86.01079 85.37308 84.74230 84.11836 83.50120 82.89068 82.28669 81.68906 81.09761 80.51217 79.93252 79.35845 78.78972 78.22610 77.66733 77.11315 76.56331 76.01753 75.47553 74.93702 74.40173 73.86936 73.33962 72.81221 72.28683 71.76317 71.24094 70.71981 70.19949 69.67966 69.15999 68.64018 68.11990 67.59882 67.07663 66.55298 66.02755 65.50000 64.96999 64.43716 63.90118 63.36170 62.81834 62.27075 61.71856 61.16140 60.59888 60.03063 59.45624 58.87533 58.28749 57.69230 57.08934 56.47820 55.85844 55.22961 54.59127 53.94295 53.28420 52.61455 51.93350 51.24058 50.53529 49.81713 49.08559 48.34015 47.58029 46.80550 46.01524 45.20898 44.38620 43.54636 42.68895 41.81343 40.91930 40.00605 39.07320 38.12027 37.14681 36.15240 35.13664 34.09917 33.03968 31.95788 30.85356 29.72655 28.57676 27.40416 26.20881 24.99085 23.75051 22.48813 21.20414 19.89910 18.57366 17.22860 15.86484 14.48338 13.08538 11.67209 10.24488 8.80523 7.35473 5.89503 4.42788 2.95508 1.47849 0.00000 
100.00000 99.26202 98.52470 97.78870 97.05467 96.32323 95.59498 94.87050 94.15032 93.43494 92.72481 92.02036 91.32194 90.62989 89.94448 89.26594 88.59445 87.93016 87.27316 86.62353 85.98126 85.34637 84.71878 84.09844 83.48524 82.87904 82.27969 81.68702 81.10084 80.52093 79.94708 79.37905 78.81659 78.25945 77.70736 77.16004 76.61722 76.07861 75.54393 75.01287 74.48515 73.96046 73.43849 72.91894 72.40151 71.88588 71.37173 70.85876 70.34665 69.83508 69.32372 68.81226 68.30036 67.78771 67.27396 66.75879 66.24186 65.72283 65.20134 64.67707 64.14964 63.61871 63.08392 62.54489 62.00125 61.45263 60.89865 60.33890 59.77301 59.20055 58.62112 58.03430 57.43967 56.83679 56.22521 55.60449 54.97416 54.33375 53.68279 53.02080 52.34726 51.66168 50.96354 50.25232 49.52749 48.78851 48.03483 47.26590 46.48117 45.68007 44.86204 44.02651 43.17291 42.30069 41.40929 40.49816 39.56675 38.61456 37.64107 36.64582 35.62834 34.58822 33.52509 32.43862 31.32853 30.19461 29.03670 27.85474 26.64874 25.41879 24.16511 22.88800 21.58788 20.26530 18.92093 17.55555 16.17012 14.76568 13.34344 11.90474 10.45103 8.98389 7.50501 6.01619 4.51930 3.01629 1.50918 0.00000 
100.00000 99.25722 98.51515 97.77453 97.03604 96.30038 95.56818 94.84006 94.11661 93.39836 92.68579 91.97935 91.27942 90.58634 89.90040 89.22182 88.55081 87.88748 87.23194 86.58424 85.94438 85.31233 84.68803 84.07139 83.46227 82.86054 82.26601 81.67850 81.09778 80.52364 79.95583 79.39409 78.83815 78.28776 77.74261 77.20243 76.66692 76.13578 75.60871 75.08540 74.56554 74.04883 73.53494 73.02357 72.51439 72.00710 71.50136 70.99686 70.49328 69.99029 69.48756 68.98477 68.48159 67.97769 67.47273 66.96637 66.45827 65.94810 65.43550 64.92012 64.40160 63.87960 63.35373 62.82363 62.28893 61.74924 61.20418 60.65334 60.09633 59.53274 58.96215 58.38413 57.79825 57.20407 56.60113 55.98897 55.36713 54.73511 54.09243 53.43858 52.77306 52.09533 51.40487 50.70112 49.98354 49.25157 48.50462 47.74212 46.96348 46.16810 45.35538 44.52472 43.67551 42.80714 41.91901 41.01053 40.08110 39.13014 38.15711 37.16146 36.14267 35.10028 34.03385 32.94298 31.82734 30.68665 29.52070 28.32936 27.11260 25.87048 24.60314 23.31088 21.99409 20.65331 19.28920 17.90257 16.49440 15.06578 13.61798 12.15240 10.67061 9.17428 7.66524 6.14542 4.61684 3.08161 1.54193 0.00000 
100.00000 99.25169 98.50417 97.75822 97.01460 96.27406 95.53729 94.80497 94.07771 93.35610 92.64065 91.93183 91.23005 90.53566 89.84895 89.17016 88.49947 87.83702 87.18289 86.53712 85.89968 85.27055 84.64963 84.03681 83.43193 82.83484 82.24533 81.66318 81.08816 80.52002 79.95850 79.40331 78.85418 78.31081 77.77291 77.24016 76.71225 76.18888 75.66973 75.15447 74.64279 74.13437 73.62888 73.12600 72.62540 72.12676 71.62975 71.13404 70.63931 70.14523 69.65146 69.15768 68.66355 68.16873 67.67289 67.17568 66.67677 66.17581 65.67244 65.16631 64.65707 64.14434 63.62778 63.10699 62.58160 62.05123 61.51548 60.97395 60.42624 59.87193 59.31060 58.74182 58.16514 57.58011 56.98627 56.38315 55.77027 55.14714 54.51323 53.86805 53.21106 52.54172 51.85948 51.16376 50.45400 49.72960 48.98997 48.23448 47.46252 46.67347 45.86667 45.04148 44.19726 43.33335 42.44910 41.54385 40.61697 39.66781 38.69577 37.70023 36.68062 35.63639 34.56705 33.47212 32.35120 31.20395 30.03008 28.82941 27.60184 26.34737 25.06610 23.75829 22.42430 21.06464 19.67998 18.27115 16.83912 15.38506 13.91028 12.41629 10.90472 9.37739 7.83626 6.28340 4.72101 3.15140 1.57692 0.00000 
100.00000 99.24538 98.49162 97.73958 96.99009 96.24396 95.50195 94.76480 94.03317 93.30768 92.58888 91.87728 91.17329 90.47729 89.78958 89.11039 88.43990 87.77825 87.12549 86.48165 85.84669 85.22055 84.60313 83.99427 83.39382 82.80156 82.21728 81.64073 81.07166 80.50979 79.95483 79.40649 78.86445 78.32841 77.79805 77.27304 76.75305 76.23777 75.72685 75.21997 74.71679 74.21698 73.72021 73.22614 72.73445 72.24479 71.75684 71.27025 70.78471 70.29986 69.81539 69.33094 68.84619 68.36080 67.87442 67.38671 66.89732 66.40592 65.91213 65.41562 64.91601 64.41294 63.90604 63.39494 62.87926 62.35859 61.83256 61.30075 60.76275 60.21815 59.66651 59.10740 58.54037 57.96496 57.38070 56.78710 56.18368 55.56993 54.94532 54.30934 53.66142 53.00102 52.32756 51.64045 50.93910 50.22288 49.49116 48.74331 47.97868 47.19658 46.39634 45.57729 44.73871 43.87991 43.00018 42.09881 41.17511 40.22838 39.25792 38.26307 37.24317 36.19762 35.12583 34.02725 32.90140 31.74786 30.56627 29.35637 28.11798 26.85105 25.55562 24.23188 22.88017 21.50097 20.09494 18.66291 17.20588 15.72505 14.22181 12.69774 11.15460 9.59431 8.01900 6.43091 4.83242 3.22605 1.61436 0.00000 
100.00000 99.23820 98.47735 97.71838 96.96222 96.20973 95.46177 94.71911 93.98249 93.25256 92.52992 91.81510 91.10855 90.41064 89.72168 89.04191 88.37151 87.71058 87.05917 86.41729 85.78488 85.16185 84.54806 83.94334 83.34750 82.76030 82.18150 81.61081 81.04796 80.49265 79.94455 79.40336 78.86873 78.34033 77.81784 77.30089 76.78916 76.28229 75.77994 75.28176 74.78742 74.29656 73.80884 73.32392 72.84146 72.36112 71.88255 71.40543 70.92940 70.45413 69.97928 69.50451 69.02948 68.55385 68.07728 67.59941 67.11990 66.63841 66.15457 65.66802 65.17841 64.68537 64.18852 63.68749 63.18189 62.67133 62.15542 61.63374 61.10587 60.57141 60.02990 59.48092 58.92399 58.35867 57.78446 57.20088 56.60742 56.00357 55.38879 54.76255 54.12427 53.47338 52.80929 52.13139 51.43906 50.73165 50.00850 49.26894 48.51229 47.73783 46.94485 46.13261 45.30038 44.44739 43.57289 42.67612 41.75629 40.81266 39.84446 38.85095 37.83140 36.78510 35.71140 34.60965 33.47930 32.31982 31.13077 29.91181 28.66267 27.38322 26.07343 24.73344 23.36353 21.96414 20.53591 19.07967 17.59644 16.08746 14.55418 12.99827 11.42161 9.82627 8.21452 6.58880 4.95173 3.30600 1.65447 0.00000 
100.00000 99.23007 98.46119 97.69439 96.93066 96.17099 95.41628 94.66739 93.92511 93.19015 92.46315 91.74466 91.03516 90.33503 89.64459 88.96408 88.29364 87.63338 86.98333 86.34346 85.71369 85.09390 84.48392 83.88354 83.29254 82.71066 82.13760 81.57306 81.01674 80.46829 79.92738 79.39366 78.86677 78.34636 77.83207 77.32354 76.82040 76.32229 75.82886 75.33973 74.85457 74.37300 73.89468 73.41925 72.94636 72.47568 72.00684 71.53951 71.07333 70.60798 70.14310 69.67835 69.21338 68.74786 68.28143 67.81376 67.34448 66.87325 66.39970 65.92349 65.44425 64.96161 64.47519 63.98461 63.48949 62.98944 62.48404 61.97291 61.45560 60.93171 60.40078 59.86237 59.31602 58.76126 58.19759 57.62453 57.04156 56.44814 55.84374 55.22780 54.59973 53.95895 53.30484 52.63677 51.95410 51.25615 50.54224 49.81167 49.06370 48.29760 47.51261 46.70794 45.88280 45.03639 44.16789 43.27647 42.36129 41.42152 40.45632 39.46487 38.44636 37.39999 36.32500 35.22067 34.08632 32.92135 31.72520 30.49743 29.23768 27.94573 26.62146 25.26493 23.87636 22.45615 21.00490 19.52341 18.01274 16.47416 14.90918 13.31956 11.70730 10.07462 8.42400 6.75807 5.07967 3.39178 1.69750 0.00000 
100.00000 99.22090 98.44296 97.66731 96.89506 96.12728 95.36497 94.60906 93.86041 93.11979 92.38787 91.66524 90.95240 90.24975 89.55759 88.87616 88.20560 87.54598 86.89731 86.25953 85.63253 85.01614 84.41017 83.81437 83.22848 82.65218 82.08517 81.52710 80.97763 80.43639 79.90302 79.37712 78.85834 78.34628 77.84056 77.34079 76.84661 76.35763 75.87346 75.39375 74.91812 74.44619 73.97762 73.51203 73.04907 72.58839 72.12962 71.67243 71.21646 70.76136 70.30678 69.85239 69.39784 68.94277 68.48684 68.02970 67.57101 67.11040 66.64752 66.18200 65.71349 65.24162 64.76601 64.28627 63.80203 63.31288 62.81842 62.31824 61.81193 61.29904 60.77914 60.25177 59.71646 59.17275 58.62013 58.05810 57.48614 56.90370 56.31023 55.70517 55.08791 54.45784 53.81435 53.15676 52.48442 51.79662 51.09266 50.37179 49.63326 48.87627 48.10004 47.30373 46.48650 45.64749 44.78581 43.90057 42.99088 42.05580 41.09444 40.10586 39.08918 38.04350 36.96795 35.86170 34.72398 33.55404 32.35125 31.11502 29.84490 28.54054 27.20175 25.82846 24.42084 22.97920 21.50411 19.99635 18.45697 16.88726 15.28882 13.66348 12.01339 10.34094 8.64878 6.93981 5.21710 3.48395 1.74375 0.00000 
100.00000 99.21057 98.42243 97.63683 96.85500 96.07811 95.30726 94.54347 93.78768 93.04071 92.30329 91.57603 90.85945 90.15396 89.45986 88.77737 88.10661 87.44763 86.80040 86.16482 85.54075 84.92798 84.32625 83.73530 83.15481 82.58442 82.02380 81.47255 80.93030 80.39664 79.87117 79.35349 78.84319 78.33985 77.84308 77.35247 76.86762 76.38814 75.91362 75.44369 74.97796 74.51604 74.05758 73.60219 73.14951 72.69918 72.25084 71.80413 71.35871 70.91421 70.47029 70.02661 69.58281 69.13854 68.69346 68.24722 67.79945 67.34982 66.89796 66.44351 65.98611 65.52538 65.06095 64.59245 64.11947 63.64163 63.15852 62.66972 62.17482 61.67339 61.16496 60.64910 60.12532 59.59315 59.05208 58.50161 57.94119 57.37029 56.78833 56.19474 55.58889 54.97018 54.33794 53.69151 53.03019 52.35326 51.65998 50.94958 50.22126 49.47420 48.70755 47.92045 47.11199 46.28125 45.42729 44.54915 43.64584 42.71638 41.75976 40.77497 39.76100 38.71687 37.64159 36.53422 35.39384 34.21961 33.01073 31.76651 30.48636 29.16980 27.81652 26.42634 24.99933 23.53571 22.03599 20.50091 18.93151 17.32911 15.69534 14.03217 12.34185 10.62696 8.89039 7.13527 5.36499 3.58317 1.79355 0.00000 
100.00000 99.19897 98.39936 97.60258 96.80999 96.02289 95.24248 94.46990 93.70614 92.95210 92.20855 91.47615 90.75542 90.04678 89.35052 88.66685 87.99585 87.33753 86.69184 86.05862 85.43767 84.82876 84.23157 83.64578 83.07102 82.50691 81.95305 81.40901 80.87437 80.34869 79.83154 79.32248 78.82106 78.32687 77.83945 77.35840 76.88328 76.41368 75.94920 75.48943 75.03398 74.58245 74.13446 73.68963 73.24760 72.80798 72.37042 71.93455 71.50003 71.06649 70.63358 70.20095 69.76825 69.33513 68.90125 68.46625 68.02977 67.59147 67.15099 66.70797 66.26204 65.81284 65.35998 64.90309 64.44178 63.97565 63.50430 63.02731 62.54427 62.05472 61.55823 61.05434 60.54258 60.02244 59.49344 58.95505 58.40674 57.84793 57.27807 56.69655 56.10275 55.49604 54.87573 54.24115 53.59158 52.92626 52.24443 51.54529 50.82801 50.09171 49.33553 48.55852 47.75975 46.93823 46.09295 45.22288 44.32697 43.40412 42.45325 41.47325 40.46300 39.42139 38.34733 37.23974 36.09756 34.91981 33.70555 32.45394 31.16423 29.83579 28.46817 27.06107 25.61441 24.12832 22.60322 21.03980 19.43905 17.80232 16.13128 14.42800 12.69487 10.93468 9.15053 7.34588 5.52443 3.69018 1.84727 0.00000 
100.00000 99.18593 98.37346 97.56414 96.75950 95.96097 95.16989 94.38749 93.61487 92.85298 92.10266 91.36459 90.63930 89.92722 89.22861 88.54365 87.87240 87.21482 86.57080 85.94013 85.32257 84.71781 84.12549 83.54522 82.97659 82.41916 81.87247 81.33607 80.80948 80.29222 79.78382 79.28382 78.79173 78.30710 77.82946 77.35838 76.89341 76.43412 75.98007 75.53086 75.08607 74.64531 74.20818 73.77429 73.34327 72.91473 72.48831 72.06364 71.64037 71.21813 70.79658 70.37535 69.95411 69.53249 69.11016 68.68675 68.26192 67.83531 67.40658 66.97535 66.54126 66.10395 65.66305 65.21816 64.76891 64.31490 63.85572 63.39097 62.92020 62.44300 61.95891 61.46747 60.96820 60.46061 59.94420 59.41843 58.88277 58.33664 57.77947 57.21065 56.62954 56.03548 55.42780 54.80579 54.16870 53.51577 52.84620 52.15915 51.45376 50.72913 49.98432 49.21837 48.43027 47.61897 46.78341 45.92247 45.03502 44.11989 43.17588 42.20177 41.19635 40.15838 39.08661 37.97984 36.83686 35.65653 34.43773 33.17947 31.88081 30.54097 29.15931 27.73537 26.26892 24.75996 23.20879 21.61601 19.98258 18.30983 16.59948 14.85367 13.07497 11.26634 9.43119 7.57327 5.69669 3.80584 1.90535 0.00000 
100.00000 99.17130 98.34440 97.52103 96.70290 95.89160 95.08862 94.29531 93.51286 92.74231 91.98453 91.24024 90.50999 89.79417 89.09305 88.40675 87.73528 87.07856 86.43640 85.80855 85.19468 84.59442 84.00735 83.43303 82.87096 82.32066 81.78162 81.25332 80.73525 80.22689 79.72772 79.23724 78.75494 78.28033 77.81293 77.35226 76.89787 76.44930 76.00611 75.56787 75.13415 74.70455 74.27866 73.85609 73.43645 73.01936 72.60445 72.19134 71.77968 71.36910 70.95925 70.54978 70.14034 69.73058 69.32014 68.90868 68.49584 68.08129 67.66465 67.24558 66.82370 66.39867 65.97009 65.53760 65.10081 64.65932 64.21273 63.76063 63.30259 62.83817 62.36694 61.88842 61.40214 60.90761 60.40431 59.89171 59.36926 58.83640 58.29253 57.73703 57.16926 56.58855 55.99421 55.38550 54.76167 54.12193 53.46544 52.79135 52.09875 51.38672 50.65426 49.90037 49.12397 48.32398 47.49924 46.64858 45.77076 44.86453 43.92859 42.96162 41.96226 40.92915 39.86090 38.75615 37.61352 36.43170 35.20939 33.94539 32.63858 31.28797 29.89272 28.45218 26.96593 25.43380 23.85595 22.23287 20.56543 18.85493 17.10313 15.31224 13.48498 11.62454 9.73462 7.81933 5.88322 3.93115 1.96830 0.00000 
100.00000 99.15489 98.31179 97.47268 96.63946 95.81391 94.99769 94.19226 93.39895 92.61886 91.85292 91.10186 90.36624 89.64643 88.94266 88.25501 87.58342 86.92773 86.28770 85.66298 85.05318 84.45784 83.87648 83.30857 82.75357 82.21091 81.68003 81.16035 80.65132 80.15237 79.66293 79.18248 78.71046 78.24635 77.78966 77.33987 76.89651 76.45911 76.02720 75.60035 75.17812 74.76008 74.34583 73.93496 73.52709 73.12182 72.71878 72.31759 71.91790 71.51934 71.12155 70.72419 70.32690 69.92933 69.53114 69.13198 68.73149 68.32934 67.92516 67.51861 67.10932 66.69692 66.28106 65.86135 65.43740 65.00884 64.57525 64.13623 63.69134 63.24017 62.78226 62.31714 61.84435 61.36337 60.87371 60.37483 59.86618 59.34717 58.81722 58.27569 57.72193 57.15527 56.57498 55.98034 55.37056 54.74482 54.10229 53.44205 52.76319 52.06473 51.34564 50.60487 49.84128 49.05374 48.24101 47.40184 46.53492 45.63889 44.71235 43.75385 42.76193 41.73505 40.67170 39.57032 38.42938 37.24735 36.02274 34.75412 33.44015 32.07961 30.67142 29.21471 27.70881 26.15338 24.54836 22.89409 21.19134 19.44135 17.64586 15.80718 13.92816 12.01223 10.06341 8.08622 6.08569 4.06725 2.03669 0.00000 
100.00000 99.13646 98.27520 97.41845 96.56835 95.72691 94.89595 94.07711 93.27182 92.48126 91.70642 90.94805 90.20668 89.48266 88.77617 88.08720 87.41565 86.76125 86.12368 85.50249 84.89721 84.30729 83.73216 83.17121 82.62383 82.08937 81.56722 81.05675 80.55732 80.06833 79.58917 79.11928 78.65806 78.20497 77.75948 77.32105 76.88920 76.46342 76.04324 75.62821 75.21788 74.81182 74.40962 74.01085 73.61512 73.22205 72.83125 72.44236 72.05499 71.66881 71.28343 70.89853 70.51374 70.12872 69.74312 69.35660 68.96882 68.57942 68.18806 67.79438 67.39803 66.99865 66.59587 66.18932 65.77862 65.36338 64.94321 64.51768 64.08640 63.64891 63.20478 62.75354 62.29473 61.82783 61.35234 60.86773 60.37344 59.86889 59.35348 58.82657 58.28751 57.73560 57.17012 56.59032 55.99540 55.38453 54.75683 54.11139 53.44724 52.76337 52.05872 51.33217 50.58257 49.80867 49.00921 48.18285 47.32818 46.44375 45.52806 44.57952 43.59654 42.57744 41.52052 40.42407 39.28633 38.10558 36.88010 35.60820 34.28830 32.91890 31.49866 30.02641 28.50124 26.92253 25.29000 23.60379 21.86450 20.07326 18.23180 16.34246 14.40824 12.43283 10.42057 8.37645 6.30606 4.21548 2.11120 0.00000 
100.00000 99.11575 98.23409 97.35757 96.48859 95.62942 94.78209 93.94842 93.12994 92.32795 91.54346 90.77722 90.02976 89.30137 88.59214 87.90200 87.23072 86.57796 85.94327 85.32610 84.72588 84.14196 83.57366 83.02029 82.48116 81.95554 81.44275 80.94209 80.45287 79.97445 79.50616 79.04740 78.59754 78.15600 77.72223 77.29567 76.87580 76.46212 76.05414 75.65138 75.25338 74.85972 74.46996 74.08369 73.70050 73.32001 72.94183 72.56559 72.19092 71.81746 71.44485 71.07275 70.70081 70.32868 69.95602 69.58250 69.20776 68.83146 68.45327 68.07282 67.68978 67.30378 66.91446 66.52145 66.12438 65.72287 65.31651 64.90491 64.48765 64.06430 63.63441 63.19753 62.75319 62.30088 61.84010 61.37032 60.89097 60.40148 59.90124 59.38961 58.86593 58.32950 57.77959 57.21542 56.63620 56.04106 55.42912 54.79943 54.15100 53.48279 52.79369 52.08254 51.34813 50.58918 49.80433 48.99216 48.15121 47.27989 46.37661 45.43965 44.46727 43.45764 42.40888 41.31909 40.18631 39.00855 37.78386 36.51029 35.18595 33.80904 32.37789 30.89103 29.34722 27.74551 26.08534 24.36657 22.58960 20.75540 18.86561 16.92261 14.92952 12.89026 10.80958 8.69296 6.54662 4.37740 2.19263 0.00000 
100.00000 99.09244 98.18786 97.28913 96.39903 95.52008 94.65458 93.80452 92.97159 92.15715 91.36224 90.58763 89.83378 89.10091 88.38902 87.69792 87.02728 86.37660 85.74532 85.13278 84.53826 83.96100 83.40022 82.85514 82.32496 81.80889 81.30615 80.81598 80.33765 79.87043 79.41364 78.96661 78.52869 78.09927 77.67777 77.26360 76.85623 76.45513 76.05981 75.66977 75.28456 74.90372 74.52682 74.15345 73.78319 73.41566 73.05047 72.68725 72.32563 71.96525 71.60576 71.24682 70.88807 70.52917 70.16980 69.80961 69.44826 69.08541 68.72073 68.35387 67.98449 67.61223 67.23673 66.85765 66.47459 66.08720 65.69506 65.29780 64.89499 64.48622 64.07103 63.64899 63.21961 62.78240 62.33687 61.88247 61.41865 60.94482 60.46039 59.96470 59.45711 58.93688 58.40330 57.85559 57.29291 56.71440 56.11916 55.50622 54.87455 54.22309 53.55070 52.85618 52.13825 51.39558 50.62675 49.83028 49.00458 48.14801 47.25882 46.33520 45.37524 44.37696 43.33829 42.25711 41.13125 39.95846 38.73652 37.46315 36.13617 34.75340 33.31284 31.81261 30.25109 28.62695 26.93926 25.18755 23.37192 21.49312 19.55265 17.55285 15.49696 13.38914 11.23452 9.03919 6.81007 4.55487 2.28193 0.00000 
100.00000 99.06617 98.13575 97.21209 96.29830 95.39730 94.51162 93.64350 92.79474 91.96680 91.16074 90.37728 89.61681 88.87947 88.16511 87.47340 86.80386 86.15585 85.52865 84.92143 84.33336 83.76355 83.21110 82.67510 82.15466 81.64890 81.15697 80.67804 80.21130 79.75599 79.31136 78.87670 78.45134 78.03464 77.62596 77.22474 76.83039 76.44238 76.06020 75.68335 75.31136 74.94377 74.58016 74.22009 73.86316 73.50898 73.15715 72.80732 72.45910 72.11216 71.76614 71.42069 71.07547 70.73015 70.38440 70.03788 69.69025 69.34120 68.99037 68.63744 68.28207 67.92391 67.56261 67.19781 66.82915 66.45626 66.07875 65.69624 65.30831 64.91455 64.51452 64.10778 63.69385 63.27226 62.84250 62.40404 61.95632 61.49877 61.03079 60.55172 60.06090 59.55763 59.04116 58.51071 57.96544 57.40448 56.82690 56.23172 55.61790 54.98433 54.32985 53.65321 52.95311 52.22814 51.47683 50.69762 49.88884 49.04874 48.17548 47.26710 46.32154 45.33666 44.31020 43.23983 42.12311 40.95754 39.74058 38.46965 37.14216 35.75558 34.30745 32.79548 31.21758 29.57195 27.85721 26.07247 24.21742 22.29251 20.29902 18.23920 16.11632 13.93480 11.70019 9.41920 7.09959 4.75009 2.38021 0.00000 
100.00000 99.03647 98.07691 97.12515 96.18481 95.25918 94.35113 93.46310 92.59708 91.75457 90.93663 90.14392 89.37673 88.63504 87.91854 87.22673 86.55892 85.91430 85.29197 84.69095 84.11022 83.54875 83.00552 82.47949 81.96968 81.47509 80.99480 80.52791 80.07354 79.63086 79.19910 78.77750 78.36535 77.96197 77.56672 77.17899 76.79820 76.42380 76.05525 75.69206 75.33375 74.97986 74.62995 74.28359 73.94038 73.59993 73.26184 72.92576 72.59131 72.25815 71.92594 71.59432 71.26298 70.93157 70.59976 70.26725 69.93368 69.59875 69.26212 68.92346 68.58245 68.23873 67.89198 67.54183 67.18794 66.82994 66.46745 66.10009 65.72746 65.34914 64.96472 64.57375 64.17577 63.77030 63.35684 62.93487 62.50384 62.06317 61.61226 61.15048 60.67716 60.19158 59.69301 59.18065 58.65367 58.11118 57.55225 56.97587 56.38100 55.76649 55.13116 54.47372 53.79283 53.08704 52.35482 51.59452 50.80441 49.98264 49.12726 48.23616 47.30717 46.33794 45.32604 44.26889 43.16381 42.00801 40.79862 39.53269 38.20724 36.81929 35.36591 33.84428 32.25178 30.58606 28.84518 27.02768 25.13277 23.16047 21.11173 18.98859 16.79433 14.53355 12.21225 9.83782 7.41899 4.96570 2.48883 0.00000 
100.00000 99.00281 98.01025 97.02680 96.05662 95.10347 94.17060 93.26071 92.37592 91.51777 90.68730 89.88505 89.11116 88.36541 87.64728 86.95604 86.29078 85.65047 85.03399 84.44016 83.86781 83.31572 82.78273 82.26768 81.76946 81.28699 80.81925 80.36525 79.92407 79.49483 79.07668 78.66885 78.27058 77.88117 77.49996 77.12631 76.75963 76.39935 76.04495 75.69590 75.35173 75.01198 74.67619 74.34395 74.01486 73.68851 73.36453 73.04256 72.72223 72.40321 72.08514 71.76769 71.45055 71.13337 70.81585 70.49766 70.17849 69.85800 69.53590 69.21185 68.88552 68.55660 68.22474 67.88961 67.55085 67.20811 66.86102 66.50921 66.15229 65.78985 65.42148 65.04673 64.66517 64.27632 63.87969 63.47476 63.06099 62.63780 62.20462 61.76079 61.30566 60.83853 60.35864 59.86522 59.35741 58.83433 58.29504 57.73853 57.16372 56.56947 55.95456 55.31769 54.65746 53.97238 53.26088 52.52124 51.75165 50.95017 50.11473 49.24314 48.33303 47.38190 46.38712 45.34588 44.25523 43.11208 41.91320 40.65526 39.33483 37.94844 36.49262 34.96396 33.35921 31.67535 29.90975 28.06029 26.12553 24.10488 21.99884 19.80911 17.53886 15.19282 12.77743 10.30084 7.77287 5.20487 2.60941 0.00000 
100.00000 98.96452 97.93449 96.91516 95.91139 94.92748 93.96710 93.03322 92.12810 91.25329 90.40974 89.59783 88.81746 88.06816 87.34913 86.65938 85.99770 85.36281 84.75335 84.16792 83.60512 83.06360 82.54200 82.03904 81.55349 81.08416 80.62994 80.18978 79.76267 79.34770 78.94396 78.55064 78.16696 77.79218 77.42563 77.06666 76.71466 76.36905 76.02929 75.69487 75.36530 75.04012 74.71888 74.40117 74.08658 73.77473 73.46523 73.15772 72.85186 72.54730 72.24372 71.94077 71.63815 71.33553 71.03261 70.72907 70.42459 70.11888 69.81162 69.50250 69.19120 68.87740 68.56078 68.24101 67.91774 67.59063 67.25932 66.92345 66.58264 66.23649 65.88460 65.52654 65.16187 64.79013 64.41084 64.02349 63.62754 63.22245 62.80761 62.38241 61.94618 61.49823 61.03782 60.56416 60.07642 59.57370 59.05506 58.51948 57.96589 57.39312 56.79993 56.18501 55.54693 54.88416 54.19507 53.47790 52.73077 51.95165 51.13838 50.28862 49.39989 48.46952 47.49466 46.47228 45.39915 44.27187 43.08684 41.84031 40.52838 39.14702 37.69217 36.15973 34.54573 32.84637 31.05818 29.17820 27.20416 25.13470 22.96962 20.71015 18.35917 15.92145 13.40381 10.81524 8.16680 5.47149 2.74396 0.00000 
100.00000 98.92078 97.84804 96.78798 95.74629 94.72795 93.73710 92.77699 91.84996 90.95756 90.10055 89.27906 88.49269 87.74062 87.02172 86.33463 85.67784 85.04973 84.44868 83.87303 83.32118 82.79155 82.28263 81.79300 81.32129 80.86622 80.42658 80.00125 79.58916 79.18932 78.80082 78.42279 78.05442 77.69497 77.34373 77.00005 76.66329 76.33289 76.00829 75.68898 75.37448 75.06432 74.75805 74.45527 74.15558 73.85858 73.56392 73.27124 72.98018 72.69043 72.40165 72.11353 71.82575 71.53800 71.24999 70.96140 70.67194 70.38131 70.08921 69.79534 69.49938 69.20103 68.89998 68.59590 68.28847 67.97734 67.66219 67.34264 67.01833 66.68888 66.35389 66.01296 65.66564 65.31150 64.95005 64.58081 64.20326 63.81684 63.42097 63.01505 62.59842 62.17040 61.73025 61.27719 60.81040 60.32899 59.83201 59.31845 58.78723 58.23718 57.66705 57.07550 56.46109 55.82226 55.15734 54.46453 53.74188 52.98729 52.19851 51.37309 50.50841 49.60163 48.64973 47.64943 46.59723 45.48941 44.32199 43.09077 41.79135 40.41910 38.96929 37.43708 35.81763 34.10622 32.29841 30.39018 28.37822 26.26013 24.03480 21.70270 19.26622 16.72998 14.10114 11.38951 8.60758 5.77034 2.89492 0.00000 
100.00000 98.87056 97.74890 96.64243 95.55785 94.50094 93.47637 92.48765 91.53721 90.62644 89.75583 88.92517 88.13361 87.37992 86.66251 85.97960 85.32928 84.70960 84.11860 83.55435 83.01500 82.49878 82.00398 81.52904 81.07246 80.63285 80.20892 79.79947 79.40338 79.01961 78.64721 78.28527 77.93298 77.58955 77.25428 76.92650 76.60557 76.29093 75.98201 75.67830 75.37932 75.08461 74.79374 74.50629 74.22188 73.94011 73.66064 73.38312 73.10721 72.83259 72.55893 72.28594 72.01331 71.74074 71.46793 71.19461 70.92046 70.64522 70.36858 70.09026 69.80995 69.52737 69.24220 68.95415 68.66289 68.36810 68.06944 67.76658 67.45916 67.14680 66.82914 66.50576 66.17624 65.84017 65.49707 65.14646 64.78784 64.42067 64.04439 63.65840 63.26205 62.85469 62.43558 62.00396 61.55901 61.09985 60.62554 60.13509 59.62740 59.10132 58.55558 57.98885 57.39967 56.78645 56.14751 55.48100 54.78492 54.05713 53.29527 52.49682 51.65901 50.77888 49.85320 48.87847 47.85094 46.76655 45.62094 44.40945 43.12713 41.76875 40.32882 38.80166 37.18148 35.46249 33.63905 31.70590 29.65839 27.49280 25.20676 22.79964 20.27301 17.63112 14.88126 12.03408 9.10366 6.10737 3.06538 0.00000 
100.00000 98.81256 97.63458 96.47498 95.34175 94.24159 93.17977 92.16004 91.18480 90.25515 89.37119 88.53216 87.73668 86.98293 86.26879 85.59196 84.95009 84.34079 83.76176 83.21078 82.68571 82.18457 81.70549 81.24672 80.80666 80.38380 79.97679 79.58434 79.20528 78.83854 78.48313 78.13811 77.80266 77.47598 77.15735 76.84609 76.54158 76.24324 75.95051 75.66289 75.37989 75.10108 74.82601 74.55428 74.28552 74.01935 73.75542 73.49339 73.23295 72.97377 72.71555 72.45800 72.20081 71.94371 71.68641 71.42863 71.17009 70.91052 70.64963 70.38716 70.12280 69.85629 69.58732 69.31561 69.04084 68.76272 68.48091 68.19509 67.90492 67.61005 67.31010 67.00468 66.69341 66.37586 66.05158 65.72011 65.38097 65.03362 64.67752 64.31209 63.93671 63.55073 63.15342 62.74406 62.32182 61.88585 61.43523 60.96896 60.48597 59.98510 59.46512 58.92466 58.36227 57.77637 57.16525 56.52703 55.85969 55.16103 54.42864 53.65989 52.85194 52.00168 51.10570 50.16032 49.16151 48.10490 46.98576 45.79896 44.53899 43.19995 41.77557 40.25925 38.64413 36.92319 35.08941 33.13599 31.05663 28.84593 26.49981 24.01609 21.39508 18.64022 15.75870 12.76189 9.66563 6.49008 3.25925 0.00000 
100.00000 98.74511 97.50186 96.28116 95.09257 93.94392 92.84107 91.78796 90.78678 89.83817 88.94160 88.09559 87.29802 86.54634 85.83776 85.16938 84.53831 83.94171 83.37689 82.84128 82.33250 81.84831 81.38667 80.94570 80.52364 80.11892 79.73009 79.35581 78.99487 78.64615 78.30864 77.98140 77.66357 77.35436 77.05304 76.75894 76.47143 76.18993 75.91390 75.64285 75.37629 75.11379 74.85493 74.59931 74.34657 74.09634 73.84829 73.60209 73.35743 73.11400 72.87151 72.62969 72.38823 72.14688 71.90536 71.66341 71.42076 71.17714 70.93228 70.68593 70.43782 70.18766 69.93519 69.68012 69.42216 69.16102 68.89639 68.62795 68.35539 68.07836 67.79651 67.50948 67.21687 66.91828 66.61329 66.30145 65.98230 65.65532 65.31999 64.97574 64.62199 64.25808 63.88333 63.49702 63.09837 62.68652 62.26057 61.81956 61.36242 60.88802 60.39512 59.88239 59.34839 58.79152 58.21008 57.60218 56.96579 56.29866 55.59835 54.86217 54.08719 53.27019 52.40761 51.49560 50.52988 49.50579 48.41824 47.26163 46.02991 44.71648 43.31426 41.81566 40.21262 38.49674 36.65941 34.69201 32.58622 30.33447 27.93045 25.36982 22.65099 19.77600 16.75143 13.58917 10.30688 6.92807 3.48152 0.00000 
100.00000 98.66603 97.34660 96.05522 94.80346 93.60043 92.45262 91.36396 90.33618 89.36917 88.46146 87.61059 86.81348 86.06666 85.36653 84.70950 84.09205 83.51086 82.96280 82.44497 81.95468 81.48951 81.04720 80.62575 80.22329 79.83816 79.46883 79.11394 78.77223 78.44256 78.12389 77.81528 77.51586 77.22485 76.94152 76.66519 76.39526 76.13115 75.87233 75.61831 75.36863 75.12287 74.88061 74.64147 74.40510 74.17116 73.93931 73.70925 73.48067 73.25329 73.02682 72.80100 72.57555 72.35022 72.12476 71.89889 71.67239 71.44498 71.21643 70.98648 70.75487 70.52135 70.28565 70.04751 69.80666 69.56281 69.31567 69.06495 68.81033 68.55150 68.28812 68.01984 67.74630 67.46710 67.18185 66.89012 66.59145 66.28537 65.97137 65.64891 65.31741 64.97627 64.62481 64.26234 63.88810 63.50128 63.10098 62.68627 62.25613 61.80942 61.34496 60.86141 60.35737 59.83125 59.28136 58.70584 58.10262 57.46948 56.80393 56.10326 55.36447 54.58426 53.75897 52.88458 51.95662 50.97016 49.91976 48.79942 47.60253 46.32182 44.94935 43.47649 41.89393 40.19174 38.35948 36.38641 34.26177 31.97528 29.51771 26.88176 24.06305 21.06135 17.88185 14.53646 11.04464 7.43382 3.73876 0.00000 
100.00000 98.57239 97.16330 95.78967 94.46561 93.20174 92.00502 90.87909 89.82480 88.84087 87.92448 87.07184 86.27863 85.54027 84.85221 84.21002 83.60954 83.04689 82.51849 82.02110 81.55176 81.10783 80.68689 80.28680 79.90561 79.54158 79.19315 78.85890 78.53755 78.22796 77.92908 77.63996 77.35975 77.08767 76.82299 76.56506 76.31327 76.06708 75.82596 75.58943 75.35707 75.12844 74.90316 74.68087 74.46122 74.24388 74.02855 73.81492 73.60272 73.39166 73.18148 72.97193 72.76276 72.55371 72.34454 72.13502 71.92492 71.71398 71.50198 71.28868 71.07384 70.85721 70.63856 70.41763 70.19416 69.96788 69.73854 69.50584 69.26949 69.02919 68.78463 68.53548 68.28138 68.02198 67.75689 67.48571 67.20801 66.92334 66.63121 66.33111 66.02249 65.70476 65.37730 65.03943 64.69043 64.32950 63.95581 63.56844 63.16639 62.74859 62.31387 61.86094 61.38841 60.89475 60.37829 59.83717 59.26939 58.67270 58.04463 57.38247 56.68318 55.94341 55.15944 54.32713 53.44185 52.49846 51.49123 50.41377 49.25897 48.01891 46.68482 45.24702 43.69488 42.01681 40.20037 38.23237 36.09918 33.78716 31.28335 28.57646 25.65811 22.52448 19.17818 15.63017 11.90142 8.02380 4.03971 0.00000 
100.00000 98.46023 96.94454 95.47454 94.06758 92.73589 91.48662 90.32257 89.24307 88.24502 87.32373 86.47367 85.68893 84.96360 84.29201 83.66885 83.08921 82.54865 82.04317 81.56917 81.12344 80.70315 80.30573 79.92895 79.57077 79.22942 78.90329 78.59095 78.29112 78.00265 77.72450 77.45574 77.19552 76.94308 76.69771 76.45878 76.22570 75.99793 75.77499 75.55641 75.34176 75.13066 74.92273 74.71763 74.51502 74.31460 74.11608 73.91918 73.72362 73.52915 73.33552 73.14250 72.94983 72.75730 72.56468 72.37175 72.17827 71.98404 71.78883 71.59242 71.39459 71.19511 70.99375 70.79028 70.58446 70.37603 70.16476 69.95037 69.73259 69.51115 69.28574 69.05605 68.82177 68.58255 68.33803 68.08783 67.83155 67.56877 67.29902 67.02183 66.73667 66.44300 66.14021 65.82766 65.50467 65.17050 64.82432 64.46527 64.09241 63.70469 63.30098 62.88007 62.44059 61.98106 61.49986 60.99519 60.46506 59.90729 59.31943 58.69879 58.04236 57.34676 56.60826 55.82264 54.98519 54.09060 53.13293 52.10547 51.00067 49.81003 48.52401 47.13190 45.62175 43.98026 42.19282 40.24354 38.11542 35.79082 33.25209 30.48262 27.46844 24.20029 20.67622 16.90463 12.90707 8.72025 4.39626 0.00000 
100.00000 98.32399 96.68009 95.09638 93.59429 92.18760 90.88302 89.68151 88.57990 87.57240 86.65177 85.81018 85.03981 84.33319 83.68339 83.08414 82.52979 82.01534 81.53637 81.08896 80.66970 80.27558 79.90395 79.55248 79.21911 78.90203 78.59963 78.31049 78.03333 77.76702 77.51054 77.26298 77.02352 76.79142 76.56599 76.34665 76.13281 75.92397 75.71966 75.51944 75.32291 75.12971 74.93947 74.75188 74.56663 74.38343 74.20200 74.02208 73.84343 73.66580 73.48897 73.31270 73.13678 72.96100 72.78514 72.60901 72.43239 72.25508 72.07688 71.89759 71.71699 71.53489 71.35106 71.16529 70.97736 70.78704 70.59410 70.39829 70.19937 69.99707 69.79112 69.58123 69.36710 69.14841 68.92484 68.69603 68.46160 68.22116 67.97428 67.72052 67.45938 67.19035 66.91287 66.62634 66.33011 66.02349 65.70570 65.37593 65.03328 64.67676 64.30532 63.91776 63.51281 63.08905 62.64490 62.17866 61.68839 61.17196 60.62702 60.05092 59.44070 58.79303 58.10419 57.36999 56.58566 55.74584 54.84443 53.87451 52.82820 51.69653 50.46929 49.13483 47.67995 46.08966 44.34712 42.43352 40.32814 38.00863 35.45155 32.63349 29.53275 26.13200 22.42179 18.40507 14.10196 9.55387 4.82510 0.00000 
100.00000 98.15566 96.35543 94.63660 93.02559 91.53722 90.17635 88.94053 87.82261 86.81292 85.90076 85.07547 84.32694 83.64595 83.02424 82.45453 81.93048 81.44657 80.99799 80.58061 80.19083 79.82553 79.48201 79.15791 78.85116 78.55997 78.28273 78.01805 77.76469 77.52155 77.28765 77.06212 76.84416 76.63307 76.42821 76.22900 76.03492 75.84547 75.66023 75.47878 75.30075 75.12579 74.95357 74.78381 74.61620 74.45048 74.28641 74.12373 73.96222 73.80166 73.64184 73.48255 73.32359 73.16476 73.00588 72.84675 72.68719 72.52702 72.36603 72.20406 72.04091 71.87639 71.71030 71.54246 71.37265 71.20067 71.02630 70.84933 70.66953 70.48664 70.30044 70.11064 69.91698 69.71917 69.51690 69.30984 69.09766 68.87999 68.65643 68.42658 68.18997 67.94615 67.69458 67.43471 67.16595 66.88764 66.59907 66.29947 65.98801 65.66378 65.32576 64.97285 64.60385 64.21741 63.81205 63.38615 62.93786 62.46516 61.96578 61.43717 60.87647 60.28047 59.64550 58.96745 58.24162 57.46266 56.62443 55.71993 54.74109 53.67861 52.52178 51.25819 49.87355 48.35132 46.67249 44.81529 42.75500 40.46399 37.91199 35.06702 31.89708 28.37317 24.47388 20.19189 15.54182 10.56819 5.35027 0.00000 
100.00000 97.94323 95.94937 94.06900 92.33425 90.75932 89.34463 88.08166 86.95711 85.95589 85.06289 84.26400 83.54654 82.89942 82.31307 81.77927 81.29104 80.84245 80.42842 80.04465 79.68746 79.35370 79.04066 78.74599 78.46767 78.20394 77.95326 77.71429 77.48583 77.26685 77.05641 76.85368 76.65793 76.46849 76.28478 76.10624 75.93239 75.76278 75.59701 75.43470 75.27551 75.11912 74.96523 74.81357 74.66387 74.51590 74.36941 74.22421 74.08006 73.93679 73.79418 73.65207 73.51026 73.36858 73.22686 73.08493 72.94262 72.79975 72.65618 72.51171 72.36619 72.21945 72.07131 71.92159 71.77011 71.61668 71.46112 71.30321 71.14276 70.97955 70.81334 70.64392 70.47102 70.29438 70.11374 69.92879 69.73922 69.54470 69.34488 69.13938 68.92780 68.70969 68.48459 68.25199 68.01134 67.76204 67.50346 67.23488 66.95553 66.66457 66.36108 66.04404 65.71232 65.36469 64.99976 64.61602 64.21174 63.78504 63.33376 62.85551 62.34756 61.80686 61.22990 60.61270 59.95072 59.23873 58.47072 57.63970 56.73762 55.75505 54.68101 53.50261 52.20473 50.76957 49.17623 47.40013 45.41259 43.18034 40.66542 37.82553 34.61539 30.98971 26.90868 22.34678 17.30526 11.82678 6.00779 0.00000 
100.00000 97.66787 95.42983 93.35579 91.48307 89.82120 88.36120 87.08435 85.96828 84.99065 84.13092 83.37109 82.69580 82.09214 81.54934 81.05843 80.61198 80.20376 79.82859 79.48212 79.16067 78.86116 78.58093 78.31771 78.06959 77.83486 77.61209 77.40001 77.19750 77.00360 76.81744 76.63826 76.46539 76.29820 76.13616 75.97878 75.82562 75.67625 75.53033 75.38751 75.24748 75.10995 74.97466 74.84136 74.70982 74.57982 74.45115 74.32362 74.19704 74.07124 73.94604 73.82128 73.69680 73.57245 73.44806 73.32349 73.19859 73.07321 72.94720 72.82042 72.69271 72.56392 72.43389 72.30248 72.16952 72.03484 71.89827 71.75964 71.61876 71.47544 71.32948 71.18067 71.02879 70.87361 70.71488 70.55235 70.38572 70.21472 70.03901 69.85828 69.67214 69.48022 69.28210 69.07731 68.86537 68.64574 68.41785 68.18105 67.93465 67.67790 67.40996 67.12990 66.83671 66.52926 66.20629 65.86641 65.50806 65.12949 64.72872 64.30354 63.85142 63.36950 62.85452 62.30274 61.70983 61.07084 60.37999 59.63055 58.81463 57.92297 56.94460 55.86651 54.67318 53.34602 51.86272 50.19643 48.31488 46.17935 43.74381 40.95429 37.74924 34.06160 29.82434 24.98131 19.50565 13.42588 6.85410 0.00000 
100.00000 97.29841 94.74631 92.44123 90.42107 88.68120 87.19462 85.92625 84.84102 83.90751 83.09904 82.39363 81.77343 81.22400 80.73372 80.29315 79.89467 79.53201 79.20006 78.89455 78.61196 78.34933 78.10417 77.87436 77.65810 77.45383 77.26024 77.07615 76.90057 76.73261 76.57150 76.41655 76.26715 76.12276 75.98290 75.84712 75.71504 75.58629 75.46055 75.33753 75.21694 75.09855 74.98211 74.86740 74.75423 74.64241 74.53174 74.42208 74.31324 74.20509 74.09746 73.99022 73.88323 73.77634 73.66944 73.56238 73.45504 73.34730 73.23901 73.13005 73.02030 72.90961 72.79787 72.68492 72.57064 72.45488 72.33748 72.21831 72.09719 71.97397 71.84846 71.72049 71.58987 71.45639 71.31984 71.17999 71.03661 70.88943 70.73818 70.58257 70.42228 70.25696 70.08627 69.90978 69.72709 69.53771 69.34114 69.13682 68.92414 68.70243 68.47095 68.22890 67.97536 67.70934 67.42973 67.13528 66.82460 66.49613 66.14810 65.77850 65.38507 64.96521 64.51596 64.03388 63.51503 62.95481 62.34786 61.68786 60.96739 60.17759 59.30792 58.34566 57.27546 56.07861 54.73219 53.20800 51.47114 49.47838 47.17617 44.49859 41.36567 37.68311 33.34577 28.24846 22.31014 15.51700 7.98274 0.00000 
100.00000 96.77947 93.81576 91.24176 89.07876 87.28793 85.80983 84.58500 83.56205 82.69933 81.96410 81.33098 80.78028 80.29672 79.86837 79.48580 79.14153 78.82958 78.54508 78.28407 78.04329 77.82004 77.61207 77.41746 77.23460 77.06214 76.89887 76.74379 76.59602 76.45478 76.31940 76.18928 76.06390 75.94280 75.82554 75.71176 75.60112 75.49331 75.38806 75.28511 75.18422 75.08519 74.98781 74.89191 74.79730 74.70383 74.61135 74.51970 74.42877 74.33841 74.24849 74.15891 74.06954 73.98026 73.89097 73.80156 73.71191 73.62192 73.53148 73.44048 73.34882 73.25637 73.16304 73.06871 72.97325 72.87655 72.77848 72.67892 72.57774 72.47478 72.36991 72.26297 72.15380 72.04224 71.92809 71.81118 71.69129 71.56821 71.44171 71.31154 71.17743 71.03909 70.89622 70.74847 70.59549 70.43687 70.27218 70.10095 69.92265 69.73672 69.54253 69.33937 69.12649 68.90302 68.66801 68.42038 68.15894 67.88234 67.58903 67.27730 66.94515 66.59032 66.21021 65.80180 65.36160 64.88552 64.36877 63.80566 63.18946 62.51210 61.76381 60.93276 60.00440 58.96076 57.77944 56.43223 54.88331 53.08687 50.98391 48.49824 45.53172 41.95942 37.62716 32.35661 25.96945 18.34924 9.55987 0.00000 
100.00000 96.00370 92.49551 89.63130 87.36427 85.58193 84.17176 83.04188 82.12285 81.36364 80.72707 80.18590 79.71999 79.31425 78.95723 78.64013 78.35609 78.09969 77.86660 77.65335 77.45709 77.27548 77.10659 76.94880 76.80073 76.66124 76.52932 76.40413 76.28493 76.17109 76.06203 75.95728 75.85639 75.75898 75.66471 75.57327 75.48437 75.39778 75.31327 75.23062 75.14965 75.07018 74.99205 74.91511 74.83923 74.76427 74.69011 74.61663 74.54372 74.47128 74.39920 74.32739 74.25575 74.18420 74.11263 74.04097 73.96912 73.89699 73.82451 73.75158 73.67812 73.60403 73.52922 73.45361 73.37710 73.29959 73.22098 73.14117 73.06005 72.97751 72.89342 72.80768 72.72014 72.63066 72.53912 72.44534 72.34916 72.25042 72.14891 72.04445 71.93681 71.82576 71.71105 71.59240 71.46953 71.34210 71.20977 71.07214 70.92880 70.77927 70.62306 70.45958 70.28821 70.10824 69.91890 69.71930 69.50845 69.28524 69.04841 68.79651 68.52791 68.24072 67.93276 67.60152 67.24405 66.85691 66.43602 65.97655 65.47271 64.91752 64.30248 63.61715 62.84860 61.98060 60.99259 59.85816 58.54300 57.00186 55.17435 52.97876 50.30354 46.99570 42.84685 37.58138 30.86182 22.35065 11.90749 0.00000 
100.00000 94.73983 90.53126 87.42365 85.16511 83.50375 82.25339 81.28793 80.52382 79.90532 79.39463 78.96556 78.59952 78.28305 78.00618 77.76142 77.54301 77.34648 77.16830 77.00564 76.85623 76.71821 76.59002 76.47041 76.35829 76.25276 76.15304 76.05847 75.96849 75.88260 75.80037 75.72141 75.64539 75.57203 75.50105 75.43222 75.36533 75.30018 75.23661 75.17445 75.11357 75.05382 74.99509 74.93727 74.88024 74.82391 74.76818 74.71298 74.65820 74.60378 74.54964 74.49570 74.44189 74.38814 74.33439 74.28056 74.22660 74.17243 74.11799 74.06322 74.00804 73.95239 73.89621 73.83941 73.78195 73.72372 73.66468 73.60472 73.54378 73.48177 73.41860 73.35418 73.28840 73.22117 73.15237 73.08189 73.00961 72.93538 72.85907 72.78053 72.69960 72.61609 72.52981 72.44057 72.34812 72.25224 72.15264 72.04905 71.94112 71.82852 71.71085 71.58768 71.45852 71.32285 71.18005 71.02946 70.87032 70.70177 70.52284 70.33243 70.12926 69.91188 69.67860 69.42746 69.15618 68.86204 68.54185 68.19181 67.80731 67.38279 66.91143 66.38478 65.79225 65.12046 64.35215 63.46484 62.42866 61.20324 59.73286 57.93890 55.70799 52.87298 49.18314 44.26026 37.54578 28.28405 15.71944 0.00000 
100.00000 92.42435 87.46607 84.36694 82.36877 81.01458 80.05010 79.33264 78.77917 78.33918 77.98059 77.68219 77.42949 77.21224 77.02302 76.85634 76.70805 76.57492 76.45447 76.34469 76.24399 76.15108 76.06489 75.98453 75.90926 75.83846 75.77160 75.70824 75.64797 75.59046 75.53542 75.48259 75.43175 75.38269 75.33524 75.28923 75.24453 75.20100 75.15853 75.11701 75.07635 75.03645 74.99723 74.95862 74.92055 74.88294 74.84575 74.80889 74.77233 74.73601 74.69987 74.66387 74.62796 74.59209 74.55622 74.52030 74.48429 74.44814 74.41181 74.37525 74.33843 74.30129 74.26380 74.22590 74.18754 74.14869 74.10928 74.06927 74.02859 73.98720 73.94504 73.90203 73.85812 73.81324 73.76731 73.72025 73.67199 73.62242 73.57147 73.51902 73.46496 73.40918 73.35155 73.29192 73.23016 73.16608 73.09952 73.03028 72.95813 72.88284 72.80415 72.72177 72.63536 72.54457 72.44899 72.34817 72.24159 72.12867 72.00876 71.88110 71.74482 71.59894 71.44230 71.27356 71.09115 70.89321 70.67755 70.44152 70.18193 69.89491 69.57568 69.21827 68.81518 68.35682 67.83071 67.22038 66.50357 65.64960 64.61493 63.33599 61.71654 59.60507 56.75249 52.73073 46.77698 37.52035 22.68622 0.00000 
100.00000 87.49152 82.54171 80.20927 78.92844 78.13570 77.59979 77.21337 76.92105 76.69164 76.50634 76.35313 76.22400 76.11339 76.01733 75.93290 75.85791 75.79070 75.72995 75.67465 75.62397 75.57724 75.53392 75.49355 75.45576 75.42023 75.38668 75.35490 75.32468 75.29585 75.26827 75.24180 75.21632 75.19175 75.16798 75.14494 75.12256 75.10077 75.07950 75.05872 75.03837 75.01840 74.99877 74.97945 74.96039 74.94157 74.92296 74.90452 74.88623 74.86805 74.84997 74.83196 74.81399 74.79604 74.77810 74.76013 74.74211 74.72402 74.70585 74.68756 74.66914 74.65056 74.63180 74.61284 74.59365 74.57421 74.55449 74.53447 74.51412 74.49341 74.47231 74.45079 74.42882 74.40636 74.38337 74.35982 74.33567 74.31086 74.28536 74.25911 74.23205 74.20413 74.17527 74.14542 74.11450 74.08242 74.04909 74.01441 73.97828 73.94057 73.90115 73.85987 73.81658 73.77108 73.72318 73.67264 73.61920 73.56258 73.50243 73.43838 73.36999 73.29676 73.21809 73.13333 73.04165 72.94212 72.83361 72.71478 72.58399 72.43925 72.27809 72.09744 71.89339 71.66093 71.39351 71.08238 70.71565 70.27663 69.74129 69.07360 68.21711 67.07829 65.49100 63.13320 59.31108 52.33413 37.50509 0.00000 
75.00000 75.00000 75.00000 75.00000 75.00000 75.00000 75.00000 75.00000 75.00000 75.00000 75.00000 75.00000 75.00000 75.00000 75.00000 75.00000 75.00000 75.00000 75.00000 75.00000 75.00000 75.00000 75.00000 75.00000 75.00000 75.00000 75.00000 75.00000 75.00000 75.00000 75.00000 75.00000 75.00000 75.00000 75.00000 75.00000 75.00000 75.00000 75.00000 75.00000 75.00000 75.00000 75.00000 75.00000 75.00000 75.00000 75.00000 75.00000 75.00000 75.00000 75.00000 75.00000 75.00000 75.00000 75.00000 75.00000 75.00000 75.00000 75.00000 75.00000 75.00000 75.00000 75.00000 75.00000 75.00000 75.00000 75.00000 75.00000 75.00000 75.00000 75.00000 75.00000 75.00000 75.00000 75.00000 75.00000 75.00000 75.00000 75.00000 75.00000 75.00000 75.00000 75.00000 75.00000 75.00000 75.00000 75.00000 75.00000 75.00000 75.00000 75.00000 75.00000 75.00000 75.00000 75.00000 75.00000 75.00000 75.00000 75.00000 75.00000 75.00000 75.00000 75.00000 75.00000 75.00000 75.00000 75.00000 75.00000 75.00000 75.00000 75.00000 75.00000 75.00000 75.00000 75.00000 75.00000 75.00000 75.00000 75.00000 75.00000 75.00000 75.00000 75.00000 75.00000 75.00000 75.00000 75.00000 75.00000 
