50.00000 50.00000 50.00000 50.00000 50.00000 50.00000 50.00000 50.00000 50.00000 50.00000 50.00000 50.00000 50.00000 50.00000 50.00000 50.00000 50.00000 50.00000 50.00000 50.00000 50.00000 50.00000 50.00000 50.00000 50.00000 50.00000 50.00000 50.00000 50.00000 50.00000 50.00000 50.00000 50.00000 50.00000 50.00000 50.00000 50.00000 50.00000 50.00000 50.00000 50.00000 50.00000 50.00000 50.00000 50.00000 50.00000 50.00000 50.00000 50.00000 50.00000 50.00000 50.00000 50.00000 50.00000 50.00000 50.00000 50.00000 50.00000 50.00000 50.00000 50.00000 50.00000 50.00000 50.00000 50.00000 50.00000 50.00000 50.00000 50.00000 50.00000 50.00000 50.00000 50.00000 50.00000 50.00000 50.00000 50.00000 50.00000 50.00000 50.00000 50.00000 50.00000 50.00000 50.00000 50.00000 50.00000 50.00000 50.00000 50.00000 50.00000 50.00000 50.00000 50.00000 50.00000 50.00000 50.00000 50.00000 50.00000 50.00000 50.00000 50.00000 50.00000 50.00000 50.00000 50.00000 50.00000 50.00000 50.00000 50.00000 50.00000 50.00000 50.00000 50.00000 50.00000 50.00000 50.00000 50.00000 50.00000 50.00000 50.00000 50.00000 50.00000 50.00000 50.00000 50.00000 50.00000 50.00000 50.00000 
100.00000 74.99479 65.10694 60.45381 57.90390 56.33020 55.27016 54.50909 53.93623 53.48922 53.13042 52.83583 52.58941 52.38003 52.19977 52.04280 51.90473 51.78224 51.67271 51.57410 51.48475 51.40333 51.32877 51.26014 51.19672 51.13785 51.08301 51.03173 50.98364 50.93839 50.89568 50.85527 50.81692 50.78044 50.74565 50.71241 50.68056 50.64998 50.62057 50.59222 50.56485 50.53836 50.51268 50.48774 50.46349 50.43985 50.41678 50.39423 50.37215 50.35049 50.32922 50.30830 50.28769 50.26736 50.24727 50.22739 50.20770 50.18816 50.16875 50.14944 50.13021 50.11102 50.09186 50.07270 50.05351 50.03427 50.01495 49.99554 49.97600 49.95631 49.93645 49.91638 49.89608 49.87553 49.85468 49.83352 49.81201 49.79012 49.76780 49.74503 49.72176 49.69795 49.67355 49.64852 49.62280 49.59633 49.56905 49.54089 49.51178 49.48164 49.45037 49.41787 49.38404 49.34875 49.31187 49.27323 49.23267 49.18999 49.14496 49.09734 49.04682 48.99308 48.93572 48.87428 48.80824 48.73696 48.65970 48.57555 48.48343 48.38201 48.26963 48.14426 48.00329 47.84337 47.66015 47.44778 47.19834 46.90072 46.53887 46.08878 45.51283 44.74866 43.68549 42.10867 39.55562 34.89935 25.00836 0.00000 
100.00000 84.87222 74.97916 68.80441 64.83159 62.14675 60.24133 58.82998 57.74661 56.89021 56.19665 55.62350 55.14176 54.73096 54.37626 54.06668 53.79390 53.55151 53.33451 53.13893 52.96156 52.79983 52.65159 52.51510 52.38887 52.27167 52.16244 52.06029 51.96444 51.87423 51.78908 51.70847 51.63198 51.55919 51.48978 51.42342 51.35985 51.29881 51.24009 51.18348 51.12881 51.07590 51.02462 50.97481 50.92636 50.87914 50.83305 50.78800 50.74388 50.70061 50.65811 50.61630 50.57511 50.53448 50.49433 50.45461 50.41525 50.37620 50.33741 50.29882 50.26037 50.22202 50.18372 50.14542 50.10707 50.06861 50.03001 49.99121 49.95216 49.91280 49.87310 49.83299 49.79243 49.75135 49.70969 49.66740 49.62441 49.58066 49.53607 49.49056 49.44406 49.39649 49.34774 49.29773 49.24634 49.19347 49.13898 49.08274 49.02460 48.96440 48.90196 48.83708 48.76955 48.69911 48.62549 48.54839 48.46747 48.38233 48.29253 48.19757 48.09688 47.98978 47.87551 47.75317 47.62172 47.47992 47.32629 47.15908 46.97617 46.77496 46.55227 46.30412 46.02552 45.71006 45.34943 44.93265 44.44488 43.86565 43.16597 42.30343 41.21387 39.79631 37.88465 35.19356 31.21446 25.03343 15.13408 0.00000 
100.00000 89.51492 81.13305 74.95310 70.47130 67.18387 64.71845 62.82288 61.33001 60.12839 59.14245 58.31976 57.62318 57.02578 56.50765 56.05378 55.65268 55.29541 54.97491 54.68554 54.42275 54.18282 53.96269 53.75979 53.57201 53.39753 53.23481 53.08256 52.93962 52.80503 52.67793 52.55758 52.44333 52.33459 52.23085 52.13166 52.03661 51.94533 51.85750 51.77282 51.69101 51.61184 51.53509 51.46053 51.38800 51.31731 51.24831 51.18084 51.11477 51.04996 50.98631 50.92369 50.86199 50.80112 50.74097 50.68146 50.62250 50.56400 50.50588 50.44805 50.39045 50.33299 50.27560 50.21821 50.16074 50.10312 50.04528 49.98714 49.92862 49.86966 49.81017 49.75008 49.68930 49.62775 49.56535 49.50199 49.43760 49.37205 49.30526 49.23710 49.16746 49.09621 49.02321 48.94833 48.87139 48.79223 48.71067 48.62649 48.53949 48.44942 48.35601 48.25896 48.15796 48.05265 47.94261 47.82739 47.70649 47.57933 47.44527 47.30355 47.15334 46.99366 46.82337 46.64119 46.44556 46.23470 46.00647 45.75833 45.48721 45.18940 44.86036 44.49445 44.08461 43.62192 43.09488 42.48850 41.78286 40.95106 39.95593 38.74509 37.24293 35.33804 32.86326 29.56644 25.07523 18.88584 10.49453 0.00000 
100.00000 92.05441 85.08503 79.40364 74.91663 71.39899 68.62572 66.41309 64.62215 63.15091 61.92499 60.88993 60.00543 59.24134 58.57477 57.98811 57.46764 57.00254 56.58417 56.20558 55.86109 55.54603 55.25654 54.98939 54.74186 54.51163 54.29674 54.09551 53.90646 53.72834 53.56005 53.40061 53.24917 53.10499 52.96739 52.83577 52.70961 52.58842 52.47178 52.35929 52.25060 52.14539 52.04337 51.94426 51.84781 51.75381 51.66204 51.57230 51.48440 51.39819 51.31349 51.23016 51.14806 51.06705 50.98700 50.90780 50.82931 50.75144 50.67406 50.59709 50.52040 50.44391 50.36751 50.29110 50.21459 50.13787 50.06086 49.98346 49.90556 49.82706 49.74787 49.66787 49.58696 49.50504 49.42197 49.33765 49.25194 49.16471 49.07583 48.98513 48.89248 48.79769 48.70059 48.60099 48.49867 48.39342 48.28498 48.17309 48.05747 47.93779 47.81370 47.68482 47.55072 47.41092 47.26491 47.11208 46.95178 46.78326 46.60566 46.41804 46.21929 46.00814 45.78316 45.54265 45.28465 45.00686 44.70657 44.38055 44.02495 43.63509 43.20533 42.72870 42.19657 41.59814 40.91968 40.14361 39.24703 38.19979 36.96162 35.47806 33.67474 31.44966 28.66391 25.13374 20.63416 14.94018 7.95820 0.00000 
100.00000 93.61769 87.74904 82.65981 78.39258 74.86974 71.97237 69.58159 67.59460 65.92812 64.51669 63.30952 62.26727 61.35939 60.56199 59.85625 59.22723 58.66294 58.15368 57.69154 57.27000 56.88369 56.52808 56.19939 55.89441 55.61040 55.34503 55.09628 54.86239 54.64185 54.43333 54.23565 54.04779 53.86883 53.69795 53.53445 53.37765 53.22698 53.08192 52.94198 52.80673 52.67577 52.54875 52.42533 52.30521 52.18811 52.07376 51.96193 51.85238 51.74492 51.63933 51.53544 51.43307 51.33204 51.23222 51.13343 51.03553 50.93840 50.84188 50.74585 50.65019 50.55476 50.45944 50.36411 50.26866 50.17295 50.07687 49.98030 49.88311 49.78518 49.68639 49.58659 49.48567 49.38348 49.27988 49.17471 49.06782 48.95905 48.84822 48.73516 48.61965 48.50151 48.38050 48.25639 48.12892 47.99781 47.86276 47.72345 47.57952 47.43058 47.27620 47.11590 46.94918 46.77544 46.59404 46.40427 46.20531 45.99627 45.77611 45.54367 45.29764 45.03649 44.75848 44.46161 44.14354 43.80154 43.43241 43.03238 42.59694 42.12070 41.59718 41.01846 40.37485 39.65438 38.84211 37.91922 36.86186 35.63946 34.21270 32.53080 30.52831 28.12197 25.20897 21.67044 17.38750 12.28252 6.39809 0.00000 
100.00000 94.66732 89.63361 85.09397 81.12417 77.71500 74.81243 72.34632 70.24656 68.45028 66.90415 65.56421 64.39476 63.36697 62.45755 61.64769 60.92211 60.26833 59.67608 59.13690 58.64372 58.19065 57.77271 57.38569 57.02600 56.69056 56.37673 56.08220 55.80500 55.54337 55.29578 55.06090 54.83752 54.62460 54.42118 54.22643 54.03959 53.85997 53.68696 53.52000 53.35858 53.20224 53.05056 52.90314 52.75962 52.61967 52.48300 52.34930 52.21832 52.08980 51.96351 51.83923 51.71675 51.59588 51.47642 51.35819 51.24103 51.12477 51.00924 50.89429 50.77977 50.66552 50.55141 50.43729 50.32300 50.20842 50.09340 49.97778 49.86143 49.74420 49.62593 49.50648 49.38568 49.26337 49.13937 49.01352 48.88562 48.75548 48.62289 48.48764 48.34950 48.20822 48.06354 47.91517 47.76282 47.60616 47.44484 47.27846 47.10661 46.92884 46.74464 46.55345 46.35467 46.14763 45.93157 45.70566 45.46896 45.22041 44.95885 44.68293 44.39112 44.08170 43.75269 43.40179 43.02637 42.62335 42.18917 41.71962 41.20974 40.65362 40.04423 39.37311 38.63000 37.80244 36.87516 35.82934 34.64172 33.28349 31.71894 29.90413 27.78574 25.30093 22.37957 18.95156 14.96288 10.40430 5.35165 0.00000 
100.00000 95.41796 91.02413 86.95828 83.29513 80.05369 77.21603 74.74471 72.59504 70.72229 69.08541 67.64842 66.38061 65.25617 64.25356 63.35487 62.54521 61.81219 61.14544 60.53626 59.97735 59.46249 58.98644 58.54468 58.13336 57.74913 57.38913 57.05083 56.73205 56.43086 56.14556 55.87466 55.61683 55.37089 55.13577 54.91054 54.69433 54.48638 54.28598 54.09251 53.90539 53.72409 53.54813 53.37707 53.21048 53.04801 52.88929 52.73399 52.58182 52.43248 52.28571 52.14125 51.99886 51.85832 51.71942 51.58193 51.44567 51.31044 51.17605 51.04233 50.90911 50.77620 50.64343 50.51065 50.37769 50.24438 50.11055 49.97604 49.84067 49.70429 49.56670 49.42775 49.28723 49.14497 49.00076 48.85441 48.70569 48.55438 48.40025 48.24305 48.08252 47.91836 47.75029 47.57798 47.40107 47.21921 47.03199 46.83896 46.63966 46.43356 46.22008 45.99862 45.76847 45.52887 45.27898 45.01786 44.74446 44.45761 44.15598 43.83808 43.50224 43.14654 42.76880 42.36651 41.93680 41.47636 40.98133 40.44722 39.86878 39.23982 38.55304 37.79976 36.96962 36.05024 35.02675 33.88125 32.59221 31.13384 29.47544 27.58105 25.40961 22.91643 20.05683 16.79336 13.10814 9.02018 4.60420 0.00000 
100.00000 95.98040 92.08666 88.41990 85.04439 81.98859 79.25329 76.82148 74.66659 72.75843 71.06679 69.56346 68.22311 67.02356 65.94567 64.97303 64.09170 63.28980 62.55723 61.88539 61.26693 60.69557 60.16590 59.67326 59.21364 58.78352 58.37985 57.99997 57.64154 57.30248 56.98097 56.67538 56.38429 56.10638 55.84052 55.58565 55.34085 55.10526 54.87811 54.65871 54.44642 54.24064 54.04085 53.84655 53.65728 53.47263 53.29219 53.11560 52.94252 52.77263 52.60563 52.44123 52.27917 52.11919 51.96104 51.80449 51.64931 51.49530 51.34224 51.18993 51.03817 50.88676 50.73552 50.58425 50.43277 50.28089 50.12842 49.97518 49.82098 49.66561 49.50889 49.35062 49.19058 49.02856 48.86434 48.69770 48.52838 48.35615 48.18073 48.00184 47.81919 47.63246 47.44132 47.24540 47.04432 46.83767 46.62498 46.40578 46.17954 45.94568 45.70356 45.45250 45.19174 44.92043 44.63765 44.34238 44.03345 43.70960 43.36939 43.01121 42.63325 42.23345 41.80947 41.35867 40.87800 40.36398 39.81258 39.21917 38.57836 37.88387 37.12837 36.30327 35.39849 34.40217 33.30037 32.07671 30.71205 29.18424 27.46796 25.53501 23.35521 20.89837 18.13794 15.05693 11.65615 7.96407 4.04497 0.00000 
100.00000 96.41700 92.92222 89.59025 86.47396 83.60299 80.98708 78.62132 76.49143 74.57807 72.85989 71.31553 69.92483 68.66932 67.53252 66.49991 65.55878 64.69810 63.90831 63.18115 62.50944 61.88697 61.30834 60.76886 60.26444 59.79147 59.34681 58.92770 58.53168 58.15658 57.80048 57.46166 57.13858 56.82987 56.53430 56.25074 55.97819 55.71573 55.46254 55.21784 54.98096 54.75125 54.52812 54.31104 54.09951 53.89307 53.69128 53.49374 53.30008 53.10994 52.92300 52.73893 52.55745 52.37826 52.20110 52.02571 51.85185 51.67926 51.50773 51.33702 51.16692 50.99721 50.82767 50.65810 50.48830 50.31804 50.14712 49.97535 49.80249 49.62834 49.45268 49.27529 49.09594 48.91439 48.73040 48.54370 48.35405 48.16115 47.96471 47.76444 47.55999 47.35102 47.13717 46.91803 46.69319 46.46219 46.22453 45.97968 45.72708 45.46609 45.19602 44.91612 44.62559 44.32350 44.00886 43.68057 43.33740 42.97799 42.60081 42.20416 41.78613 41.34456 40.87701 40.38073 39.85258 39.28899 38.68587 38.03855 37.34164 36.58894 35.77331 34.88648 33.91892 32.85961 31.69586 30.41317 28.99507 27.42311 25.67715 23.73584 21.57787 19.18390 16.53966 13.64026 10.49548 7.13497 3.61160 0.00000 
100.00000 96.76537 93.59495 90.54495 87.65822 84.96233 82.47071 80.18529 78.09976 76.20254 74.47916 72.91397 71.49135 70.19638 69.01522 67.93532 66.94542 66.03552 65.19680 64.42148 63.70273 63.03455 62.41167 61.82945 61.28380 60.77114 60.28827 59.83237 59.40093 58.99172 58.60275 58.23222 57.87854 57.54027 57.21610 56.90486 56.60548 56.31699 56.03850 55.76921 55.50838 55.25531 55.00939 54.77004 54.53671 54.30891 54.08617 53.86806 53.65417 53.44411 53.23754 53.03410 52.83348 52.63536 52.43945 52.24547 52.05315 51.86223 51.67245 51.48356 51.29534 51.10753 50.91991 50.73226 50.54433 50.35590 50.16674 49.97664 49.78535 49.59263 49.39826 49.20199 49.00356 48.80272 48.59920 48.39273 48.18301 47.96973 47.75260 47.53125 47.30535 47.07452 46.83835 46.59642 46.34827 46.09341 45.83131 45.56140 45.28306 44.99561 44.69834 44.39044 44.07103 43.73915 43.39376 43.03368 42.65763 42.26418 41.85173 41.41853 40.96258 40.48167 39.97331 39.43468 38.86263 38.25355 37.60340 36.90754 36.16073 35.35698 34.48947 33.55046 32.53112 31.42149 30.21032 28.88507 27.43194 25.83602 24.08169 22.15335 20.03654 17.71970 15.19653 12.46900 9.55053 6.46874 3.26648 0.00000 
100.00000 97.04955 94.14726 91.33639 88.65162 86.11743 83.74816 81.54939 79.51980 77.65320 75.94024 74.36986 72.93026 71.60964 70.39668 69.28074 68.25208 67.30180 66.42192 65.60528 64.84549 64.13687 63.47436 62.85348 62.27023 61.72106 61.20279 60.71262 60.24799 59.80667 59.38661 58.98598 58.60314 58.23661 57.88502 57.54717 57.22193 56.90829 56.60532 56.31218 56.02807 55.75228 55.48415 55.22305 54.96843 54.71973 54.47648 54.23820 54.00447 53.77486 53.54900 53.32651 53.10706 52.89030 52.67592 52.46363 52.25311 52.04411 51.83633 51.62951 51.42340 51.21773 51.01226 50.80674 50.60091 50.39454 50.18738 49.97918 49.76968 49.55864 49.34580 49.13090 48.91365 48.69379 48.47103 48.24506 48.01557 47.78225 47.54474 47.30268 47.05570 46.80340 46.54534 46.28107 46.01011 45.73192 45.44595 45.15158 44.84818 44.53502 44.21134 43.87630 43.52898 43.16838 42.79339 42.40281 41.99531 41.56940 41.12346 40.65567 40.16403 39.64627 39.09990 38.52210 37.90973 37.25924 36.56666 35.82752 35.03678 34.18879 33.27716 32.29478 31.23365 30.08493 28.83887 27.48487 26.01161 24.40733 22.66027 20.75934 18.69526 16.46183 14.05777 11.48867 8.76891 5.92297 2.98558 0.00000 
100.00000 97.28556 94.60817 92.00172 89.49446 87.10761 84.85513 82.74431 80.77686 78.95021 77.25878 75.69499 74.25019 72.91527 71.68112 70.53893 69.48037 68.49771 67.58383 66.73225 65.93710 65.19310 64.49546 63.83992 63.22261 62.64010 62.08927 61.56734 61.07180 60.60040 60.15107 59.72200 59.31149 58.91804 58.54026 58.17691 57.82683 57.48897 57.16237 56.84615 56.53950 56.24165 55.95192 55.66966 55.39427 55.12518 54.86188 54.60387 54.35070 54.10193 53.85714 53.61596 53.37800 53.14293 52.91039 52.68006 52.45164 52.22482 51.99931 51.77482 51.55107 51.32780 51.10472 50.88158 50.65811 50.43404 50.20912 49.98307 49.75563 49.52652 49.29547 49.06220 48.82642 48.58783 48.34611 48.10096 47.85204 47.59900 47.34148 47.07910 46.81144 46.53810 46.25861 45.97249 45.67922 45.37827 45.06903 44.75087 44.42311 44.08501 43.73576 43.37450 43.00026 42.61203 42.20866 41.78891 41.35143 40.89470 40.41707 39.91672 39.39163 38.83954 38.25796 37.64413 36.99497 36.30704 35.57651 34.79912 33.97013 33.08425 32.13565 31.11786 30.02379 28.84573 27.57538 26.20394 24.72233 23.12146 21.39270 19.52852 17.52333 15.37459 13.08405 10.65902 8.11347 5.46867 2.75287 0.00000 
100.00000 97.48451 94.99814 92.56788 90.21689 87.96342 85.82045 83.79586 81.89312 80.11204 78.44968 76.90114 75.46027 74.12016 72.87364 71.71351 70.63280 69.62486 68.68346 67.80282 66.97762 66.20300 65.47452 64.78815 64.14025 63.52750 62.94689 62.39573 61.87153 61.37208 60.89535 60.43949 60.00283 59.58384 59.18114 58.79343 58.41956 58.05844 57.70911 57.37063 57.04218 56.72297 56.41229 56.10946 55.81386 55.52491 55.24205 54.96478 54.69260 54.42507 54.16176 53.90224 53.64614 53.39308 53.14270 52.89467 52.64864 52.40430 52.16134 51.91945 51.67835 51.43774 51.19732 50.95683 50.71598 50.47448 50.23206 49.98843 49.74331 49.49641 49.24744 48.99610 48.74207 48.48505 48.22471 47.96071 47.69270 47.42031 47.14316 46.86084 46.57294 46.27901 45.97856 45.67111 45.35610 45.03296 44.70109 44.35982 44.00845 43.64620 43.27226 42.88571 42.48561 42.07087 41.64036 41.19281 40.72684 40.24094 39.73346 39.20257 38.64626 38.06232 37.44832 36.80154 36.11903 35.39747 34.63326 33.82236 32.96039 32.04248 31.06335 30.01724 28.89795 27.69885 26.41299 25.03320 23.55232 21.96350 20.26058 18.43871 16.49495 14.42918 12.24484 9.94989 7.55730 5.08536 2.55725 0.00000 
100.00000 97.65436 95.33200 93.05476 90.84180 88.70875 86.66739 84.72560 82.88774 81.15516 79.52678 77.99966 76.56959 75.23149 73.97978 72.80871 71.71249 70.68551 69.72236 68.81798 67.96759 67.16679 66.41150 65.69797 65.02278 64.38279 63.77513 63.19718 62.64657 62.12110 61.61880 61.13784 60.67656 60.23343 59.80706 59.39618 58.99959 58.61621 58.24504 57.88515 57.53568 57.19583 56.86487 56.54211 56.22689 55.91861 55.61671 55.32065 55.02993 54.74408 54.46264 54.18519 53.91132 53.64063 53.37276 53.10734 52.84402 52.58248 52.32237 52.06339 51.80522 51.54755 51.29008 51.03252 50.77456 50.51591 50.25628 49.99536 49.73285 49.46845 49.20186 48.93274 48.66079 48.38567 48.10704 47.82454 47.53780 47.24645 46.95007 46.64825 46.34055 46.02650 45.70560 45.37734 45.04116 44.69646 44.34262 43.97895 43.60472 43.21915 42.82140 42.41056 41.98563 41.54555 41.08915 40.61517 40.12223 39.60882 39.07330 38.51388 37.92857 37.31523 36.67148 35.99474 35.28216 34.53062 33.73672 32.89673 32.00661 31.06196 30.05806 28.98984 27.85194 26.63876 25.34455 23.96358 22.49029 20.91965 19.24744 17.47079 15.58862 13.60232 11.51627 9.33840 7.08048 4.75821 2.39076 0.00000 
100.00000 97.80092 95.62075 93.47738 91.38680 89.36242 87.41477 85.55141 83.77710 82.09411 80.50263 79.00116 77.58698 76.25644 75.00532 73.82907 72.72298 71.68234 70.70255 69.77918 68.90802 68.08511 67.30675 66.56950 65.87016 65.20579 64.57369 63.97136 63.39650 62.84702 62.32096 61.81656 61.33218 60.86632 60.41758 59.98469 59.56647 59.16183 58.76975 58.38931 58.01962 57.65988 57.30933 56.96727 56.63304 56.30601 55.98560 55.67126 55.36247 55.05875 54.75962 54.46464 54.17338 53.88545 53.60044 53.31798 53.03772 52.75929 52.48236 52.20659 51.93166 51.65724 51.38302 51.10868 50.83392 50.55842 50.28186 50.00395 49.72436 49.44277 49.15887 48.87231 48.58277 48.28989 47.99332 47.69269 47.38761 47.07769 46.76250 46.44162 46.11458 45.78091 45.44009 45.09158 44.73482 44.36919 43.99404 43.60869 43.21240 42.80436 42.38371 41.94955 41.50087 41.03661 40.55559 40.05656 39.53815 38.99887 38.43711 37.85112 37.23897 36.59859 35.92770 35.22383 34.48429 33.70617 32.88630 32.02127 31.10739 30.14074 29.11713 28.03215 26.88125 25.65973 24.36292 22.98628 21.52564 19.97737 18.33877 16.60839 14.78644 12.87523 10.87953 8.80695 6.66804 4.47625 2.24760 0.00000 
100.00000 97.92856 95.87270 93.84723 91.86561 89.93936 88.07787 86.28818 84.57515 82.94158 81.38847 79.91540 78.52074 77.20199 75.95603 74.77932 73.66806 72.61837 71.62635 70.68821 69.80024 68.95893 68.16095 67.40315 66.68261 65.99659 65.34254 64.71812 64.12113 63.54955 63.00153 62.47533 61.96936 61.48214 61.01231 60.55860 60.11985 59.69495 59.28291 58.88278 58.49369 58.11481 57.74539 57.38469 57.03206 56.68686 56.34849 56.01640 55.69004 55.36891 55.05253 54.74045 54.43221 54.12742 53.82565 53.52653 53.22966 52.93470 52.64128 52.34905 52.05768 51.76683 51.47617 51.18537 50.89411 50.60206 50.30890 50.01431 49.71796 49.41950 49.11862 48.81496 48.50817 48.19789 47.88375 47.56537 47.24235 46.91427 46.58071 46.24123 45.89533 45.54254 45.18233 44.81415 44.43741 44.05150 43.65575 43.24946 42.83189 42.40223 41.95962 41.50313 41.03178 40.54448 40.04010 39.51739 38.97499 38.41146 37.82522 37.21457 36.57766 35.91251 35.21694 34.48863 33.72505 32.92351 32.08109 31.19469 30.26099 29.27651 28.23759 27.14044 25.98120 24.75601 23.46113 22.09303 20.64863 19.12544 17.52190 15.83759 14.07355 12.23262 10.31969 8.34184 6.30847 4.23116 2.12338 0.00000 
100.00000 98.04064 96.09425 94.17325 92.28904 90.45158 88.66917 86.94832 85.29378 83.70859 82.19432 80.75126 79.37862 78.07479 76.83753 75.66413 74.55160 73.49675 72.49633 71.54710 70.64585 69.78947 68.97500 68.19960 67.46060 66.75546 66.08183 65.43750 64.82040 64.22861 63.66034 63.11394 62.58785 62.08065 61.59099 61.11764 60.65943 60.21530 59.78424 59.36530 58.95762 58.56037 58.17278 57.79413 57.42374 57.06097 56.70521 56.35588 56.01245 55.67440 55.34124 55.01249 54.68770 54.36645 54.04832 53.73290 53.41980 53.10866 52.79909 52.49075 52.18327 51.87632 51.56954 51.26261 50.95517 50.64691 50.33747 50.02653 49.71374 49.39876 49.08124 48.76082 48.43714 48.10983 47.77851 47.44278 47.10222 46.75643 46.40495 46.04732 45.68307 45.31169 44.93264 44.54536 44.14926 43.74372 43.32807 42.90160 42.46355 42.01313 41.54947 41.07165 40.57868 40.06952 39.54302 38.99796 38.43303 37.84682 37.23780 36.60434 35.94466 35.25689 34.53898 33.78874 33.00384 32.18178 31.31992 30.41545 29.46542 28.46676 27.41631 26.31084 25.14713 23.92203 22.63259 21.27612 19.85042 18.35390 16.78583 15.14652 13.43756 11.66205 9.82477 7.93225 5.99285 4.01654 2.01478 0.00000 
100.00000 98.13974 96.29040 94.46249 92.66573 90.90875 89.19892 87.54218 85.94306 84.40469 82.92898 81.51671 80.16772 78.88106 77.65520 76.48812 75.37749 74.32074 73.31518 72.35806 71.44662 70.57816 69.75004 68.95972 68.20477 67.48289 66.79189 66.12971 65.49442 64.88420 64.29735 63.73229 63.18753 62.66168 62.15344 61.66160 61.18502 60.72266 60.27351 59.83665 59.41121 58.99635 58.59133 58.19540 57.80790 57.42816 57.05557 56.68957 56.32959 55.97511 55.62563 55.28066 54.93976 54.60247 54.26837 53.93704 53.60809 53.28114 52.95579 52.63168 52.30844 51.98573 51.66318 51.34044 51.01717 50.69302 50.36765 50.04070 49.71182 49.38066 49.04685 48.71004 48.36985 48.02589 47.67778 47.32510 46.96744 46.60436 46.23542 45.86014 45.47803 45.08858 44.69125 44.28548 43.87065 43.44615 43.01130 42.56539 42.10768 41.63735 41.15356 40.65539 40.14187 39.61197 39.06457 38.49848 37.91243 37.30505 36.67489 36.02037 35.33983 34.63148 33.89340 33.12357 32.31983 31.47991 30.60141 29.68181 28.71852 27.70886 26.65010 25.53952 24.37448 23.15244 21.87109 20.52846 19.12305 17.65394 16.12102 14.52511 12.86813 11.15327 9.38509 7.56958 5.71412 3.82740 1.91918 0.00000 
100.00000 98.22794 96.46515 94.72059 93.00263 91.31880 89.67560 88.07845 86.53160 85.03817 83.60024 82.21892 80.89450 79.62657 78.41412 77.25570 76.14954 75.09358 74.08563 73.12338 72.20447 71.32656 70.48733 69.68452 68.91594 68.17950 67.47318 66.79510 66.14343 65.51649 64.91266 64.33043 63.76838 63.22517 62.69956 62.19037 61.69649 61.21689 60.75059 60.29667 59.85428 59.42260 59.00087 58.58835 58.18437 57.78828 57.39946 57.01732 56.64132 56.27091 55.90559 55.54488 55.18829 54.83539 54.48574 54.13891 53.79450 53.45211 53.11135 52.77184 52.43320 52.09508 51.75711 51.41892 51.08016 50.74047 50.39951 50.05689 49.71228 49.36530 49.01558 48.66275 48.30643 47.94621 47.58171 47.21251 46.83817 46.45826 46.07233 45.67988 45.28043 44.87346 44.45842 44.03473 43.60181 43.15901 42.70567 42.24108 41.76450 41.27512 40.77210 40.25456 39.72152 39.17199 38.60488 38.01904 37.41323 36.78615 36.13640 35.46250 34.76288 34.03585 33.27963 32.49237 31.67207 30.81668 29.92404 28.99192 28.01805 27.00009 25.93574 24.82272 23.65887 22.44219 21.17091 19.84363 18.45940 17.01782 15.51924 13.96479 12.35660 10.69782 8.99276 7.24686 5.46667 3.65976 1.83454 0.00000 
100.00000 98.30686 96.62166 94.95210 93.30543 91.68821 90.10625 88.56444 87.06673 85.61617 84.21490 82.86426 81.56484 80.31662 79.11903 77.97108 76.87142 75.81847 74.81043 73.84540 72.92137 72.03633 71.18826 70.37514 69.59503 68.84604 68.12632 67.43413 66.76780 66.12574 65.50643 64.90845 64.33045 63.77116 63.22935 62.70391 62.19377 61.69790 61.21537 60.74526 60.28674 59.83900 59.40128 58.97286 58.55306 58.14123 57.73676 57.33905 56.94756 56.56173 56.18107 55.80507 55.43326 55.06518 54.70040 54.33847 53.97900 53.62156 53.26577 52.91123 52.55756 52.20440 51.85136 51.49807 51.14418 50.78932 50.43312 50.07521 49.71522 49.35279 48.98753 48.61907 48.24700 47.87093 47.49046 47.10515 46.71458 46.31830 45.91585 45.50673 45.09046 44.66650 44.23432 43.79333 43.34294 42.88252 42.41139 41.92887 41.43420 40.92661 40.40527 39.86930 39.31776 38.74968 38.16401 37.55963 36.93537 36.28998 35.62214 34.93044 34.21340 33.46946 32.69699 31.89425 31.05946 30.19076 29.28621 28.34385 27.36170 26.33776 25.27008 24.15679 22.99614 21.78656 20.52677 19.21579 17.85311 16.43875 14.97333 13.45824 11.89566 10.28868 8.64129 6.95844 5.24595 3.51045 1.75922 0.00000 
100.00000 98.37784 96.76253 95.16074 93.57877 92.02240 90.49678 89.00634 87.55474 86.14491 84.77897 83.45841 82.18402 80.95608 79.77435 78.63820 77.54665 76.49849 75.49229 74.52646 73.59934 72.70920 71.85428 71.03282 70.24309 69.48336 68.75199 68.04738 67.36798 66.71231 66.07896 65.46659 64.87391 64.29972 63.74287 63.20226 62.67685 62.16568 61.66781 61.18237 60.70852 60.24547 59.79249 59.34885 58.91388 58.48693 58.06739 57.65468 57.24823 56.84750 56.45198 56.06117 55.67460 55.29179 54.91230 54.53570 54.16157 53.78948 53.41905 53.04986 52.68154 52.31370 51.94597 51.57796 51.20930 50.83962 50.46855 50.09571 49.72073 49.34322 48.96281 48.57909 48.19168 47.80017 47.40414 47.00317 46.59682 46.18463 45.76613 45.34085 44.90827 44.46788 44.01913 43.56143 43.09421 42.61682 42.12861 41.62889 41.11693 40.59195 40.05316 39.49969 38.93064 38.34505 37.74193 37.12019 36.47873 35.81635 35.13181 34.42378 33.69089 32.93169 32.14467 31.32826 30.48084 29.60073 28.68624 27.73563 26.74719 25.71922 24.65009 23.53827 22.38237 21.18120 19.93383 18.63968 17.29855 15.91075 14.47713 12.99920 11.47916 9.91995 8.32529 6.69966 5.04824 3.37687 1.69188 0.00000 
100.00000 98.44197 96.88989 95.34957 93.82652 92.32585 90.85214 89.40940 88.00103 86.62976 85.29771 84.00640 82.75680 81.54937 80.38413 79.26075 78.17855 77.13661 76.13381 75.16887 74.24039 73.34691 72.48691 71.65885 70.86119 70.09240 69.35099 68.63549 67.94450 67.27663 66.63059 66.00511 65.39898 64.81105 64.24023 63.68548 63.14580 62.62025 62.10792 61.60797 61.11959 60.64200 60.17446 59.71628 59.26678 58.82533 58.39132 57.96416 57.54329 57.12818 56.71830 56.31317 55.91229 55.51519 55.12144 54.73059 54.34220 53.95588 53.57119 53.18775 52.80516 52.42303 52.04097 51.65861 51.27555 50.89143 50.50587 50.11848 49.72888 49.33668 48.94150 48.54294 48.14059 47.73405 47.32289 46.90669 46.48500 46.05737 45.62332 45.18237 44.73402 44.27774 43.81298 43.33918 42.85574 42.36205 41.85745 41.34125 40.81276 40.27121 39.71582 39.14575 38.56014 37.95805 37.33854 36.70057 36.04309 35.36497 34.66504 33.94206 33.19476 32.42181 31.62181 30.79335 29.93496 29.04516 28.12244 27.16530 26.17226 25.14189 24.07285 22.96388 21.81392 20.62207 19.38773 18.11058 16.79070 15.42859 14.02527 12.58230 11.10184 9.58670 8.04029 6.46668 4.87050 3.25690 1.63145 0.00000 
100.00000 98.50014 97.00549 95.52113 94.05191 92.60234 91.17654 89.77814 88.41024 87.07542 85.77574 84.51273 83.28744 82.10050 80.95211 79.84216 78.77023 77.73564 76.73753 75.77487 74.84651 73.95121 73.08767 72.25455 71.45049 70.67414 69.92415 69.19919 68.49797 67.81923 67.16175 66.52436 65.90592 65.30536 64.72163 64.15373 63.60072 63.06169 62.53576 62.02212 61.51998 61.02857 60.54718 60.07513 59.61175 59.15641 58.70851 58.26746 57.83272 57.40374 56.98001 56.56102 56.14631 55.73538 55.32780 54.92313 54.52091 54.12075 53.72222 53.32492 52.92845 52.53241 52.13641 51.74007 51.34300 50.94482 50.54514 50.14358 49.73975 49.33325 48.92370 48.51069 48.09382 47.67266 47.24681 46.81582 46.37925 45.93664 45.48753 45.03142 44.56781 44.09618 43.61599 43.12667 42.62764 42.11829 41.59798 41.06603 40.52176 39.96442 39.39326 38.80746 38.20620 37.58858 36.95369 36.30056 35.62818 34.93549 34.22139 33.48475 32.72437 31.93904 31.12749 30.28844 29.42057 28.52257 27.59312 26.63092 25.63472 24.60330 23.53557 22.43054 21.28739 20.10549 18.88447 17.62425 16.32510 14.98768 13.61308 12.20291 10.75924 9.28472 7.78251 6.25628 4.71019 3.14880 1.57703 0.00000 
100.00000 98.55312 97.11082 95.67756 94.25765 92.85510 91.47358 90.11639 88.78638 87.48597 86.21712 84.98136 83.77978 82.61311 81.48170 80.38561 79.32461 78.29824 77.30585 76.34663 75.41963 74.52381 73.65807 72.82125 72.01216 71.22959 70.47235 69.73922 69.02904 68.34064 67.67291 67.02475 66.39510 65.78294 65.18728 64.60720 64.04176 63.49012 62.95143 62.42489 61.90973 61.40524 60.91069 60.42543 59.94879 59.48016 59.01895 58.56458 58.11650 57.67418 57.23709 56.80474 56.37666 55.95236 55.53140 55.11332 54.69771 54.28412 53.87215 53.46139 53.05143 52.64187 52.23233 51.82240 51.41170 50.99984 50.58643 50.17108 49.75341 49.33301 48.90949 48.48244 48.05145 47.61611 47.17599 46.73066 46.27966 45.82255 45.35885 44.88808 44.40974 43.92330 43.42824 42.92399 42.40999 41.88561 41.35025 40.80325 40.24392 39.67156 39.08543 38.48475 37.86872 37.23649 36.58718 35.91989 35.23366 34.52750 33.80038 33.05125 32.27902 31.48257 30.66075 29.81241 28.93638 28.03150 27.09662 26.13062 25.13244 24.10108 23.03565 21.93538 20.79966 19.62807 18.42046 17.17690 15.89781 14.58397 13.23651 11.85702 10.44752 9.01046 7.54875 6.06575 4.56517 3.05110 1.52786 0.00000 
100.00000 98.60153 97.20710 95.82067 94.44605 93.08683 91.74631 90.42748 89.13296 87.86500 86.62546 85.41584 84.23726 83.09050 81.97602 80.89402 79.84442 78.82693 77.84107 76.88622 75.96162 75.06640 74.19963 73.36030 72.54738 71.75981 70.99651 70.25640 69.53841 68.84149 68.16459 67.50672 66.86687 66.24410 65.63748 65.04611 64.46913 63.90571 63.35505 62.81638 62.28895 61.77207 61.26504 60.76721 60.27794 59.79663 59.32269 58.85554 58.39466 57.93950 57.48956 57.04433 56.60335 56.16613 55.73223 55.30120 54.87260 54.44601 54.02102 53.59719 53.17414 52.75147 52.32876 51.90563 51.48169 51.05654 50.62979 50.20106 49.76993 49.33603 48.89894 48.45825 48.01357 47.56447 47.11052 46.65128 46.18632 45.71518 45.23738 44.75245 44.25989 43.75918 43.24980 42.73120 42.20281 41.66404 41.11428 40.55290 39.97923 39.39258 38.79225 38.17749 37.54753 36.90157 36.23877 35.55826 34.85917 34.14056 33.40147 32.64095 31.85798 31.05154 30.22061 29.36415 28.48112 27.57050 26.63131 25.66257 24.66341 23.63299 22.57062 21.47571 20.34783 19.18674 17.99242 16.76511 15.50532 14.21389 12.89200 11.54119 10.16337 8.76086 7.33632 5.89281 4.43367 2.96256 1.48333 0.00000 
100.00000 98.64590 97.29538 95.95197 94.61906 93.29987 91.99737 90.71428 89.45300 88.21563 87.00392 85.81932 84.66295 83.53564 82.43792 81.37008 80.33216 79.32403 78.34535 77.39564 76.47430 75.58062 74.71381 73.87302 73.05734 72.26584 71.49756 70.75154 70.02681 69.32240 68.63736 67.97076 67.32168 66.68923 66.07253 65.47074 64.88305 64.30865 63.74679 63.19673 62.65775 62.12917 61.61031 61.10055 60.59927 60.10586 59.61975 59.14038 58.66722 58.19974 57.73744 57.27982 56.82640 56.37673 55.93033 55.48678 55.04563 54.60646 54.16884 53.73237 53.29663 52.86123 52.42576 51.98982 51.55303 51.11498 50.67529 50.23356 49.78938 49.34237 48.89212 48.43821 47.98025 47.51781 47.05046 46.57777 46.09930 45.61459 45.12318 44.62458 44.11831 43.60386 43.08071 42.54832 42.00614 41.45358 40.89006 40.31496 39.72763 39.12741 38.51362 37.88555 37.24246 36.58359 35.90815 35.21533 34.50429 33.77418 33.02411 32.25318 31.46048 30.64510 29.80609 28.94253 28.05352 27.13816 26.19560 25.22502 24.22568 23.19693 22.13820 21.04907 19.92926 18.77868 17.59743 16.38584 15.14451 13.87432 12.57645 11.25238 9.90395 8.53330 7.14289 5.73550 4.31416 2.88214 1.44289 0.00000 
100.00000 98.68668 97.37656 96.07278 94.77838 93.49624 92.22906 90.97930 89.74917 88.54062 87.35530 86.19461 85.05964 83.95124 82.86999 81.81626 80.79019 79.79174 78.82071 77.87675 76.95939 76.06804 75.20206 74.36070 73.54320 72.74873 71.97645 71.22549 70.49497 69.78403 69.09178 68.41738 67.75996 67.11870 66.49277 65.88139 65.28378 64.69918 64.12686 63.56612 63.01628 62.47666 61.94662 61.42555 60.91284 60.40791 59.91020 59.41915 58.93424 58.45495 57.98078 57.51124 57.04586 56.58418 56.12574 55.67010 55.21683 54.76549 54.31567 53.86695 53.41893 52.97120 52.52337 52.07502 51.62577 51.17522 50.72298 50.26864 49.81181 49.35210 48.88909 48.42238 47.95156 47.47620 46.99589 46.51019 46.01866 45.52085 45.01629 44.50452 43.98505 43.45738 42.92099 42.37537 41.81997 41.25422 40.67755 40.08936 39.48903 38.87593 38.24939 37.60874 36.95328 36.28229 35.59502 34.89072 34.16860 33.42786 32.66769 31.88727 31.08577 30.26236 29.41619 28.54646 27.65235 26.73310 25.78797 24.81629 23.81744 22.79089 21.73623 20.65316 19.54153 18.40134 17.23281 16.03635 14.81260 13.56247 12.28711 10.98798 9.66677 8.32551 6.96646 5.59215 4.20533 2.80895 1.40610 0.00000 
100.00000 98.72428 97.45141 96.18422 94.92544 93.67767 92.44334 91.22470 90.02379 88.84241 87.68211 86.54422 85.42981 84.33973 83.27460 82.23483 81.22065 80.23210 79.26908 78.33134 77.41853 76.53018 75.66575 74.82462 74.00611 73.20953 72.43410 71.67908 70.94366 70.22706 69.52848 68.84712 68.18220 67.53295 66.89859 66.27839 65.67161 65.07754 64.49548 63.92475 63.36470 62.81469 62.27410 61.74232 61.21877 60.70289 60.19412 59.69192 59.19577 58.70517 58.21963 57.73865 57.26178 56.78854 56.31850 55.85121 55.38623 54.92315 54.46154 54.00099 53.54109 53.08144 52.62164 52.16127 51.69996 51.23731 50.77291 50.30636 49.83729 49.36527 48.88991 48.41081 47.92754 47.43970 46.94686 46.44859 45.94445 45.43399 44.91676 44.39230 43.86012 43.31974 42.77065 42.21234 41.64427 41.06591 40.47669 39.87603 39.26333 38.63800 37.99939 37.34687 36.67975 35.99738 35.29904 34.58403 33.85162 33.10107 32.33163 31.54255 30.73308 29.90246 29.04996 28.17484 27.27641 26.35400 25.40699 24.43480 23.43696 22.41304 21.36274 20.28588 19.18240 18.05240 16.89618 15.71419 14.50712 13.27588 12.02160 10.74566 9.44968 8.13554 6.80532 5.46133 4.10608 2.74223 1.37258 0.00000 
100.00000 98.75901 97.52059 96.28727 95.06152 93.84567 92.64195 91.45241 90.27892 89.12314 87.98654 86.87038 85.77569 84.70332 83.65390 82.62788 81.62553 80.64699 79.69222 78.76108 77.85328 76.96848 76.10622 75.26598 74.44720 73.64924 72.87146 72.11316 71.37364 70.65217 69.94805 69.26053 68.58889 67.93241 67.29037 66.66209 66.04686 65.44401 64.85288 64.27283 63.70322 63.14344 62.59290 62.05100 61.51718 60.99090 60.47160 59.95878 59.45190 58.95049 58.45405 57.96211 57.47420 56.98986 56.50866 56.03015 55.55390 55.07950 54.60651 54.13454 53.66316 53.19199 52.72061 52.24864 51.77566 51.30129 50.82513 50.34678 49.86585 49.38194 48.89464 48.40355 47.90826 47.40835 46.90341 46.39300 45.87669 45.35405 44.82462 44.28794 43.74355 43.19095 42.62967 42.05920 41.47901 40.88859 40.28739 39.67486 39.05041 38.41347 37.76344 37.09969 36.42161 35.72855 35.01985 34.29486 33.55289 32.79327 32.01531 31.21832 30.40162 29.56454 28.70642 27.82662 26.92453 25.99958 25.05124 24.07905 23.08262 22.06163 21.01588 19.94527 18.84984 17.72975 16.58535 15.41716 14.22586 13.01237 11.77778 10.52341 9.25079 7.96166 6.65796 5.34179 4.01544 2.68133 1.34198 0.00000 
100.00000 98.79118 97.58468 96.38278 95.18770 94.00157 92.82642 91.66410 90.51636 89.38473 88.27058 87.17511 86.09931 85.04401 84.00985 82.99730 82.00668 81.03818 80.09182 79.16753 78.26512 77.38432 76.52475 75.68599 74.86755 74.06889 73.28943 72.52856 71.78565 71.06006 70.35112 69.65817 68.98053 68.31754 67.66853 67.03285 66.40985 65.79889 65.19935 64.61060 64.03204 63.46310 62.90318 62.35174 61.80821 61.27206 60.74277 60.21983 59.70273 59.19099 58.68413 58.18169 57.68319 57.18821 56.69628 56.20698 55.71989 55.23458 54.75063 54.26764 53.78520 53.30290 52.82035 52.33716 51.85291 51.36723 50.87970 50.38995 49.89756 49.40216 48.90332 48.40065 47.89375 47.38219 46.86557 46.34346 45.81543 45.28105 44.73988 44.19145 43.63531 43.07100 42.49803 41.91590 41.32413 40.72220 40.10958 39.48573 38.85011 38.20217 37.54132 36.86698 36.17857 35.47547 34.75708 34.02277 33.27193 32.50392 31.71812 30.91390 30.09065 29.24776 28.38466 27.50078 26.59560 25.66863 24.71943 23.74762 22.75291 21.73506 20.69395 19.62956 18.54198 17.43146 16.29838 15.14327 13.96684 12.76998 11.55377 10.31944 9.06844 7.80239 6.52307 5.23244 3.93257 2.62567 1.31403 0.00000 
100.00000 98.82104 97.64417 96.47147 95.30494 94.14652 92.99806 91.86126 90.73772 89.62887 88.53599 87.46021 86.40249 85.36361 84.34424 83.34485 82.36579 81.40728 80.46942 79.55218 78.65544 77.77899 76.92256 76.08577 75.26821 74.46942 73.68890 72.92610 72.18047 71.45141 70.73832 70.04060 69.35764 68.68880 68.03348 67.39106 66.76093 66.14249 65.53514 64.93830 64.35140 63.77386 63.20514 62.64470 62.09199 61.54651 61.00774 60.47518 59.94835 59.42677 58.90996 58.39747 57.88885 57.38365 56.88143 56.38178 55.88426 55.38846 54.89396 54.40036 53.90725 53.41423 52.92091 52.42689 51.93177 51.43516 50.93667 50.43590 49.93247 49.42596 48.91599 48.40215 47.88405 47.36126 46.83339 46.30000 45.76069 45.21501 44.66253 44.10282 43.53541 42.95986 42.37568 41.78241 41.17956 40.56663 39.94312 39.30851 38.66228 38.00390 37.33282 36.64848 35.95033 35.23781 34.51034 33.76734 33.00825 32.23247 31.43945 30.62861 29.79941 28.95130 28.08378 27.19634 26.28855 25.35999 24.41030 23.43918 22.44641 21.43182 20.39537 19.33709 18.25714 17.15580 16.03348 14.89074 13.72830 12.54701 11.34790 10.13217 8.90117 7.65640 6.39953 5.13234 3.85675 2.57476 1.28846 0.00000 
100.00000 98.84881 97.69951 96.55399 95.41408 94.28154 93.15805 92.04519 90.94442 89.85707 88.78435 87.72730 86.68686 85.66378 84.65870 83.67212 82.70441 81.75581 80.82647 79.91640 79.02554 78.15375 77.30080 76.46640 75.65020 74.85179 74.07075 73.30659 72.55881 71.82689 71.11027 70.40841 69.72074 69.04668 68.38566 67.73711 67.10046 66.47513 65.86057 65.25622 64.66153 64.07596 63.49898 62.93007 62.36871 61.81440 61.26665 60.72497 60.18888 59.65792 59.13163 58.60955 58.09124 57.57627 57.06420 56.55461 56.04708 55.54120 55.03656 54.53275 54.02938 53.52604 53.02234 52.51789 52.01229 51.50515 50.99609 50.48470 49.97060 49.45340 48.93270 48.40810 47.87919 47.34559 46.80688 46.26264 45.71246 45.15592 44.59259 44.02204 43.44382 42.85749 42.26258 41.65865 41.04521 40.42179 39.78791 39.14306 38.48675 37.81847 37.13770 36.44392 35.73661 35.01523 34.27925 33.52814 32.76136 31.97839 31.17871 30.36181 29.52718 28.67436 27.80289 26.91236 26.00236 25.07257 24.12269 23.15248 22.16179 21.15052 20.11868 19.06635 17.99374 16.90117 15.78906 14.65798 13.50864 12.34189 11.15870 9.96021 8.74769 7.52255 6.28633 5.04067 3.78734 2.52817 1.26507 0.00000 
100.00000 98.87468 97.75109 96.63093 95.51587 94.40753 93.30744 92.21706 91.13773 90.07069 89.01707 87.97785 86.95391 85.94599 84.95472 83.98059 83.02398 82.08517 81.16431 80.26148 79.37667 78.50976 77.66059 76.82893 76.01448 75.21690 74.43582 73.67080 72.92141 72.18717 71.46759 70.76215 70.07034 69.39164 68.72550 68.07140 67.42879 66.79714 66.17593 65.56461 64.96268 64.36961 63.78490 63.20804 62.63853 62.07589 61.51965 60.96932 60.42445 59.88457 59.34925 58.81802 58.29047 57.76615 57.24465 56.72554 56.20842 55.69287 55.17849 54.66488 54.15164 53.63838 53.12470 52.61021 52.09452 51.57725 51.05800 50.53639 50.01202 49.48452 48.95347 48.41851 47.87921 47.33520 46.78606 46.23138 45.67077 45.10379 44.53004 43.94909 43.36050 42.76384 42.15867 41.54454 40.92100 40.28757 39.64380 38.98922 38.32333 37.64567 36.95573 36.25303 35.53708 34.80737 34.06342 33.30472 32.53079 31.74114 30.93531 30.11283 29.27326 28.41617 27.54118 26.64792 25.73607 24.80533 23.85549 22.88635 21.89783 20.88988 19.86254 18.81597 17.75038 16.66613 15.56365 14.44353 13.30645 12.15324 10.98483 9.80231 8.60686 7.39981 6.18257 4.95669 3.72377 2.48551 1.24366 0.00000 
100.00000 98.89883 97.79923 96.70277 95.61096 94.52529 93.44716 92.37791 91.31879 90.27094 89.23542 88.21316 87.20499 86.21162 85.23366 84.27161 83.32584 82.39664 81.48421 80.58864 79.70996 78.84811 78.00297 77.17434 76.36199 75.56563 74.78492 74.01951 73.26898 72.53292 71.81087 71.10239 70.40698 69.72416 69.05344 68.39432 67.74630 67.10887 66.48153 65.86378 65.25512 64.65506 64.06312 63.47880 62.90164 62.33116 61.76689 61.20839 60.65519 60.10685 59.56293 59.02300 58.48663 57.95339 57.42288 56.89467 56.36837 55.84356 55.31984 54.79682 54.27411 53.75131 53.22804 52.70390 52.17852 51.65149 51.12245 50.59100 50.05676 49.51934 48.97836 48.43342 47.88413 47.33010 46.77094 46.20624 45.63560 45.05861 44.47486 43.88393 43.28541 42.67888 42.06389 41.44001 40.80682 40.16385 39.51067 38.84682 38.17184 37.48528 36.78667 36.07554 35.35144 34.61390 33.86246 33.09666 32.31605 31.52020 30.70867 29.88105 29.03695 28.17600 27.29785 26.40219 25.48875 24.55730 23.60766 22.63970 21.65338 20.64869 19.62573 18.58466 17.52575 16.44937 15.35595 14.24609 13.12045 11.97983 10.82513 9.65737 8.47767 7.28727 6.08749 4.87976 3.66557 2.44646 1.22406 0.00000 
100.00000 98.92141 97.84426 96.76997 95.69994 94.63553 93.57802 92.52866 91.48860 90.45890 89.44055 88.43443 87.44132 86.46190 85.49677 84.54640 83.61118 82.69142 81.78731 80.89900 80.02652 79.16985 78.32892 77.50357 76.69362 75.89881 75.11885 74.35343 73.60220 72.86476 72.14073 71.42967 70.73115 70.04472 69.36992 68.70629 68.05336 67.41065 66.77769 66.15400 65.53911 64.93256 64.33387 63.74258 63.15823 62.58037 62.00854 61.44231 60.88123 60.32487 59.77280 59.22459 58.67982 58.13809 57.59898 57.06208 56.52700 55.99332 55.46067 54.92864 54.39685 53.86491 53.33243 52.79903 52.26433 51.72794 51.18949 50.64859 50.10486 49.55791 49.00737 48.45285 47.89397 47.33033 46.76154 46.18721 45.60695 45.02035 44.42702 43.82654 43.21852 42.60252 41.97815 41.34497 40.70256 40.05051 39.38836 38.71570 38.03209 37.33709 36.63026 35.91117 35.17938 34.43446 33.67599 32.90354 32.11669 31.31506 30.49824 29.66588 28.81762 27.95313 27.07213 26.17434 25.25954 24.32754 23.37823 22.41151 21.42737 20.42585 19.40709 18.37127 17.31868 16.24969 15.16477 14.06448 12.94948 11.82054 10.67852 9.52439 8.35921 7.18413 6.00040 4.80932 3.61228 2.41072 1.20612 0.00000 
100.00000 98.94255 97.88642 96.83292 95.78332 94.73888 93.70077 92.67015 91.64808 90.63556 89.63350 88.64274 87.66401 86.69796 85.74517 84.80611 83.88115 82.97061 82.07471 81.19360 80.32734 79.47595 78.63938 77.81752 77.01020 76.21723 75.43835 74.67329 73.92173 73.18333 72.45773 71.74454 71.04337 70.35379 69.67538 69.00771 68.35034 67.70283 67.06472 66.43557 65.81493 65.20235 64.59738 63.99957 63.40850 62.82371 62.24477 61.67125 61.10273 60.53878 59.97898 59.42291 58.87017 58.32035 57.77305 57.22786 56.68439 56.14226 55.60106 55.06041 54.51993 53.97923 53.43793 52.89565 52.35202 51.80665 51.25916 50.70919 50.15635 49.60027 49.04056 48.47684 47.90874 47.33588 46.75786 46.17430 45.58482 44.98901 44.38650 43.77688 43.15976 42.53472 41.90138 41.25932 40.60813 39.94740 39.27673 38.59569 37.90388 37.20087 36.48626 35.75964 35.02060 34.26873 33.50364 32.72494 31.93226 31.12522 30.30349 29.46673 28.61462 27.74690 26.86330 25.96360 25.04762 24.11521 23.16630 22.20083 21.21882 20.22035 19.20557 18.17471 17.12806 16.06601 14.98901 13.89763 12.79250 11.67438 10.54408 9.40251 8.25069 7.08968 5.92066 4.74485 3.56352 2.37802 1.18972 0.00000 
100.00000 98.96238 97.92598 96.89198 95.86158 94.83590 93.81607 92.80312 91.79806 90.80180 89.81521 88.83906 87.87406 86.92083 85.97991 85.05177 84.13678 83.23525 82.34741 81.47342 80.61339 79.76733 78.93524 78.11702 77.31255 76.52167 75.74416 74.97977 74.22823 73.48923 72.76245 72.04754 71.34412 70.65182 69.97023 69.29897 68.63762 67.98575 67.34295 66.70879 66.08284 65.46468 64.85388 64.25001 63.65265 63.06137 62.47575 61.89538 61.31984 60.74871 60.18160 59.61809 59.05778 58.50028 57.94518 57.39211 56.84065 56.29044 55.74108 55.19220 54.64341 54.09433 53.54459 52.99382 52.44163 51.88765 51.33152 50.77285 50.21128 49.64643 49.07793 48.50540 47.92847 47.34676 46.75990 46.16750 45.56918 44.96457 44.35327 43.73490 43.10908 42.47541 41.83350 41.18296 40.52340 39.85442 39.17562 38.48662 37.78701 37.07641 36.35443 35.62068 34.87478 34.11635 33.34503 32.56046 31.76230 30.95021 30.12389 29.28303 28.42737 27.55666 26.67068 25.76925 24.85222 23.91950 22.97102 22.00677 21.02681 20.03124 19.02023 17.99402 16.95292 15.89733 14.82769 13.74457 12.64858 11.54044 10.42093 9.29092 8.15137 7.00328 5.84775 4.68591 3.51896 2.34814 1.17472 0.00000 
100.00000 98.98101 97.96313 96.94747 95.93511 94.92712 93.92450 92.92824 91.93926 90.95842 89.98652 89.02429 88.07241 87.13145 86.20195 85.28435 84.37902 83.48627 82.60633 81.73939 80.88555 80.04485 79.21731 78.40287 77.60143 76.81285 76.03695 75.27352 74.52231 73.78305 73.05544 72.33917 71.63389 70.93926 70.25492 69.58048 68.91555 68.25976 67.61269 66.97395 66.34313 65.71983 65.10362 64.49411 63.89089 63.29354 62.70166 62.11485 61.53271 60.95482 60.38080 59.81025 59.24277 58.67798 58.11549 57.55491 56.99586 56.43796 55.88083 55.32409 54.76737 54.21030 53.65249 53.09359 52.53322 51.97101 51.40660 50.83961 50.26968 49.69644 49.11952 48.53855 47.95317 47.36299 46.76766 46.16680 45.56003 44.94698 44.32729 43.70056 43.06642 42.42451 41.77442 41.11580 40.44825 39.77141 39.08489 38.38831 37.68130 36.96350 36.23452 35.49402 34.74163 33.97701 33.19981 32.40972 31.60640 30.78957 29.95895 29.11426 28.25528 27.38180 26.49362 25.59060 24.67263 23.73964 22.79160 21.82853 20.85050 19.85765 18.85016 17.82829 16.79236 15.74275 14.67993 13.60444 12.51687 11.41791 10.30832 9.18893 8.06062 6.92436 5.78116 4.63209 3.47828 2.32086 1.16104 0.00000 
100.00000 98.99852 97.99807 96.99967 96.00431 95.01298 94.02661 93.04612 92.07236 91.10614 90.14820 89.19923 88.25988 87.33068 86.41216 85.50473 84.60876 83.72455 82.85236 81.99235 81.14464 80.30932 79.48639 78.67583 77.87756 77.09146 76.31740 75.55517 74.80456 74.06534 73.33723 72.61994 71.91316 71.21658 70.52984 69.85261 69.18452 68.52520 67.87427 67.23136 66.59608 65.96804 65.34684 64.73210 64.12343 63.52042 62.92269 62.32985 61.74150 61.15725 60.57672 59.99952 59.42527 58.85358 58.28408 57.71639 57.15012 56.58491 56.02038 55.45616 54.89189 54.32718 53.76169 53.19503 52.62685 52.05678 51.48445 50.90951 50.33159 49.75033 49.16536 48.57632 47.98285 47.38458 46.78115 46.17219 45.55735 44.93624 44.30852 43.67381 43.03174 42.38195 41.72407 41.05774 40.38258 39.69825 39.00437 38.30059 37.58656 36.86191 36.12630 35.37940 34.62087 33.85039 33.06764 32.27233 31.46416 30.64287 29.80820 28.95992 28.09783 27.22175 26.33151 25.42701 24.50817 23.57493 22.62730 21.66533 20.68911 19.69878 18.69456 17.67670 16.64554 15.60146 14.54491 13.47643 12.39660 11.30607 10.20557 9.09588 7.97786 6.85240 5.72046 4.58305 3.44121 2.29601 1.14857 0.00000 
100.00000 99.01501 98.03098 97.04883 96.06950 95.09389 94.12288 93.15731 92.19797 91.24561 90.30095 89.36463 88.43724 87.51931 86.61133 85.71371 84.82681 83.95092 83.08628 82.23308 81.39146 80.56149 79.74321 78.93660 78.14162 77.35817 76.58612 75.82532 75.07557 74.33665 73.60833 72.89033 72.18238 71.48418 70.79542 70.11576 69.44487 68.78240 68.12800 67.48131 66.84195 66.20957 65.58378 64.96421 64.35047 63.74220 63.13902 62.54053 61.94637 61.35615 60.76950 60.18604 59.60540 59.02719 58.45106 57.87663 57.30352 56.73137 56.15982 55.58849 55.01703 54.44507 53.87224 53.29820 52.72257 52.14500 51.56513 50.98259 50.39705 49.80812 49.21546 48.61872 48.01752 47.41152 46.80035 46.18367 45.56111 44.93232 44.29693 43.65459 43.00496 42.34766 41.68235 41.00867 40.32627 39.63481 38.93394 38.22331 37.50258 36.77144 36.02954 35.27657 34.51222 33.73619 32.94819 32.14794 31.33518 30.50967 29.67119 28.81952 27.95450 27.07596 26.18379 25.27789 24.35821 23.42472 22.47746 21.51648 20.54190 19.55389 18.55267 17.53850 16.51171 15.47269 14.42190 13.35983 12.28707 11.20424 10.11204 9.01121 7.90256 6.78694 5.66526 4.53845 3.40751 2.27342 1.13724 0.00000 
100.00000 99.03056 98.06200 97.09519 96.13099 95.17024 94.21374 93.26229 92.31662 91.37744 90.44541 89.52114 88.60519 87.69807 86.80022 85.91206 85.03393 84.16611 83.30885 82.46234 81.62672 80.80208 79.98846 79.18586 78.39427 77.61359 76.84373 76.08455 75.33587 74.59750 73.86923 73.15082 72.44200 71.74251 71.05204 70.37029 69.69696 69.03170 68.37419 67.72408 67.08103 66.44468 65.81467 65.19065 64.57224 63.95909 63.35082 62.74708 62.14749 61.55168 60.95928 60.36994 59.78328 59.19893 58.61654 58.03574 57.45616 56.87744 56.29923 55.72116 55.14287 54.56402 53.98423 53.40315 52.82044 52.23572 51.64866 51.05890 50.46608 49.86985 49.26986 48.66576 48.05720 47.44382 46.82528 46.20122 45.57130 44.93517 44.29248 43.64288 42.98602 42.32157 41.64918 40.96850 40.27921 39.58096 38.87343 38.15628 37.42921 36.69188 35.94401 35.18528 34.41541 33.63411 32.84113 32.03620 31.21909 30.38959 29.54749 28.69261 27.82480 26.94394 26.04991 25.14266 24.22216 23.28840 22.34142 21.38133 20.40823 19.42232 18.42381 17.41299 16.39018 15.35578 14.31021 13.25399 12.18767 11.11185 10.02719 8.93441 7.83427 6.72759 5.61521 4.49802 3.37695 2.25294 1.12697 0.00000 
100.00000 99.04524 98.09129 97.13896 96.18906 95.24235 94.29960 93.36153 92.42883 91.50217 90.58217 89.66939 88.76438 87.86760 86.97950 86.10045 85.23080 84.37083 83.52077 82.68081 81.85110 81.03174 80.22278 79.42424 78.63611 77.85832 77.09079 76.33339 75.58599 74.84840 74.12043 73.40186 72.69245 71.99195 71.30009 70.61658 69.94113 69.27342 68.61314 67.95997 67.31358 66.67362 66.03976 65.41165 64.78894 64.17127 63.55830 62.94967 62.34501 61.74398 61.14621 60.55136 59.95904 59.36892 58.78064 58.19383 57.60814 57.02322 56.43871 55.85425 55.26950 54.68410 54.09770 53.50996 52.92051 52.32901 51.73511 51.13846 50.53873 49.93554 49.32858 48.71747 48.10189 47.48149 46.85592 46.22484 45.58791 44.94479 44.29513 43.63861 42.97488 42.30361 41.62448 40.93714 40.24128 39.53657 38.82270 38.09936 37.36625 36.62305 35.86950 35.10529 34.33017 33.54388 32.74616 31.93679 31.11555 30.28225 29.43671 28.57877 27.70830 26.82520 25.92938 25.02081 24.09948 23.16539 22.21862 21.25927 20.28747 19.30342 18.30735 17.29954 16.28032 15.25009 14.20926 13.15832 12.09782 11.02833 9.95050 8.86500 7.77256 6.67396 5.56999 4.46150 3.34935 2.23445 1.11769 0.00000 
100.00000 99.05910 98.11896 97.18033 96.24395 95.31053 94.38080 93.45542 92.53505 91.62029 90.71175 89.80994 88.91539 88.02853 87.14979 86.27953 85.41808 84.56572 83.72267 82.88913 82.06524 81.25110 80.44679 79.65234 78.86772 78.09291 77.32783 76.57238 75.82643 75.08981 74.36236 73.64388 72.93414 72.23292 71.53995 70.85497 70.17771 69.50787 68.84516 68.18926 67.53987 66.89665 66.25929 65.62744 65.00078 64.37895 63.76163 63.14847 62.53911 61.93322 61.33044 60.73042 60.13282 59.53728 58.94346 58.35101 57.75956 57.16879 56.57833 55.98785 55.39699 54.80540 54.21274 53.61867 53.02284 52.42490 51.82451 51.22134 50.61502 50.00524 49.39163 48.77387 48.15162 47.52453 46.89227 46.25451 45.61091 44.96113 44.30485 43.64174 42.97147 42.29372 41.60816 40.91449 40.21238 39.50153 38.78163 38.05240 37.31354 36.56476 35.80580 35.03639 34.25627 33.46522 32.66300 31.84940 31.02422 30.18729 29.33846 28.47758 27.60456 26.71929 25.82173 24.91185 23.98965 23.05518 22.10851 21.14975 20.17906 19.19663 18.20271 17.19758 16.18157 15.15506 14.11847 13.07228 12.01701 10.95322 9.88152 8.80257 7.71706 6.62572 5.52932 4.42865 3.32453 2.21781 1.10934 0.00000 
100.00000 99.07222 98.14514 97.21947 96.29588 95.37507 94.45768 93.54434 92.63568 91.73226 90.83463 89.94331 89.05875 88.18141 87.31167 86.44989 85.59636 84.75138 83.91516 83.08789 82.26971 81.46075 80.66107 79.87070 79.08966 78.31790 77.55538 76.80200 76.05766 75.32220 74.59548 73.87731 73.16748 72.46578 71.77198 71.08582 70.40704 69.73537 69.07054 68.41223 67.76016 67.11401 66.47348 65.83824 65.20796 64.58233 63.96101 63.34366 62.72995 62.11954 61.51210 60.90728 60.30474 59.70414 59.10513 58.50738 57.91053 57.31426 56.71821 56.12204 55.52541 54.92798 54.32941 53.72936 53.12749 52.52346 51.91693 51.30756 50.69501 50.07896 49.45906 48.83498 48.20639 47.57295 46.93434 46.29023 45.64028 44.98418 44.32161 43.65223 42.97574 42.29182 41.60016 40.90046 40.19241 39.47571 38.75009 38.01524 37.27091 36.51682 35.75272 34.97835 34.19348 33.39789 32.59137 31.77373 30.94479 30.10439 29.25240 28.38869 27.51318 26.62581 25.72652 24.81532 23.89222 22.95728 22.01059 21.05227 20.08248 19.10143 18.10937 17.10658 16.09339 15.07018 14.03736 12.99539 11.94478 10.88607 9.81985 8.74675 7.66743 6.58258 5.49294 4.39927 3.30233 2.20293 1.10188 0.00000 
100.00000 99.08463 98.16993 97.25652 96.34507 95.43620 94.53053 93.62864 92.73111 91.83848 90.95127 90.06995 89.19498 88.32676 87.46567 86.61205 85.76619 84.92837 84.09879 83.27765 82.46509 81.66122 80.86613 80.07986 79.30242 78.53378 77.77391 77.02273 76.28014 75.54601 74.82019 74.10253 73.39284 72.69091 71.99652 71.30944 70.62943 69.95622 69.28955 68.62914 67.97470 67.32594 66.68256 66.04425 65.41070 64.78159 64.15660 63.53541 62.91769 62.30311 61.69135 61.08206 60.47493 59.86960 59.26576 58.66305 58.06115 57.45971 56.85841 56.25690 55.65485 55.05192 54.44778 53.84209 53.23452 52.62473 52.01239 51.39717 50.77872 50.15674 49.53088 48.90081 48.26621 47.62676 46.98212 46.33198 45.67602 45.01392 44.34536 43.67004 42.98764 42.29786 41.60040 40.89497 40.18127 39.45902 38.72794 37.98776 37.23823 36.47908 35.71007 34.93098 34.14157 33.34166 32.53103 31.70952 30.87696 30.03323 29.17818 28.31174 27.43382 26.54436 25.64336 24.73081 23.80675 22.87125 21.92440 20.96635 19.99726 19.01734 18.02685 17.02607 16.01532 14.99498 13.96546 12.92720 11.88070 10.82648 9.76511 8.69719 7.62335 6.54427 5.46064 4.37317 3.28260 2.18971 1.09525 0.00000 
100.00000 99.09640 98.19341 97.29165 96.39170 95.49417 94.59962 93.70862 92.82168 91.93934 91.06207 90.19031 89.32451 88.46505 87.61228 86.76653 85.92808 85.09719 84.27408 83.45892 82.65187 81.85303 81.06250 80.28031 79.50649 78.74103 77.98389 77.23501 76.49429 75.76164 75.03691 74.31995 73.61059 72.90865 72.21391 71.52617 70.84518 70.17070 69.50249 68.84026 68.18376 67.53269 66.88677 66.24570 65.60919 64.97692 64.34859 63.72389 63.10249 62.48407 61.86832 61.25491 60.64351 60.03381 59.42545 58.81813 58.21151 57.60525 56.99903 56.39252 55.78539 55.17730 54.56792 53.95693 53.34399 52.72877 52.11096 51.49021 50.86620 50.23861 49.60712 48.97139 48.33111 47.68596 47.03562 46.37977 45.71811 45.05032 44.37609 43.69512 43.00712 42.31178 41.60881 40.89794 40.17887 39.45134 38.71508 37.96982 37.21533 36.45137 35.67769 34.89409 34.10035 33.29629 32.48173 31.65651 30.82048 29.97352 29.11552 28.24641 27.36611 26.47460 25.57187 24.65794 23.73284 22.79667 21.84953 20.89157 19.92297 18.94393 17.95471 16.95560 15.94692 14.92904 13.90236 12.86732 11.82439 10.77409 9.71696 8.65358 7.58456 6.51054 5.43219 4.35018 3.26523 2.17806 1.08940 0.00000 
100.00000 99.10756 98.21569 97.32497 96.43595 95.54918 94.66521 93.78455 92.90772 92.03518 91.16739 90.30479 89.44777 88.59671 87.75194 86.91378 86.08250 85.25834 84.44151 83.63220 82.83054 82.03666 81.25063 80.47251 79.70233 78.94009 78.18574 77.43925 76.70053 75.96949 75.24600 74.52992 73.82109 73.11935 72.42449 71.73631 71.05459 70.37910 69.70961 69.04584 68.38756 67.73447 67.08631 66.44279 65.80363 65.16852 64.53717 63.90926 63.28450 62.66258 62.04317 61.42596 60.81063 60.19687 59.58434 58.97273 58.36172 57.75098 57.14018 56.52899 55.91710 55.30418 54.68990 54.07393 53.45595 52.83564 52.21268 51.58673 50.95749 50.32462 49.68781 49.04674 48.40110 47.75057 47.09483 46.43359 45.76654 45.09336 44.41377 43.72746 43.03414 42.33353 41.62534 40.90930 40.18513 39.45258 38.71139 37.96131 37.20210 36.43354 35.65541 34.86750 34.06962 33.26159 32.44326 31.61446 30.77508 29.92499 29.06412 28.19239 27.30976 26.41620 25.51172 24.59634 23.67013 22.73318 21.78560 20.82755 19.85920 18.88079 17.89255 16.89478 15.88781 14.87198 13.84770 12.81539 11.77552 10.72859 9.67511 8.61566 7.55081 6.48118 5.40742 4.33016 3.25010 2.16792 1.08431 0.00000 
100.00000 99.11815 98.23684 97.35660 96.47795 95.60142 94.72751 93.85671 92.98949 92.12631 91.26759 90.41374 89.56514 88.72215 87.88508 87.05423 86.22987 85.41224 84.60152 83.79791 83.00154 82.21253 81.43097 80.65690 79.89037 79.13137 78.37988 77.63586 76.89924 76.16993 75.44783 74.73279 74.02467 73.32332 72.62854 71.94016 71.25795 70.58170 69.91117 69.24614 68.58634 67.93152 67.28141 66.63573 65.99421 65.35656 64.72249 64.09170 63.46390 62.83877 62.21602 61.59533 60.97640 60.35890 59.74253 59.12696 58.51189 57.89698 57.28192 56.66639 56.05007 55.43264 54.81378 54.19317 53.57048 52.94540 52.31760 51.68678 51.05262 50.41479 49.77298 49.12689 48.47619 47.82059 47.15978 46.49345 45.82130 45.14304 44.45837 43.76700 43.06866 42.36305 41.64992 40.92898 40.19998 39.46266 38.71679 37.96211 37.19841 36.42547 35.64309 34.85106 34.04921 33.23738 32.41540 31.58316 30.74053 29.88741 29.02373 28.14943 27.26447 26.36885 25.46258 24.54571 23.61829 22.68043 21.73225 20.77392 19.80561 18.82756 17.84002 16.84326 15.83763 14.82345 13.80114 12.77110 11.73378 10.68968 9.63929 8.58317 7.52188 6.45600 5.38616 4.31297 3.23710 2.15920 1.07994 0.00000 
100.00000 99.12821 98.25693 97.38665 96.51787 95.65107 94.78674 93.92533 93.06728 92.21303 91.36297 90.51750 89.67698 88.84173 88.01207 87.18828 86.37062 85.55930 84.75454 83.95649 83.16530 82.38108 81.60392 80.83388 80.07099 79.31527 78.56669 77.82521 77.09079 76.36333 75.64274 74.92889 74.22166 73.52088 72.82639 72.13800 71.45552 70.77874 70.10744 69.44138 68.78034 68.12405 67.47226 66.82471 66.18113 65.54123 64.90474 64.27137 63.64083 63.01281 62.38703 61.76318 61.14095 60.52004 59.90013 59.28093 58.66211 58.04336 57.42436 56.80481 56.18438 55.56277 54.93965 54.31470 53.68762 53.05809 52.42579 51.79041 51.15163 50.50916 49.86267 49.21185 48.55642 47.89605 47.23046 46.55933 45.88239 45.19933 44.50988 43.81374 43.11065 42.40032 41.68250 40.95692 40.22334 39.48150 38.73117 37.97213 37.20415 36.42704 35.64058 34.84462 34.03896 33.22347 32.39799 31.56241 30.71663 29.86055 28.99411 28.11726 27.22999 26.33229 25.42419 24.50574 23.57701 22.63811 21.68918 20.73037 19.76188 18.78393 17.79678 16.80072 15.79606 14.78315 13.76237 12.73414 11.69889 10.65710 9.60926 8.55590 7.49756 6.43482 5.36826 4.29850 3.22615 2.15186 1.07625 0.00000 
100.00000 99.13778 98.27603 97.41522 96.55582 95.69829 94.84308 93.99061 93.14132 92.29559 91.45383 90.61638 89.78360 88.95580 88.13327 87.31629 86.50510 85.69992 84.90093 84.10831 83.32219 82.54268 81.76988 81.00383 80.24459 79.49215 78.74652 78.00766 77.27551 76.55001 75.83106 75.11855 74.41235 73.71232 73.01830 72.33011 71.64757 70.97049 70.29864 69.63181 68.96977 68.31227 67.65908 67.00993 66.36456 65.72270 65.08408 64.44842 63.81543 63.18483 62.55632 61.92961 61.30440 60.68038 60.05726 59.43473 58.81248 58.19020 57.56759 56.94433 56.32011 55.69463 55.06756 54.43861 53.80745 53.17378 52.53728 51.89765 51.25458 50.60777 49.95690 49.30168 48.64180 47.97697 47.30689 46.63126 45.94981 45.26225 44.56828 43.86765 43.16008 42.44529 41.72304 40.99308 40.25515 39.50902 38.75447 37.99127 37.21922 36.43812 35.64778 34.84804 34.03873 33.21971 32.39084 31.55203 30.70318 29.84420 28.97504 28.09567 27.20608 26.30627 25.39629 24.47617 23.54602 22.60595 21.65609 20.69661 19.72770 18.74960 17.76256 16.76686 15.76282 14.75079 13.73113 12.70426 11.67061 10.63063 9.58480 8.53365 7.47769 6.41749 5.35361 4.28663 3.21717 2.14583 1.07323 0.00000 
100.00000 99.14687 98.29419 97.44240 96.59193 95.74323 94.89670 94.05277 93.21183 92.37426 91.54042 90.71066 89.88531 89.06466 88.24900 87.43859 86.63367 85.83443 85.04106 84.25374 83.47258 82.69770 81.92919 81.16711 80.41150 79.66237 78.91972 78.18353 77.45374 76.73029 76.01310 75.30205 74.59704 73.89792 73.20454 72.51675 71.83436 71.15718 70.48501 69.81764 69.15485 68.49640 67.84205 67.19157 66.54468 65.90114 65.26067 64.62301 63.98787 63.35498 62.72404 62.09477 61.46687 60.84006 60.21403 59.58848 58.96311 58.33761 57.71169 57.08504 56.45734 55.82830 55.19760 54.56495 53.93002 53.29252 52.65213 52.00857 51.36151 50.71066 50.05571 49.39638 48.73236 48.06335 47.38908 46.70925 46.02357 45.33177 44.63358 43.92872 43.21693 42.49794 41.77152 41.03740 40.29536 39.54517 38.78661 38.01946 37.24353 36.45862 35.66457 34.86121 34.04838 33.22596 32.39382 31.55186 30.70001 29.83818 28.96634 28.08446 27.19253 26.29058 25.37864 24.45678 23.52509 22.58369 21.63273 20.67238 19.70283 18.72431 17.73708 16.74143 15.73766 14.72612 13.70718 12.68124 11.64871 10.61005 9.56573 8.51625 7.46211 6.40387 5.34207 4.27728 3.21008 2.14106 1.07084 0.00000 
100.00000 99.15553 98.31148 97.46827 96.62631 95.78601 94.94777 94.11198 93.27902 92.44924 91.62299 90.80060 89.98237 89.16861 88.35957 87.55550 86.75663 85.96316 85.17526 84.39310 83.61680 82.84647 82.08220 81.32405 80.57206 79.82625 79.08662 78.35314 77.62578 76.90447 76.18914 75.47968 74.77599 74.07794 73.38538 72.69816 72.01611 71.33904 70.66677 69.99908 69.33577 68.67661 68.02137 67.36980 66.72167 66.07672 65.43468 64.79529 64.15828 63.52338 62.89031 62.25877 61.62850 60.99918 60.37054 59.74227 59.11409 58.48568 57.85676 57.22702 56.59615 55.96386 55.32984 54.69379 54.05540 53.41437 52.77041 52.12320 51.47246 50.81787 50.15915 49.49600 48.82813 48.15524 47.47706 46.79330 46.10368 45.40792 44.70576 43.99693 43.28118 42.55824 41.82788 41.08986 40.34394 39.58990 38.82753 38.05663 37.27700 36.48846 35.69086 34.88402 34.06781 33.24210 32.40678 31.56177 30.70697 29.84234 28.96783 28.08344 27.18915 26.28500 25.37104 24.44734 23.51399 22.57113 21.61889 20.65745 19.68702 18.70783 17.72013 16.72420 15.72036 14.70894 13.69031 12.66486 11.63301 10.59519 9.55187 8.50354 7.45069 6.39384 5.33355 4.27035 3.20482 2.13753 1.06906 0.00000 
100.00000 99.16377 98.32794 97.49290 96.65904 95.82676 94.99643 94.16841 93.34307 92.52074 91.70176 90.88643 90.07506 89.26791 88.46524 87.66730 86.87429 86.08641 85.30383 84.52670 83.75515 82.98929 82.22920 81.47495 80.72656 79.98408 79.24749 78.51678 77.79192 77.07284 76.35947 75.65172 74.94948 74.25264 73.56106 72.87459 72.19306 71.51631 70.84413 70.17635 69.51275 68.85311 68.19721 67.54482 66.89569 66.24958 65.60624 64.96541 64.32681 63.69019 63.05526 62.42175 61.78938 61.15786 60.52690 59.89622 59.26552 58.63451 58.00288 57.37035 56.73662 56.10138 55.46434 54.82520 54.18365 53.53941 52.89216 52.24162 51.58748 50.92946 50.26725 49.60057 48.92914 48.25266 47.57085 46.88343 46.19014 45.49069 44.78483 44.07229 43.35283 42.62619 41.89213 41.15042 40.40083 39.64316 38.87718 38.10272 37.31957 36.52757 35.72656 34.91638 34.09691 33.26802 32.42962 31.58161 30.72393 29.85653 28.97937 28.09245 27.19578 26.28938 25.37332 24.44767 23.51254 22.56805 21.61436 20.65164 19.68010 18.69996 17.71149 16.71498 15.71072 14.69905 13.68034 12.65496 11.62334 10.58590 9.54309 8.49539 7.44329 6.38730 5.32795 4.26578 3.20134 2.13518 1.06788 0.00000 
100.00000 99.17162 98.34361 97.51636 96.69023 95.86559 95.04280 94.22220 93.40415 92.58895 91.77693 90.96838 90.16358 89.36280 88.56628 87.77424 86.98691 86.20445 85.42705 84.65483 83.88794 83.12646 82.37050 81.62010 80.87531 80.13615 79.40263 78.67473 77.95242 77.23564 76.52433 75.81840 75.11775 74.42226 73.73181 73.04625 72.36543 71.68917 71.01730 70.34963 69.68595 69.02607 68.36975 67.71677 67.06690 66.41990 65.77552 65.13350 64.49358 63.85551 63.21901 62.58381 61.94963 61.31620 60.68322 60.05042 59.41750 58.78417 58.15015 57.51513 56.87883 56.24094 55.60118 54.95925 54.31485 53.66768 53.01745 52.36386 51.70663 51.04546 50.38006 49.71014 49.03543 48.35563 47.67047 46.97967 46.28297 45.58010 44.87080 44.15480 43.43187 42.70176 41.96423 41.21906 40.46603 39.70492 38.93553 38.15768 37.37119 36.57588 35.77161 34.95823 34.13561 33.30364 32.46223 31.61130 30.75078 29.88063 29.00083 28.11137 27.21227 26.30357 25.38533 24.45763 23.52058 22.57430 21.61897 20.65476 19.68186 18.70053 17.71101 16.71358 15.70857 14.69628 13.67710 12.65138 11.61955 10.58202 9.53925 8.49168 7.43982 6.38416 5.32522 4.26351 3.19959 2.13399 1.06728 0.00000 
100.00000 99.17909 98.35855 97.53872 96.71995 95.90260 95.08701 94.27350 93.46241 92.65404 91.84868 91.04663 90.24815 89.45350 88.66290 87.87658 87.09474 86.31755 85.54517 84.77775 84.01541 83.25825 82.50635 81.75977 81.01856 80.28273 79.55230 78.82724 78.10754 77.39314 76.68397 75.97996 75.28102 74.58702 73.89784 73.21336 72.53341 71.85784 71.18646 70.51911 69.85557 69.19566 68.53915 67.88583 67.23546 66.58781 65.94264 65.29970 64.65874 64.01949 63.38169 62.74508 62.10938 61.47431 60.83960 60.20496 59.57011 58.93477 58.29864 57.66143 57.02286 56.38262 55.74044 55.09601 54.44904 53.79924 53.14632 52.48999 51.82995 51.16592 50.49761 49.82474 49.14703 48.46419 47.77596 47.08205 46.38221 45.67617 44.96368 44.24447 43.51832 42.78497 42.04420 41.29578 40.53950 39.77516 39.00255 38.22150 37.43182 36.63335 35.82596 35.00949 34.18384 33.34888 32.50454 31.65074 30.78742 29.91455 29.03210 28.14009 27.23852 26.32744 25.40693 24.47706 23.53796 22.58974 21.63258 20.66666 19.69218 18.70939 17.71852 16.71988 15.71376 14.70050 13.68046 12.65399 11.62152 10.58346 9.54024 8.49233 7.44020 6.38434 5.32526 4.26348 3.19953 2.13393 1.06724 0.00000 
100.00000 99.18622 98.37278 97.56002 96.74828 95.93789 95.12917 94.32243 93.51800 92.71616 91.91720 91.12138 90.32898 89.54022 88.75533 87.97453 87.19800 86.42592 85.65844 84.89571 84.13782 83.38490 82.63700 81.89421 81.15655 80.42405 79.69672 78.97455 78.25751 77.54556 76.83862 76.13664 75.43951 74.74712 74.05937 73.37611 72.69720 72.02249 71.35180 70.68496 70.02178 69.36205 68.70557 68.05213 67.40151 66.75346 66.10776 65.46415 64.82240 64.18224 63.54342 62.90567 62.26872 61.63230 60.99614 60.35995 59.72347 59.08639 58.44844 57.80934 57.16878 56.52649 55.88218 55.23555 54.58631 53.93417 53.27885 52.62006 51.95750 51.29090 50.61997 49.94443 49.26399 48.57839 47.88735 47.19060 46.48788 45.77892 45.06349 44.34132 43.61217 42.87582 42.13203 41.38058 40.62126 39.85387 39.07822 38.29413 37.50143 36.69995 35.88957 35.07014 34.24154 33.40369 32.55649 31.69987 30.83379 29.95820 29.07311 28.17850 27.27442 26.36090 25.43802 24.50588 23.56457 22.61425 21.65508 20.68724 19.71094 18.72641 17.73392 16.73374 15.72619 14.71160 13.69030 12.66269 11.62915 10.59010 9.54598 8.49723 7.44434 6.38778 5.32804 4.26565 3.20112 2.13498 1.06776 0.00000 
100.00000 99.19301 98.38635 97.58033 96.77529 95.97153 95.16937 94.36911 93.57104 92.77546 91.98262 91.19279 90.40622 89.62314 88.84376 88.06829 87.29692 86.52980 85.76708 85.00891 84.25539 83.50662 82.76268 82.02363 81.28951 80.56034 79.83614 79.11688 78.40256 77.69311 76.98849 76.28862 75.59342 74.90277 74.21658 73.53470 72.85699 72.18331 71.51349 70.84735 70.18472 69.52539 68.86917 68.21584 67.56519 66.91698 66.27099 65.62697 64.98469 64.34388 63.70430 63.06568 62.42776 61.79027 61.15294 60.51549 59.87764 59.23912 58.59965 57.95893 57.31668 56.67263 56.02647 55.37793 54.72671 54.07253 53.41510 52.75413 52.08934 51.42045 50.74718 50.06924 49.38635 48.69826 48.00468 47.30534 46.60000 45.88839 45.17026 44.44536 43.71346 42.97432 42.22773 41.47345 40.71129 39.94105 39.16254 38.37558 37.58000 36.77566 35.96241 35.14013 34.30870 33.46803 32.61803 31.75864 30.88982 30.01153 29.12377 28.22655 27.31990 26.40387 25.47853 24.54398 23.60034 22.64774 21.68636 20.71638 19.73802 18.75150 17.75710 16.75508 15.74576 14.72946 13.70655 12.67738 11.64235 10.60188 9.55639 8.50634 7.45219 6.39442 5.33352 4.26999 3.20435 2.13712 1.06883 0.00000 
100.00000 99.19948 98.39927 97.59969 96.80103 96.00360 95.20771 94.41363 93.62166 92.83206 92.04509 91.26101 90.48005 89.70243 88.92837 88.15805 87.39166 86.62936 85.87129 85.11757 84.36833 83.62365 82.88360 82.14826 81.41765 80.69181 79.97074 79.25444 78.54287 77.83600 77.13377 76.43611 75.74294 75.05416 74.36965 73.68929 73.01294 72.34046 71.67169 71.00645 70.34456 69.68584 69.03008 68.37709 67.72663 67.07850 66.43247 65.78829 65.14572 64.50453 63.86445 63.22523 62.58660 61.94831 61.31008 60.67165 60.03273 59.39305 58.75233 58.11029 57.46664 56.82111 56.17340 55.52323 54.87032 54.21438 53.55512 52.89227 52.22553 51.55463 50.87929 50.19922 49.51417 48.82385 48.12799 47.42634 46.71863 46.00460 45.28402 44.55663 43.82221 43.08051 42.33132 41.57443 40.80962 40.03671 39.25551 38.46584 37.66754 36.86047 36.04448 35.21946 34.38528 33.54186 32.68913 31.82702 30.95548 30.07450 29.18406 28.28419 27.37491 26.45628 25.52838 24.59131 23.64518 22.69014 21.72637 20.75403 19.77336 18.78459 17.78798 16.78381 15.77238 14.75404 13.72912 12.69800 11.66106 10.61873 9.57143 8.51960 7.46370 6.40422 5.34164 4.27646 3.20918 2.14033 1.07043 0.00000 
100.00000 99.20565 98.41159 97.61813 96.82556 96.03418 95.24426 94.45610 93.66995 92.88608 92.10474 91.32617 90.55060 89.77825 89.00931 88.24398 87.48242 86.72479 85.97123 85.22187 84.47681 83.73615 82.99995 82.26828 81.54117 80.81865 80.10073 79.38740 78.67864 77.97441 77.27464 76.57929 75.88825 75.20144 74.51875 73.84005 73.16522 72.49410 71.82655 71.16238 70.50144 69.84352 69.18845 68.53600 67.88598 67.23815 66.59231 65.94821 65.30561 64.66428 64.02396 63.38440 62.74535 62.10653 61.46768 60.82853 60.18882 59.54826 58.90658 58.26349 57.61873 56.97200 56.32302 55.67152 55.01720 54.35978 53.69899 53.03452 52.36612 51.69349 51.01636 50.33445 49.64749 48.95520 48.25734 47.55362 46.84379 46.12761 45.40481 44.67517 43.93845 43.19441 42.44284 41.68353 40.91627 40.14087 39.35715 38.56493 37.76407 36.95439 36.13579 35.30812 34.47129 33.62520 32.76979 31.90499 31.03076 30.14708 29.25395 28.35139 27.43942 26.51812 25.58755 24.64783 23.69907 22.74141 21.77504 20.80014 19.81692 18.82563 17.82652 16.81988 15.80602 14.78527 13.75797 12.72450 11.68524 10.64061 9.59104 8.53696 7.47885 6.41716 5.35240 4.28504 3.21561 2.14461 1.07257 0.00000 
100.00000 99.21152 98.42332 97.63570 96.84894 96.06332 95.27911 94.49658 93.71600 92.93762 92.16167 91.38840 90.61801 89.85073 89.08673 88.32622 87.56934 86.81625 86.06709 85.32198 84.58102 83.84431 83.11190 82.38386 81.66023 80.94104 80.22628 79.51596 78.81004 78.10850 77.41128 76.71830 76.02951 75.34479 74.66404 73.98714 73.31397 72.64438 71.97821 71.31531 70.65549 69.99858 69.34439 68.69270 68.04333 67.39604 66.75063 66.10685 65.46447 64.82325 64.18295 63.54332 62.90409 62.26500 61.62581 60.98622 60.34599 59.70483 59.06246 58.41862 57.77302 57.12538 56.47543 55.82287 55.16742 54.50881 53.84676 53.18097 52.51118 51.83709 51.15845 50.47496 49.78636 49.09239 48.39277 47.68724 46.97555 46.25745 45.53268 44.80102 44.06222 43.31606 42.56232 41.80079 41.03127 40.25356 39.46749 38.67289 37.86959 37.05745 36.23634 35.40614 34.56674 33.71805 32.86001 31.99256 31.11566 30.22928 29.33344 28.42814 27.51343 26.58936 25.65603 24.71352 23.76197 22.80153 21.83237 20.85467 19.86866 18.87458 17.87269 16.86328 15.84664 14.82312 13.79307 12.75685 11.71486 10.66750 9.61521 8.55842 7.49760 6.43322 5.36577 4.29573 3.22363 2.14995 1.07524 0.00000 
100.00000 99.21711 98.43449 97.65243 96.87120 96.09107 95.31231 94.53517 93.75991 92.98677 92.21599 91.44780 90.68239 89.91999 89.16076 88.40490 87.65256 86.90388 86.15901 85.41805 84.68111 83.94827 83.21961 82.49517 81.77500 81.05912 80.34754 79.64025 78.93723 78.23843 77.54382 76.85332 76.16686 75.48434 74.80566 74.13070 73.45933 72.79142 72.12681 71.46534 70.80684 70.15113 69.49802 68.84732 68.19881 67.55229 66.90753 66.26431 65.62239 64.98154 64.34151 63.70205 63.06291 62.42383 61.78455 61.14481 60.50433 59.86284 59.22007 58.57575 57.92960 57.28133 56.63067 55.97734 55.32106 54.66154 53.99850 53.33167 52.66076 51.98550 51.30561 50.62082 49.93086 49.23545 48.53434 47.82726 47.11396 46.39418 45.66769 44.93423 44.19358 43.44551 42.68981 41.92626 41.15466 40.37483 39.58658 38.78974 37.98415 37.16968 36.34618 35.51354 34.67166 33.82044 32.95983 32.08976 31.21019 30.32112 29.42253 28.51446 27.59693 26.67002 25.73381 24.78839 23.83391 22.87050 21.89834 20.91763 19.92859 18.93145 17.92649 16.91398 15.89424 14.86760 13.83441 12.79505 11.74990 10.69938 9.64392 8.58396 7.51996 6.45239 5.38175 4.30852 3.23322 2.15635 1.07844 0.00000 
100.00000 99.22242 98.44512 97.66835 96.89238 96.11749 95.34392 94.57192 93.80174 93.03363 92.26780 91.50447 90.74385 89.98614 89.23152 88.48015 87.73221 86.98782 86.24711 85.51021 84.77721 84.04818 83.32321 82.60234 81.88562 81.17305 80.46466 79.76043 79.06034 78.36435 77.67242 76.98447 76.30044 75.62023 74.94373 74.27084 73.60143 72.93535 72.27246 71.61260 70.95560 70.30129 69.64947 68.99995 68.35252 67.70698 67.06311 66.42069 65.77947 65.13923 64.49972 63.86070 63.22191 62.58310 61.94401 61.30437 60.66391 60.02238 59.37948 58.73496 58.08853 57.43991 56.78884 56.13501 55.47817 54.81802 54.15428 53.48669 52.81495 52.13878 51.45793 50.77210 50.08104 49.38446 48.68212 47.97374 47.25907 46.53787 45.80987 45.07486 44.33258 43.58283 42.82537 42.06000 41.28651 40.50473 39.71446 38.91554 38.10781 37.29112 36.46535 35.63037 34.78609 33.93242 33.06928 32.19662 31.31441 30.42263 29.52128 28.61038 27.68998 26.76013 25.82093 24.87247 23.91489 22.94834 21.97299 20.98905 19.99672 18.99625 17.98792 16.97201 15.94883 14.91871 13.88201 12.83910 11.79039 10.73627 9.67719 8.61358 7.54592 6.47468 5.40034 4.32341 3.24439 2.16381 1.08217 0.00000 
100.00000 99.22748 98.45522 97.68348 96.91253 96.14261 95.37398 94.60689 93.84157 93.07825 92.31716 91.55850 90.80248 90.04928 89.29910 88.55208 87.80839 87.06816 86.33152 85.59858 84.86944 84.14417 83.42284 82.70551 81.99221 81.28295 80.57776 79.87661 79.17950 78.48637 77.79719 77.11188 76.43038 75.75258 75.07839 74.40770 73.74038 73.07629 72.41528 71.75721 71.10189 70.44916 69.79882 69.15069 68.50457 67.86024 67.21748 66.57608 65.93581 65.29642 64.65769 64.01935 63.38117 62.74289 62.10425 61.46498 60.82482 60.18351 59.54076 58.89632 58.24989 57.60121 56.94999 56.29596 55.63883 54.97833 54.31418 53.64609 52.97379 52.29700 51.61545 50.92886 50.23696 49.53948 48.83616 48.12674 47.41096 46.68857 45.95932 45.22297 44.47930 43.72806 42.96905 42.20206 41.42688 40.64332 39.85120 39.05035 38.24062 37.42185 36.59392 35.75671 34.91011 34.05404 33.18843 32.31322 31.42837 30.53388 29.62974 28.71597 27.79262 26.85975 25.91745 24.96581 24.00498 23.03511 22.05637 21.06895 20.07309 19.06903 18.05704 17.03740 16.01044 14.97648 13.93589 12.88904 11.83633 10.77818 9.71503 8.64731 7.57551 6.50010 5.42156 4.34041 3.25716 2.17232 1.08643 0.00000 
100.00000 99.23227 98.46481 97.69785 96.93165 96.16648 95.40255 94.64013 93.87944 93.12070 92.36414 91.60995 90.85834 90.10950 89.36359 88.62077 87.88121 87.14502 86.41234 85.68327 84.95791 84.23633 83.51861 82.80478 82.09488 81.38894 80.68696 79.98893 79.29483 78.60462 77.91825 77.23566 76.55678 75.88150 75.20974 74.54138 73.87629 73.21434 72.55538 71.89925 71.24580 70.59484 69.94618 69.29965 68.65504 68.01213 67.37072 66.73058 66.09148 65.45319 64.81548 64.17808 63.54077 62.90328 62.26535 61.62672 60.98713 60.34631 59.70399 59.05990 58.41375 57.76528 57.11420 56.46024 55.80311 55.14254 54.47825 53.80995 53.13737 52.46023 51.77826 51.09117 50.39870 49.70058 48.99655 48.28634 47.56969 46.84636 46.11609 45.37864 44.63379 43.88130 43.12095 42.35253 41.57584 40.79068 39.99688 39.19426 38.38266 37.56194 36.73197 35.89262 35.04378 34.18539 33.31735 32.43961 31.55215 30.65494 29.74798 28.83130 27.90493 26.96895 26.02343 25.06849 24.10425 23.13087 22.14853 21.15743 20.15778 19.14985 18.13390 17.11022 16.07913 15.04097 13.99610 12.94491 11.88779 10.82517 9.75748 8.68518 7.60875 6.52867 5.44543 4.35954 3.27153 2.18191 1.09122 0.00000 
100.00000 99.23682 98.47389 97.71147 96.94979 96.18911 95.42966 94.67168 93.91540 93.16104 92.40880 91.65890 90.91152 90.16685 89.42506 88.68631 87.95073 87.21848 86.48965 85.76437 85.04272 84.32477 83.61060 82.90024 82.19374 81.49111 80.79235 80.09746 79.40642 78.71918 78.03570 77.35591 76.67974 76.00709 75.33787 74.67197 74.00925 73.34959 72.69283 72.03883 71.38741 70.73841 70.09164 69.44691 68.80401 68.16275 67.52290 66.88425 66.24657 65.60962 64.97317 64.33697 63.70078 63.06434 62.42739 61.78967 61.15091 60.51086 59.86924 59.22577 58.58018 57.93220 57.28154 56.62793 55.97108 55.31072 54.64657 53.97834 53.30576 52.62854 51.94641 51.25910 50.56633 49.86784 49.16335 48.45261 47.73534 47.01131 46.28026 45.54195 44.79615 44.04261 43.28113 42.51148 41.73347 40.94690 40.15158 39.34735 38.53403 37.71149 36.87958 36.03819 35.18721 34.32656 33.45614 32.57592 31.68585 30.78591 29.87611 28.95647 28.02702 27.08783 26.13898 25.18059 24.21279 23.23573 22.24958 21.25456 20.25088 19.23879 18.21858 17.19053 16.15498 15.11225 14.06272 13.00677 11.94482 10.87727 9.80460 8.72724 7.64569 6.56043 5.47197 4.38082 3.28751 2.19258 1.09656 0.00000 
100.00000 99.24112 98.48249 97.72436 96.96696 96.21054 95.45534 94.70158 93.94949 93.19929 92.45119 91.70538 90.96206 90.22141 89.48358 88.74875 88.01704 87.28860 86.56353 85.84194 85.12393 84.40956 83.69890 82.99199 82.28886 81.58954 80.89403 80.20231 79.51436 78.83015 78.14962 77.47271 76.79935 76.12943 75.46287 74.79955 74.13935 73.48212 72.82773 72.17602 71.52682 70.87997 70.23527 69.59254 68.95157 68.31217 67.67411 67.03718 66.40115 65.76578 65.13085 64.49609 63.86127 63.22614 62.59043 61.95388 61.31624 60.67722 60.03657 59.39401 58.74925 58.10204 57.45208 56.79910 56.14281 55.48294 54.81921 54.15133 53.47902 52.80200 52.12000 51.43273 50.73993 50.04133 49.33665 48.62562 47.90800 47.18352 46.45193 45.71299 44.96646 44.21210 43.44969 42.67903 41.89989 41.11208 40.31542 39.50972 38.69483 37.87060 37.03688 36.19355 35.34051 34.47766 33.60492 32.72225 31.82958 30.92692 30.01425 29.09159 28.15899 27.21651 26.26422 25.30225 24.33072 23.34979 22.35963 21.36045 20.35248 19.33597 18.31120 17.27846 16.23808 15.19042 14.13583 13.07472 12.00749 10.93458 9.85644 8.77354 7.68637 6.59543 5.50122 4.40428 3.30515 2.20435 1.10245 0.00000 
100.00000 99.24518 98.49061 97.73653 96.98318 96.23079 95.47961 94.72985 93.98175 93.23551 92.49135 91.74945 91.01001 90.27321 89.53920 88.80814 88.08018 87.35544 86.63403 85.91606 85.20161 84.49076 83.78357 83.08008 82.38032 81.68431 80.99205 80.30353 79.61872 78.93759 78.26009 77.58614 76.91567 76.24860 75.58482 74.92421 74.26665 73.61202 72.96015 72.31090 71.66410 71.01957 70.37714 69.73662 69.09779 68.46047 67.82442 67.18944 66.55529 65.92175 65.28857 64.65551 64.02232 63.38875 62.75455 62.11944 61.48317 60.84547 60.20606 59.56467 58.92103 58.27487 57.62589 56.97382 56.31837 55.65927 54.99624 54.32898 53.65723 52.98069 52.29908 51.61214 50.91958 50.22113 49.51652 48.80548 48.08775 47.36306 46.63118 45.89184 45.14481 44.38986 43.62674 42.85525 42.07518 41.28632 40.48849 39.68150 38.86518 38.03939 37.20398 36.35882 35.50380 34.63883 33.76383 32.87873 31.98349 31.07809 30.16253 29.23682 28.30100 27.35513 26.39930 25.43361 24.45819 23.47320 22.47882 21.47526 20.46274 19.44152 18.41188 17.37412 16.32857 15.27559 14.21555 13.14885 12.07591 10.99718 9.91310 8.82417 7.73087 6.63372 5.53324 4.42997 3.32445 2.21725 1.10891 0.00000 
100.00000 99.24901 98.49825 97.74799 96.99845 96.24987 95.50248 94.75651 94.01218 93.26971 92.52929 91.79113 91.05540 90.32228 89.59195 88.86454 88.14019 87.41904 86.70120 85.98676 85.27582 84.56843 83.86467 83.16457 82.46817 81.77547 81.08648 80.40119 79.71957 79.04158 78.36716 77.69626 77.02879 76.36466 75.70377 75.04600 74.39124 73.73933 73.09015 72.44353 71.79930 71.15729 70.51733 69.87921 69.24273 68.60770 67.97389 67.34108 66.70906 66.07758 65.44640 64.81529 64.18399 63.55224 62.91980 62.28640 61.65177 61.01565 60.37776 59.73784 59.09559 58.45075 57.80303 57.15215 56.49783 55.83979 55.17773 54.51139 53.84046 53.16468 52.48375 51.79740 51.10536 50.40733 49.70305 48.99226 48.27467 47.55004 46.81811 46.07862 45.33132 44.57599 43.81238 43.04028 42.25947 41.46975 40.67092 39.86280 39.04521 38.21800 37.38101 36.53413 35.67724 34.81022 33.93301 33.04553 32.14773 31.23960 30.32112 29.39231 28.45321 27.50387 26.54437 25.57482 24.59536 23.60613 22.60732 21.59914 20.58181 19.55559 18.52077 17.47766 16.42658 15.36790 14.30200 13.22929 12.15020 11.06517 9.97467 8.87920 7.77926 6.67538 5.56808 4.45793 3.34547 2.23128 1.11593 0.00000 
100.00000 99.25259 98.50542 97.75874 97.01278 96.26778 95.52397 94.78157 94.04082 93.30190 92.56504 91.83043 91.09824 90.36866 89.64185 88.91795 88.19711 87.47944 86.76507 86.05408 85.34657 84.64260 83.94223 83.24550 82.55244 81.86306 81.17736 80.49533 79.81694 79.14214 78.47089 77.80311 77.13873 76.47765 75.81977 75.16498 74.51314 73.86413 73.21778 72.57396 71.93248 71.29318 70.65587 70.02036 69.38645 68.75392 68.12257 67.49218 66.86251 66.23333 65.60440 64.97548 64.34632 63.71667 63.08626 62.45483 61.82211 61.18785 60.55175 59.91356 59.27298 58.62975 57.98357 57.33417 56.68126 56.02455 55.36376 54.69861 54.02880 53.35405 52.67409 51.98861 51.29735 50.60002 49.89635 49.18606 48.46888 47.74456 47.01282 46.27342 45.52610 44.77062 44.00674 43.23424 42.45290 41.66250 40.86285 40.05376 39.23506 38.40657 37.56815 36.71965 35.86097 34.99199 34.11263 33.22281 32.32248 31.41162 30.49021 29.55826 28.61580 27.66290 26.69963 25.72610 24.74242 23.74877 22.74532 21.73228 20.70988 19.67837 18.63806 17.58925 16.53228 15.46752 14.39535 13.31619 12.23048 11.13868 10.04127 8.93875 7.83165 6.72048 5.60582 4.48821 3.36824 2.24649 1.12354 0.00000 
100.00000 99.25594 98.51212 97.76879 97.02618 96.28453 95.54408 94.80504 94.06765 93.33210 92.59861 91.86737 91.13856 90.41235 89.68892 88.96840 88.25094 87.53665 86.82565 86.11804 85.41390 84.71329 84.01628 83.32290 82.63317 81.94711 81.26472 80.58598 79.91087 79.23932 78.57131 77.90674 77.24554 76.58762 75.93288 75.28118 74.63242 73.98644 73.34310 72.70224 72.06370 71.42729 70.79283 70.16013 69.52899 68.89919 68.27052 67.64277 67.01569 66.38905 65.76263 65.13616 64.50939 63.88208 63.25396 62.62477 61.99425 61.36211 60.72809 60.09190 59.45328 58.81194 58.16758 57.51994 56.86872 56.21364 55.55441 54.89073 54.22232 53.54889 52.87016 52.18584 51.49564 50.79928 50.09649 49.38698 48.67048 47.94672 47.21543 46.47636 45.72925 44.97386 44.20994 43.43725 42.65558 41.86471 41.06443 40.25455 39.43489 38.60527 37.76554 36.91555 36.05519 35.18433 34.30288 33.41077 32.50794 31.59435 30.66999 29.73486 28.78900 27.83245 26.86530 25.88764 24.89960 23.90134 22.89303 21.87489 20.84715 19.81007 18.76395 17.70910 16.64586 15.57462 14.49576 13.40971 12.31693 11.21787 10.11304 9.00294 7.88812 6.76913 5.64652 4.52088 3.39281 2.26289 1.13176 0.00000 
100.00000 99.25905 98.51834 97.77813 97.03864 96.30012 95.56280 94.82691 94.09267 93.36030 92.62999 91.90194 91.17634 90.45335 89.73315 89.01588 88.30168 87.59067 86.88296 86.17864 85.47781 84.78051 84.08682 83.39676 82.71036 82.02764 81.34858 80.67317 80.00137 79.33315 78.66843 78.00716 77.34925 76.69460 76.04311 75.39465 74.74909 74.10630 73.46613 72.82841 72.19298 71.55965 70.92824 70.29856 69.67039 69.04354 68.41779 67.79290 67.16865 66.54480 65.92112 65.29735 64.67324 64.04854 63.42298 62.79630 62.16823 61.53849 60.90682 60.27293 59.63654 58.99737 58.35513 57.70954 57.06030 56.40713 55.74973 55.08782 54.42110 53.74928 53.07207 52.38919 51.70033 51.00523 50.30358 49.59512 48.87956 48.15663 47.42605 46.68757 45.94092 45.18585 44.42211 43.64946 42.86768 42.07654 41.27582 40.46533 39.64488 38.81428 37.97338 37.12203 36.26008 35.38743 34.50397 33.60962 32.70431 31.78801 30.86069 29.92236 28.97303 28.01276 27.04161 26.05969 25.06713 24.06407 23.05070 22.02722 20.99387 19.95092 18.89866 17.83742 16.76755 15.68942 14.60344 13.51005 12.40970 11.30289 10.19012 9.07191 7.94882 6.82141 5.69028 4.55601 3.41923 2.28054 1.14059 0.00000 
100.00000 99.26192 98.52409 97.78676 97.05016 96.31454 95.58014 94.84718 94.11589 93.38648 92.65916 91.93413 91.21156 90.49165 89.77454 89.06038 88.34933 87.64148 86.93697 86.23587 85.53828 84.84426 84.15385 83.46710 82.78402 82.10464 81.42893 80.75688 80.08846 79.42361 78.76228 78.10440 77.44987 76.79860 76.15048 75.50539 74.86319 74.22374 73.58690 72.95249 72.32035 71.69029 71.06213 70.43567 69.81071 69.18702 68.56440 67.94261 67.32143 66.70062 66.07993 65.45911 64.83792 64.21608 63.59335 62.96945 62.34411 61.71705 61.08801 60.45669 59.82282 59.18611 58.54627 57.90301 57.25605 56.60508 55.94981 55.28995 54.62521 53.95529 53.27990 52.59873 51.91151 51.21794 50.51773 49.81059 49.09624 48.37441 47.64480 46.90717 46.16123 45.40673 44.64341 43.87103 43.08935 42.29814 41.49719 40.68627 39.86520 39.03379 38.19187 37.33927 36.47587 35.60152 34.71613 33.81959 32.91186 31.99286 31.06258 30.12100 29.16815 28.20408 27.22884 26.24253 25.24528 24.23724 23.21859 22.18953 21.15031 20.10118 19.04246 17.97447 16.89757 15.81214 14.71860 13.61741 12.50902 11.39393 10.27268 9.14580 8.01387 6.87747 5.73720 4.59369 3.44757 2.29948 1.15007 0.00000 
100.00000 99.26455 98.52936 97.79466 97.06072 96.32777 95.59606 94.86582 94.13727 93.41063 92.68611 91.96391 91.24422 90.52721 89.81305 89.10188 88.39385 87.68907 86.98766 86.28971 85.59530 84.90450 84.21735 83.53388 82.85413 82.17809 81.50576 80.83712 80.17212 79.51072 78.85285 78.19844 77.54740 76.89962 76.25500 75.61341 74.97472 74.33878 73.70543 73.07451 72.44584 71.81925 71.19453 70.57150 69.94995 69.32965 68.71039 68.09194 67.47407 66.85653 66.23909 65.62148 65.00346 64.38476 63.76512 63.14427 62.52193 61.89784 61.27171 60.64325 60.01218 59.37822 58.74107 58.10044 57.45604 56.80756 56.15472 55.49721 54.83475 54.16702 53.49373 52.81458 52.12928 51.43753 50.73903 50.03350 49.32064 48.60018 47.87182 47.13529 46.39032 45.63664 44.87398 44.10211 43.32076 42.52971 41.72871 40.91757 40.09607 39.26401 38.42121 37.56752 36.70277 35.82684 34.93960 34.04095 33.13082 32.20915 31.27591 30.33107 29.37466 28.40670 27.42727 26.43645 25.43436 24.42115 23.39700 22.36212 21.31675 20.26115 19.19563 18.12053 17.03620 15.94305 14.84151 13.73202 12.61508 11.49120 10.36092 9.22480 8.08343 6.93742 5.78740 4.63400 3.47789 2.31974 1.16021 0.00000 
100.00000 99.26694 98.53413 97.80184 97.07031 96.33980 95.61055 94.88280 94.15678 93.43270 92.71079 91.99125 91.27426 90.56000 89.84864 89.14033 88.43520 87.73339 87.03500 86.34012 85.64883 84.96120 84.27728 83.59709 82.92066 82.24798 81.57906 80.91386 80.25234 79.59445 78.94012 78.28928 77.64183 76.99767 76.35668 75.71873 75.08369 74.45140 73.82171 73.19446 72.56946 71.94652 71.32546 70.70607 70.08814 69.47145 68.85579 68.24091 67.62659 67.01258 66.39863 65.78449 65.16991 64.55461 63.93833 63.32081 62.70176 62.08090 61.45796 60.83265 60.20468 59.57376 58.93959 58.30188 57.66033 57.01465 56.36453 55.70968 55.04978 54.38454 53.71365 53.03681 52.35373 51.66409 50.96760 50.26396 49.55288 48.83407 48.10723 47.37208 46.62834 45.87573 45.11400 44.34287 43.56209 42.77141 41.97060 41.15943 40.33768 39.50515 38.66165 37.80700 36.94105 36.06364 35.17464 34.27396 33.36150 32.43719 31.50099 30.55287 29.59285 28.62095 27.63723 26.64177 25.63468 24.61613 23.58627 22.54532 21.49352 20.43113 19.35848 18.27589 17.18375 16.08245 14.97243 13.85417 12.72816 11.59493 10.45505 9.30910 8.15768 7.00143 5.84100 4.67705 3.51028 2.34138 1.17105 0.00000 
100.00000 99.26907 98.53840 97.80826 97.07891 96.35060 95.62358 94.89810 94.17439 93.45267 92.73318 92.01610 91.30164 90.58997 89.88126 89.17567 88.47334 87.77439 87.07893 86.38704 85.69882 85.01432 84.33359 83.65667 82.98356 82.31426 81.64877 80.98706 80.32908 79.67477 79.02407 78.37690 77.73315 77.09271 76.45548 75.82132 75.19008 74.56162 73.93576 73.31235 72.69120 72.07213 71.45492 70.83938 70.22530 69.61245 69.00061 68.38955 67.77902 67.16879 66.55859 65.94818 65.33729 64.72567 64.11303 63.49910 62.88362 62.26629 61.64683 61.02495 60.40036 59.77277 59.14188 58.50739 57.86901 57.22642 56.57932 55.92742 55.27039 54.60794 53.93975 53.26553 52.58496 51.89773 51.20355 50.50210 49.79308 49.07620 48.35116 47.61767 46.87544 46.12418 45.36362 44.59349 43.81351 43.02345 42.22304 41.41206 40.59027 39.75746 38.91343 38.05798 37.19096 36.31220 35.42155 34.51892 33.60418 32.67727 31.73813 30.78673 29.82307 28.84716 27.85906 26.85884 25.84661 24.82253 23.78674 22.73948 21.68097 20.61149 19.53136 18.44091 17.34053 16.23063 15.11167 13.98412 12.84851 11.70538 10.55531 9.39891 8.23680 7.06965 5.89814 4.72295 3.54482 2.36445 1.18260 0.00000 
100.00000 99.27094 98.54216 97.81392 97.08649 96.36013 95.63511 94.91166 94.19004 93.47048 92.75319 92.03840 91.32629 90.61705 89.91085 89.20785 88.50819 87.81199 87.11937 86.43041 85.74520 85.06379 84.38623 83.71255 83.04277 82.37687 81.71485 81.05668 80.40229 79.75164 79.10466 78.46125 77.82131 77.18473 76.55139 75.92116 75.29388 74.66941 74.04756 73.42818 72.81108 72.19606 71.58291 70.97144 70.36143 69.75265 69.14488 68.53787 67.93138 67.32517 66.71899 66.11257 65.50565 64.89796 64.28924 63.67919 63.06755 62.45403 61.83834 61.22019 60.59928 59.97532 59.34801 58.71704 58.08212 57.44292 56.79916 56.15051 55.49666 54.83731 54.17213 53.50083 52.82307 52.13856 51.44698 50.74802 50.04137 49.32672 48.60378 47.87223 47.13178 46.38214 45.62303 44.85415 44.07524 43.28604 42.48627 41.67569 40.85407 40.02118 39.17680 38.32073 37.45279 36.57281 35.68063 34.77614 33.85920 32.92974 31.98769 31.03301 30.06568 29.08570 28.09314 27.08805 26.07053 25.04074 23.99882 22.94500 21.87950 20.80261 19.71465 18.61595 17.50692 16.38797 15.25957 14.12222 12.97645 11.82282 10.66195 9.49446 8.32100 7.14227 5.95897 4.77183 3.58160 2.38903 1.19491 0.00000 
100.00000 99.27255 98.54539 97.81878 97.09302 96.36836 95.64509 94.92345 94.20369 93.48606 92.77078 92.05807 91.34813 90.64116 89.93732 89.23677 88.53967 87.84612 87.15625 86.47014 85.78788 85.10952 84.43511 83.76467 83.09822 82.43575 81.77723 81.12264 80.47192 79.82501 79.18183 78.54228 77.90627 77.27368 76.64438 76.01822 75.39506 74.77474 74.15709 73.54193 72.92906 72.31830 71.70944 71.10225 70.49654 69.89206 69.28858 68.68587 68.08368 67.48176 66.87984 66.27768 65.67500 65.07152 64.46699 63.86111 63.25360 62.64418 62.03255 61.41842 60.80149 60.18146 59.55803 58.93089 58.29973 57.66424 57.02411 56.37903 55.72867 55.07273 54.41088 53.74280 53.06818 52.38669 51.69803 51.00186 50.29788 49.58577 48.86521 48.13590 47.39753 46.64979 45.89240 45.12506 44.34748 43.55938 42.76050 41.95057 41.12934 40.29657 39.45204 38.59553 37.72684 36.84579 35.95221 35.04596 34.12691 33.19497 32.25004 31.29208 30.32106 29.33699 28.33988 27.32981 26.30687 25.27118 24.22293 23.16230 22.08953 21.00491 19.90876 18.80142 17.68330 16.55483 15.41649 14.26880 13.11230 11.94758 10.77527 9.59602 8.41052 7.21950 6.02368 4.82383 3.62073 2.41519 1.20800 0.00000 
100.00000 99.27389 98.54806 97.82283 97.09846 96.37525 95.65347 94.93338 94.21526 93.49933 92.78585 92.07503 91.36709 90.66221 89.96057 89.26234 88.56767 87.87667 87.18946 86.50614 85.82677 85.15142 84.48014 83.81293 83.14982 82.49080 81.83583 81.18488 80.53789 79.89480 79.25552 78.61995 77.98799 77.35951 76.73438 76.11246 75.49359 74.87760 74.26432 73.65357 73.04514 72.43885 71.83447 71.23180 70.63061 70.03067 69.43174 68.83357 68.23593 67.63854 67.04117 66.44352 65.84535 65.24637 64.64631 64.04488 63.44179 62.83676 62.22949 61.61968 61.00703 60.39123 59.77199 59.14898 58.52190 57.89043 57.25425 56.61305 55.96650 55.31428 54.65607 53.99154 53.32037 52.64223 51.95680 51.26374 50.56274 49.85347 49.13561 48.40884 47.67285 46.92732 46.17194 45.40641 44.63043 43.84371 43.04597 42.23693 41.41634 40.58392 39.73945 38.88268 38.01342 37.13146 36.23662 35.32874 34.40768 33.47333 32.52558 31.56437 30.58966 29.60144 28.59972 27.58457 26.55606 25.51433 24.45952 23.39184 22.31152 21.21885 20.11415 18.99777 17.87012 16.73165 15.58285 14.42425 13.25642 12.07998 10.89557 9.70387 8.50562 7.30155 6.09244 4.87909 3.66233 2.44299 1.22193 0.00000 
100.00000 99.27493 98.55017 97.82602 97.10277 96.38073 95.66018 94.94140 94.22466 93.51022 92.79832 92.08919 91.38304 90.68009 89.98050 89.28445 88.59208 87.90352 87.21889 86.53827 85.86175 85.18938 84.52120 83.85723 83.19747 82.54192 81.89054 81.24329 80.60011 79.96092 79.32565 78.69417 78.06638 77.44216 76.82136 76.20383 75.58941 74.97793 74.36921 73.76306 73.15928 72.55767 71.95801 71.36007 70.76364 70.16848 69.57433 68.98097 68.38812 67.79554 67.20297 66.61012 66.01674 65.42253 64.82722 64.23053 63.63216 63.03181 62.42919 61.82400 61.21594 60.60468 59.98993 59.37137 58.74869 58.12155 57.48964 56.85265 56.21023 55.56206 54.90781 54.24716 53.57976 52.90529 52.22341 51.53378 50.83609 50.12998 49.41514 48.69123 47.95792 47.21489 46.46183 45.69841 44.92432 44.13926 43.34294 42.53506 41.71534 40.88351 40.03932 39.18252 38.31288 37.43019 36.53424 35.62487 34.70191 33.76523 32.81472 31.85030 30.87190 29.87951 28.87314 27.85281 26.81861 25.77066 24.70910 23.63412 22.54597 21.44492 20.33130 19.20547 18.06784 16.91887 15.75908 14.58900 13.40923 12.22040 11.02320 9.81834 8.60657 7.38867 6.16546 4.93779 3.70652 2.47253 1.23672 0.00000 
100.00000 99.27568 98.55168 97.82831 97.10590 96.38475 95.66516 94.94742 94.23182 93.51861 92.80807 92.10041 91.39588 90.69467 89.99697 89.30295 88.61276 87.92654 87.24439 86.56642 85.89269 85.22326 84.55817 83.89743 83.24104 82.58900 81.94126 81.29778 80.65848 80.02330 79.39212 78.76486 78.14138 77.52155 76.90523 76.29226 75.68246 75.07568 74.47171 73.87037 73.27145 72.67473 72.08001 71.48704 70.89561 70.30546 69.71636 69.12804 68.54026 67.95276 67.36525 66.77748 66.18916 65.60001 65.00975 64.41808 63.82472 63.22935 62.63170 62.03143 61.42826 60.82186 60.21192 59.59813 58.98015 58.35767 57.73036 57.09789 56.45993 55.81614 55.16619 54.50973 53.84644 53.17597 52.49798 51.81212 51.11806 50.41545 49.70395 48.98322 48.25292 47.51272 46.76228 46.00128 45.22938 44.44628 43.65166 42.84520 42.02663 41.19565 40.35199 39.49538 38.62557 37.74234 36.84546 35.93475 35.01002 34.07112 33.11793 32.15034 31.16828 30.17172 29.16063 28.13505 27.09505 26.04072 24.97220 23.88970 22.79343 21.68367 20.56075 19.42505 18.27698 17.11701 15.94566 14.76350 13.57115 12.36926 11.15855 9.93976 8.71368 7.48113 6.24298 5.00012 3.75344 2.50390 1.25243 0.00000 
100.00000 99.27611 98.55256 97.82967 97.10779 96.38723 95.66832 94.95135 94.23662 93.52440 92.81498 92.10858 91.40546 90.70581 90.00983 89.31770 88.62957 87.94557 87.26583 86.59042 85.91943 85.25291 84.59089 83.93339 83.28040 82.63191 81.98786 81.34821 80.71289 80.08180 79.45485 78.83192 78.21288 77.59760 76.98592 76.37767 75.77269 75.17079 74.57177 73.97545 73.38159 72.79000 72.20044 71.61268 71.02648 70.44161 69.85780 69.27480 68.69234 68.11018 67.52802 66.94559 66.36262 65.77882 65.19389 64.60755 64.01949 63.42942 62.83702 62.24200 61.64403 61.04280 60.43799 59.82928 59.21634 58.59885 57.97646 57.34885 56.71568 56.07660 55.43128 54.77937 54.12053 53.45440 52.78063 52.09888 51.40879 50.71001 50.00219 49.28498 48.55803 47.82098 47.07350 46.31523 45.54585 44.76501 43.97239 43.16766 42.35052 41.52066 40.67778 39.82160 38.95186 38.06830 37.17068 36.25880 35.33245 34.39146 33.43568 32.46500 31.47932 30.47857 29.46275 28.43185 27.38593 26.32507 25.24941 24.15914 23.05447 21.93568 20.80309 19.65709 18.49810 17.32660 16.14312 14.94827 13.74266 12.52700 11.30202 10.06851 8.82729 7.57924 6.32525 5.06627 3.80326 2.53720 1.26911 0.00000 
100.00000 99.27621 98.55277 97.83005 97.10838 96.38810 95.66956 94.95307 94.23894 93.52746 92.81891 92.11355 91.41162 90.71335 90.01892 89.32853 88.64233 87.96045 87.28301 86.61011 85.94182 85.27818 84.61922 83.96497 83.31540 82.67049 82.03020 81.39446 80.76320 80.13631 79.51370 78.89524 78.28079 77.67021 77.06334 76.45999 75.86001 75.26319 74.66933 74.07823 73.48967 72.90342 72.31926 71.73695 71.15624 70.57688 69.99862 69.42120 68.84435 68.26779 67.69126 67.11447 66.53714 65.95897 65.37967 64.79895 64.21650 63.63202 63.04520 62.45573 61.86328 61.26754 60.66819 60.06489 59.45732 58.84514 58.22801 57.60560 56.97755 56.34353 55.70319 55.05617 54.40212 53.74067 53.07149 52.39419 51.70843 51.01383 50.31004 49.59670 48.87343 48.13989 47.39570 46.64051 45.87396 45.09572 44.30542 43.50273 42.68731 41.85886 41.01704 40.16156 39.29213 38.40847 37.51033 36.59747 35.66967 34.72673 33.76849 32.79480 31.80555 30.80065 29.78007 28.74379 27.69186 26.62434 25.54135 24.44308 23.32973 22.20157 21.05893 19.90220 18.73180 17.54823 16.35204 15.14384 13.92429 12.69412 11.45408 10.20501 8.94778 7.68330 6.41254 5.13647 3.85613 2.57256 1.28682 0.00000 
100.00000 99.27596 98.55230 97.82938 97.10759 96.38727 95.66879 94.95247 94.23865 93.52763 92.81971 92.11514 91.41420 90.71710 90.02406 89.33525 88.65084 87.97098 87.29576 86.62530 85.95965 85.29886 84.64297 83.99197 83.34585 82.70459 82.06812 81.43637 80.80927 80.18670 79.56856 78.95470 78.34499 77.73928 77.13738 76.53913 75.94434 75.35280 74.76431 74.17865 73.59561 73.01495 72.43643 71.85981 71.28484 70.71126 70.13882 69.56724 68.99626 68.42560 67.85497 67.28410 66.71269 66.14045 65.56709 64.99229 64.41576 63.83719 63.25626 62.67265 62.08605 61.49612 60.90255 60.30499 59.70312 59.09659 58.48506 57.86819 57.24562 56.61701 55.98199 55.34021 54.69131 54.03491 53.37066 52.69818 52.01710 51.32705 50.62766 49.91854 49.19932 48.46963 47.72909 46.97733 46.21398 45.43866 44.65102 43.85070 43.03734 42.21059 41.37014 40.51564 39.64679 38.76330 37.86487 36.95125 36.02218 35.07746 34.11689 33.14030 32.14755 31.13854 30.11321 29.07152 28.01349 26.93918 25.84870 24.74220 23.61989 22.48204 21.32897 20.16106 18.97876 17.78256 16.57305 15.35083 14.11661 12.87114 11.61522 10.34972 9.07555 7.79369 6.50515 5.21097 3.91225 2.61008 1.30562 0.00000 
100.00000 99.27534 98.55108 97.82762 97.10534 96.38464 95.66588 94.94942 94.23560 93.52476 92.81719 92.11318 91.41300 90.71687 90.02503 89.33765 88.65490 87.97694 87.30386 86.63576 85.97272 85.31476 84.66193 84.01421 83.37158 82.73401 82.10144 81.47378 80.85094 80.23281 79.61926 79.01017 78.40536 77.80468 77.20795 76.61498 76.02557 75.43953 74.85663 74.27664 73.69935 73.12451 72.55188 71.98121 71.41223 70.84470 70.27834 69.71288 69.14805 68.58356 68.01913 67.45447 66.88929 66.32328 65.75615 65.18759 64.61728 64.04493 63.47020 62.89278 62.31235 61.72856 61.14110 60.54963 59.95379 59.35326 58.74768 58.13670 57.51996 56.89710 56.26777 55.63159 54.98820 54.33722 53.67827 53.01098 52.33496 51.64983 50.95520 50.25068 49.53589 48.81043 48.07391 47.32594 46.56614 45.79412 45.00949 44.21188 43.40091 42.57622 41.73745 40.88425 40.01628 39.13322 38.23476 37.32061 36.39050 35.44419 34.48146 33.50210 32.50595 31.49289 30.46283 29.41571 28.35153 27.27032 26.17217 25.05723 23.92569 22.77782 21.61393 20.43440 19.23968 18.03029 16.80681 15.56989 14.32025 13.05866 11.78599 10.50313 9.21106 7.91080 6.60342 5.29004 3.97182 2.64993 1.32558 0.00000 
100.00000 99.27433 98.54908 97.82468 97.10155 96.38009 95.66070 94.94376 94.22963 93.51866 92.81117 92.10745 91.40779 90.71243 90.02160 89.33549 88.65427 87.97809 87.30706 86.64127 85.98079 85.32566 84.67588 84.03147 83.39238 82.75857 82.12997 81.50649 80.88803 80.27447 79.66567 79.06149 78.46175 77.86629 77.27491 76.68742 76.10362 75.52329 74.94620 74.37212 73.80082 73.23205 72.66556 72.10109 71.53838 70.97716 70.41716 69.85810 69.29970 68.74167 68.18373 67.62557 67.06691 66.50744 65.94685 65.38483 64.82107 64.25525 63.68705 63.11615 62.54221 61.96490 61.38389 60.79883 60.20938 59.61519 59.01591 58.41117 57.80062 57.18389 56.56061 55.93040 55.29289 54.64770 53.99443 53.33271 52.66213 51.98230 51.29282 50.59330 49.88331 49.16247 48.43036 47.68658 46.93072 46.16237 45.38113 44.58661 43.77839 42.95611 42.11936 41.26778 40.40101 39.51869 38.62049 37.70609 36.77518 35.82750 34.86278 33.88081 32.88140 31.86438 30.82963 29.77708 28.70670 27.61849 26.51254 25.38896 24.24793 23.08971 21.91461 20.72301 19.51536 18.29219 17.05409 15.80174 14.53588 13.25733 11.96698 10.66580 9.35479 8.03506 6.70773 5.37399 4.03507 2.69223 1.34678 0.00000 
100.00000 99.27289 98.54624 97.82049 97.09610 96.37349 95.65310 94.93532 94.22054 93.50912 92.80141 92.09773 91.39835 90.70354 90.01353 89.32852 88.64869 87.97418 87.30512 86.64158 85.98362 85.33129 84.68459 84.04351 83.40801 82.77804 82.15351 81.53432 80.92037 80.31152 79.70762 79.10851 78.51402 77.92396 77.33814 76.75634 76.17836 75.60397 75.03293 74.46500 73.89994 73.33749 72.77740 72.21940 71.66322 71.10859 70.55523 70.00285 69.45117 68.89990 68.34874 67.79739 67.24555 66.69292 66.13918 65.58401 65.02712 64.46816 63.90681 63.34275 62.77565 62.20515 61.63093 61.05264 60.46992 59.88243 59.28980 58.69167 58.08767 57.47743 56.86057 56.23672 55.60547 54.96645 54.31926 53.66349 52.99875 52.32462 51.64070 50.94656 50.24179 49.52597 48.79868 48.05948 47.30796 46.54369 45.76624 44.97519 44.17012 43.35062 42.51627 41.66668 40.80145 39.92021 39.02258 38.10821 37.17678 36.22797 35.26150 34.27711 33.27458 32.25371 31.21436 30.15641 29.07981 27.98453 26.87064 25.73823 24.58746 23.41858 22.23188 21.02775 19.80664 18.56908 17.31568 16.04715 14.76425 13.46785 12.15887 10.83832 9.50730 8.16694 6.81846 5.46313 4.10225 2.73718 1.36929 0.00000 
100.00000 99.27100 98.54250 97.81496 97.08888 96.36471 95.64291 94.92391 94.20812 93.49593 92.78769 92.08375 91.38439 90.68990 90.00052 89.31645 88.63787 87.96492 87.29773 86.63638 85.98093 85.33140 84.68779 84.05009 83.41824 82.79218 82.17182 81.55705 80.94774 80.34374 79.74490 79.15105 78.56200 77.97755 77.39749 76.82161 76.24968 75.68146 75.11671 74.55518 73.99662 73.44076 72.88733 72.33607 71.78670 71.23894 70.69250 70.14709 69.60242 69.05820 68.51413 67.96989 67.42518 66.87970 66.33313 65.78515 65.23543 64.68366 64.12950 63.57262 63.01268 62.44934 61.88226 61.31108 60.73545 60.15501 59.56940 58.97825 58.38117 57.77780 57.16775 56.55063 55.92604 55.29359 54.65286 54.00346 53.34496 52.67694 51.99898 51.31065 50.61152 49.90114 49.17908 48.44490 47.69814 46.93836 46.16512 45.37797 44.57646 43.76014 42.92860 42.08138 41.21807 40.33826 39.44155 38.52755 37.59590 36.64625 35.67828 34.69169 33.68623 32.66166 31.61780 30.55451 29.47169 28.36931 27.24736 26.10595 24.94520 23.76535 22.56667 21.34955 20.11444 18.86187 17.59249 16.30699 15.00619 13.69099 12.36236 11.02137 9.66917 8.30698 6.93608 5.55783 4.17364 2.78494 1.39323 0.00000 
100.00000 99.26863 98.53779 97.80800 97.07977 96.35359 95.62996 94.90934 94.19215 93.47883 92.76974 92.06523 91.36564 90.67123 89.98226 89.29895 88.62148 87.94999 87.28460 86.62539 85.97241 85.32568 84.68519 84.05092 83.42280 82.80075 82.18467 81.57444 80.96992 80.37094 79.77735 79.18894 78.60553 78.02690 77.45283 76.88309 76.31744 75.75564 75.19744 74.64256 74.09076 73.54176 72.99527 72.45103 71.90876 71.36815 70.82892 70.29078 69.75343 69.21656 68.67987 68.14305 67.60579 67.06778 66.52869 65.98821 65.44600 64.90175 64.35510 63.80574 63.25332 62.69748 62.13789 61.57418 61.00600 60.43298 59.85475 59.27094 58.68117 58.08505 57.48220 56.87220 56.25467 55.62919 54.99534 54.35271 53.70087 53.03939 52.36783 51.68574 50.99267 50.28818 49.57180 48.84306 48.10152 47.34668 46.57809 45.79528 44.99776 44.18507 43.35675 42.51233 41.65135 40.77338 39.87796 38.96470 38.03316 37.08299 36.11380 35.12528 34.11710 33.08902 32.04080 30.97226 29.88326 28.77374 27.64366 26.49310 25.32215 24.13102 22.91999 21.68942 20.43977 19.17156 17.88546 16.58219 15.26259 13.92761 12.57826 11.21567 9.84107 8.45574 7.06107 5.65850 4.24954 2.83573 1.41868 0.00000 
100.00000 99.26574 98.53205 97.79949 97.06861 96.33995 95.61403 94.89135 94.17237 93.45753 92.74724 92.04187 91.34175 90.64718 89.95842 89.27570 88.59919 87.92905 87.26538 86.60826 85.95773 85.31382 84.67649 84.04571 83.42140 82.80347 82.19180 81.58625 80.98668 80.39290 79.80473 79.22198 78.64442 78.07183 77.50398 76.94063 76.38152 75.82639 75.27499 74.72705 74.18228 73.64040 73.10115 72.56421 72.02932 71.49616 70.96444 70.43387 69.90413 69.37492 68.84593 68.31685 67.78735 67.25713 66.72585 66.19319 65.65883 65.12242 64.58363 64.04213 63.49756 62.94958 62.39783 61.84195 61.28158 60.71635 60.14588 59.56980 58.98772 58.39925 57.80398 57.20152 56.59144 55.97335 55.34680 54.71137 54.06663 53.41212 52.74739 52.07198 51.38544 50.68728 49.97704 49.25423 48.51835 47.76893 47.00546 46.22745 45.43439 44.62580 43.80116 42.95998 42.10178 41.22607 40.33238 39.42024 38.48921 37.53887 36.56880 35.57863 34.56802 33.53664 32.48423 31.41057 30.31547 29.19882 28.06056 26.90071 25.71937 24.51669 23.29294 22.04846 20.78371 19.49922 18.19566 16.87378 15.53444 14.17863 12.80744 11.42204 10.02373 8.61389 7.19399 5.76559 4.33030 2.88979 1.44577 0.00000 
100.00000 99.26229 98.52519 97.78931 97.05526 96.32360 95.59490 94.86970 94.14848 93.43173 92.71987 92.01330 91.31236 90.61738 89.92862 89.24630 88.57061 87.90171 87.23968 86.58462 85.93655 85.29546 84.66134 84.03413 83.41373 82.80003 82.19291 81.59222 80.99777 80.40938 79.82685 79.24996 78.67848 78.11217 77.55079 76.99407 76.44176 75.89358 75.34926 74.80851 74.27106 73.73661 73.20486 72.67553 72.14831 71.62291 71.09901 70.57630 70.05449 69.53325 69.01227 68.49124 67.96983 67.44772 66.92457 66.40007 65.87388 65.34567 64.81508 64.28178 63.74542 63.20564 62.66209 62.11441 61.56222 61.00515 60.44283 59.87486 59.30086 58.72043 58.13315 57.53863 56.93644 56.32615 55.70733 55.07954 54.44233 53.79524 53.13781 52.46955 51.79000 51.09866 50.39504 49.67862 48.94892 48.20540 47.44754 46.67483 45.88674 45.08272 44.26226 43.42482 42.56987 41.69690 40.80538 39.89482 38.96472 38.01461 37.04403 36.05257 35.03981 34.00541 32.94904 31.87042 30.76933 29.64560 28.49915 27.32993 26.13801 24.92351 23.68669 22.42785 21.14745 19.84603 18.52424 17.18287 15.82282 14.44510 13.05086 11.64135 10.21794 8.78212 7.33544 5.87959 4.41629 2.94735 1.47463 0.00000 
100.00000 99.25822 98.51712 97.77733 97.03952 96.30431 95.57231 94.84408 94.12017 93.40108 92.68726 91.97914 91.27709 90.58142 89.89243 89.21034 88.53533 87.86756 87.20712 86.55408 85.90846 85.27024 84.63939 84.01583 83.39946 82.79014 82.18773 81.59205 81.00292 80.42013 79.84345 79.27266 78.70750 78.14772 77.59307 77.04326 76.49802 75.95706 75.42010 74.88685 74.35700 73.83026 73.30633 72.78491 72.26567 71.74832 71.23254 70.71803 70.20445 69.69150 69.17886 68.66620 68.15319 67.63952 67.12485 66.60884 66.09116 65.57147 65.04943 64.52469 63.99689 63.46567 62.93069 62.39157 61.84793 61.29941 60.74561 60.18615 59.62063 59.04864 58.46977 57.88361 57.28972 56.68768 56.07703 55.45732 54.82810 54.18890 53.53923 52.87860 52.20653 51.52250 50.82599 50.11649 49.39346 48.65636 47.90465 47.13777 46.35516 45.55626 44.74050 43.90732 43.05614 42.18642 41.29758 40.38907 39.46037 38.51094 37.54028 36.54791 35.53338 34.49627 33.43621 32.35285 31.24593 30.11523 28.96059 27.78194 26.57930 25.35276 24.10252 22.82889 21.53229 20.21326 18.87247 17.51071 16.12891 14.72814 13.30959 11.87460 10.42461 8.96122 7.48610 6.00104 4.50793 3.00871 1.50539 0.00000 
100.00000 99.25350 98.50772 97.76339 97.02120 96.28184 95.54596 94.81418 94.08708 93.36519 92.64901 91.93898 91.23548 90.53886 89.84941 89.16735 88.49289 87.82616 87.16724 86.51621 85.87305 85.23776 84.61026 83.99046 83.37824 82.77345 82.17592 81.58546 81.00186 80.42488 79.85430 79.28985 78.73128 78.17830 77.63065 77.08802 76.55014 76.01670 75.48740 74.96193 74.44000 73.92128 73.40547 72.89225 72.38131 71.87233 71.36500 70.85898 70.35397 69.84963 69.34564 68.84168 68.33741 67.83251 67.32664 66.81946 66.31064 65.79982 65.28667 64.77083 64.25195 63.72967 63.20362 62.67343 62.13873 61.59913 61.05425 60.50369 59.94705 59.38391 58.81387 58.23649 57.65135 57.05799 56.45596 55.84480 55.22404 54.59320 53.95178 53.29928 52.63519 51.95898 51.27011 50.56805 49.85224 49.12211 48.37708 47.61659 46.84002 46.04680 45.23631 44.40795 43.56111 42.69519 41.80957 40.90366 39.97688 39.02863 38.05836 37.06554 36.04965 35.01020 33.94677 32.85896 31.74642 30.60888 29.44613 28.25805 27.04458 25.80578 24.54182 23.25297 21.93963 20.60232 19.24172 17.85864 16.45403 15.02900 13.58481 12.12287 10.64473 9.15207 7.64671 6.13058 4.60570 3.07419 1.53821 0.00000 
100.00000 99.24805 98.49690 97.74732 97.00008 96.25592 95.51555 94.77964 94.04881 93.32364 92.60465 91.89232 91.18705 90.48919 89.79904 89.11685 88.44279 87.77701 87.11957 86.47053 85.82988 85.19757 84.57351 83.95760 83.34969 82.74961 82.15716 81.57213 80.99428 80.42337 79.85914 79.30130 78.74959 78.20370 77.66333 77.12819 76.59796 76.07234 75.55100 75.03364 74.51993 74.00955 73.50217 72.99749 72.49516 71.99487 71.49630 70.99911 70.50298 70.00758 69.51258 69.01764 68.52245 68.02665 67.52992 67.03191 66.53229 66.03069 65.52679 65.02021 64.51061 63.99762 63.48087 62.95999 62.43460 61.90432 61.36875 60.82750 60.28015 59.72629 59.16549 58.59734 58.02137 57.43715 56.84420 56.24206 55.63024 55.00825 54.37559 53.73173 53.07614 52.40828 51.72760 51.03353 50.32550 49.60291 48.86515 48.11163 47.34171 46.55476 45.75014 44.92721 44.08531 43.22379 42.34199 41.43927 40.51497 39.56847 38.59913 37.60636 36.58958 35.54823 34.48183 33.38989 32.27201 31.12784 29.95711 28.75962 27.53527 26.28406 25.00609 23.70162 22.37100 21.01474 19.63352 18.22815 16.79961 15.34907 13.87783 12.38739 10.87940 9.35566 7.81812 6.26888 4.71012 3.14413 1.57329 0.00000 
100.00000 99.24182 98.48451 97.72892 96.97589 96.22623 95.48070 94.74004 94.00491 93.27595 92.55369 91.83865 91.13125 90.43187 89.74079 89.05827 88.38449 87.71958 87.06359 86.41656 85.77845 85.14921 84.52872 83.91685 83.31342 82.71824 82.13109 81.55172 80.97989 80.41531 79.85770 79.30677 78.76220 78.22370 77.69093 77.16358 76.64133 76.12384 75.61079 75.10185 74.59668 74.09496 73.59635 73.10052 72.60713 72.11586 71.62638 71.13834 70.65143 70.16530 69.67961 69.19405 68.70826 68.22191 67.73466 67.24616 66.75608 66.26406 65.76975 65.27280 64.77284 64.26951 63.76243 63.25125 62.73556 62.21498 61.68912 61.15758 60.61993 60.07577 59.52466 58.96616 58.39983 57.82520 57.24181 56.64917 56.04679 55.43416 54.81076 54.17607 53.52952 52.87057 52.19864 51.51315 50.81348 50.09902 49.36915 48.62322 47.86057 47.08053 46.28243 45.46557 44.62926 43.77280 42.89547 41.99658 41.07540 40.13126 39.16345 38.17130 37.15418 36.11144 35.04252 33.94686 32.82398 31.67346 30.49494 29.28814 28.05290 26.78915 25.49695 24.17648 22.82806 21.45220 20.04953 18.62088 17.16726 15.68987 14.19009 12.66949 11.12984 9.57306 8.00127 6.41671 4.82177 3.21894 1.61080 0.00000 
100.00000 99.23473 98.47041 97.70798 96.94835 96.19242 95.44102 94.69493 93.95490 93.22157 92.49556 91.77739 91.06750 90.36628 89.67405 88.99103 88.31740 87.65329 86.99873 86.35373 85.71825 85.09218 84.47540 83.86774 83.26900 82.67895 82.09734 81.52390 80.95835 80.40039 79.84971 79.30598 78.76889 78.23808 77.71324 77.19401 76.68006 76.17104 75.66661 75.16643 74.67014 74.17741 73.68790 73.20125 72.71715 72.23523 71.75517 71.27663 70.79926 70.32273 69.84671 69.37084 68.89480 68.41823 67.94081 67.46218 66.98199 66.49989 66.01554 65.52857 65.03861 64.54531 64.04829 63.54718 63.04158 62.53111 62.01536 61.49394 60.96642 60.43238 59.89139 59.34300 58.78676 58.22220 57.64884 57.06620 56.47375 55.87100 55.25741 54.63242 53.99548 53.34601 52.68341 52.00709 51.31640 50.61071 49.88936 49.15167 48.39696 47.62451 46.83361 46.02353 45.19351 44.34281 43.47065 42.57629 41.65893 40.71783 39.75222 38.76135 37.74449 36.70095 35.63005 34.53116 33.40370 32.24717 31.06112 29.84519 28.59913 27.32279 26.01615 24.67935 23.31265 21.91651 20.49156 19.03863 17.55873 16.05310 14.52320 12.97069 11.39743 9.80552 8.19721 6.57494 4.94132 3.29907 1.65099 0.00000 
100.00000 99.22669 98.45442 97.68424 96.91714 96.15411 95.39604 94.64381 93.89820 93.15993 92.42964 91.70788 90.99513 90.29178 89.59814 88.91445 88.24087 87.57751 86.92438 86.28148 85.64871 85.02596 84.41306 83.80981 83.21598 82.63131 82.05552 81.48830 80.92934 80.37832 79.83488 79.29869 78.76940 78.24664 77.73007 77.21931 76.71400 76.21380 75.71833 75.22725 74.74019 74.25680 73.77672 73.29961 72.82512 72.35290 71.88261 71.41389 70.94641 70.47983 70.01380 69.54798 69.08203 68.61559 68.14834 67.67992 67.20997 66.73816 66.26412 65.78749 65.30791 64.82501 64.33843 63.84777 63.35265 62.85268 62.34745 61.83657 61.31960 60.79612 60.26569 59.72787 59.18218 58.62817 58.06533 57.49318 56.91120 56.31885 55.71560 55.10088 54.47412 53.83472 53.18207 52.51554 51.83447 51.13821 50.42605 49.69730 48.95123 48.18709 47.40412 46.60155 45.77858 44.93439 44.06818 43.17911 42.26634 41.32903 40.36636 39.37749 38.36161 37.31792 36.24566 35.14412 34.01260 32.85050 31.65727 30.43245 29.17571 27.88679 26.56559 25.21217 23.82674 22.40970 20.96164 19.48339 17.97597 16.44065 14.87896 13.29265 11.68372 10.05439 8.40712 6.74455 5.06952 3.38501 1.69411 0.00000 
100.00000 99.21760 98.43637 97.65743 96.88189 96.11084 95.34526 94.58609 93.83420 93.09035 92.35523 91.62941 90.91341 90.20761 89.51234 88.82782 88.15420 87.49156 86.83990 86.19916 85.56923 84.94997 84.34115 83.74256 83.15390 82.57490 82.00522 81.44454 80.89251 80.34876 79.81292 79.28463 78.76350 78.24915 77.74120 77.23927 76.74298 76.25195 75.76581 75.28419 74.80671 74.33301 73.86273 73.39550 72.93098 72.46880 72.00862 71.55008 71.09283 70.63654 70.18085 69.72541 69.26989 68.81394 68.35720 67.89934 67.44000 66.97882 66.51545 66.04953 65.58070 65.10858 64.63280 64.15298 63.66874 63.17967 62.68538 62.18545 61.67945 61.16697 60.64756 60.12076 59.58610 59.04312 58.49131 57.93016 57.35916 56.77777 56.18542 55.58155 54.96556 54.33685 53.69477 53.03868 52.36790 51.68174 50.97949 50.26039 49.52370 48.76863 47.99438 47.20011 46.38499 45.54814 44.68869 43.80574 42.89839 41.96572 41.00681 40.02075 39.00663 37.96356 36.89067 35.78714 34.65217 33.48503 32.28508 31.05174 29.78454 28.48314 27.14733 25.77708 24.37251 22.93396 21.46198 19.95736 18.42114 16.85463 15.25939 13.63728 11.99043 10.32123 8.63234 6.92664 5.20722 3.47736 1.74045 0.00000 
100.00000 99.20737 98.41602 97.62721 96.84219 96.06211 95.28808 94.52113 93.76219 93.01208 92.27154 91.54118 90.82152 90.11298 89.41585 88.73035 88.05662 87.39469 86.74455 86.10610 85.47918 84.86361 84.25912 83.66544 83.08227 82.50925 81.94603 81.39224 80.84749 80.31139 79.78353 79.26352 78.75093 78.24537 77.74644 77.25372 76.76682 76.28535 75.80891 75.33712 74.86959 74.40595 73.94582 73.48884 73.03464 72.58285 72.13313 71.68512 71.23846 70.79280 70.34779 69.90310 69.45836 69.01323 68.56736 68.12041 67.67201 67.22183 66.76949 66.31465 65.85693 65.39597 64.93138 64.46279 63.98982 63.51206 63.02910 62.54055 62.04597 61.54492 61.03698 60.52166 59.99852 59.46705 58.92677 58.37716 57.81768 57.24779 56.66693 56.07449 55.46989 54.85248 54.22163 53.57665 52.91685 52.24152 51.54990 50.84122 50.11470 49.36950 48.60477 47.81965 47.01324 46.18461 45.33282 44.45690 43.55588 42.62875 41.67452 40.69218 39.68070 38.63911 37.56643 36.46169 35.32399 34.15248 32.94637 31.70495 30.42764 29.11396 27.76359 26.37636 24.95231 23.49170 21.99501 20.46299 18.89666 17.29736 15.66672 14.00668 12.31951 10.60779 8.87439 7.12246 5.35538 3.57676 1.79034 0.00000 
100.00000 99.19585 98.39313 97.59324 96.79755 96.00735 95.22386 94.44819 93.68137 92.92428 92.17771 91.44230 90.71858 90.00697 89.30777 88.62118 87.94729 87.28611 86.63759 86.00157 85.37787 84.76623 84.16636 83.57792 83.00056 82.43389 81.87751 81.33100 80.79394 80.26589 79.74642 79.23508 78.73145 78.23509 77.74557 77.26247 76.78536 76.31384 75.84749 75.38591 74.92871 74.47551 74.02591 73.57953 73.13602 72.69499 72.25609 71.81895 71.38322 70.94855 70.51458 70.08097 69.64736 69.21341 68.77876 68.34307 67.90599 67.46715 67.02621 66.58281 66.13657 65.68713 65.23412 64.77716 64.31585 63.84979 63.37860 62.90184 62.41910 61.92994 61.43391 60.93056 60.41941 59.89996 59.37172 58.83417 58.28677 57.72895 57.16014 56.57975 55.98716 55.38171 54.76275 54.12958 53.48148 52.81771 52.13750 51.44004 50.72449 49.99001 49.23569 48.46062 47.66383 46.84436 46.00119 45.13328 44.23958 43.31901 42.37046 41.39283 40.38500 39.34587 38.27432 37.16929 36.02971 34.85461 33.64303 32.39414 31.10719 29.78155 28.41676 27.01252 25.56875 24.08558 22.56342 21.00296 19.40520 17.77148 16.10348 14.40324 12.67317 10.91606 9.13500 7.33344 5.51510 3.68395 1.84415 0.00000 
100.00000 99.18291 98.36742 97.55508 96.74743 95.94590 95.15183 94.36644 93.59085 92.82601 92.07275 91.33176 90.60357 89.88861 89.18714 88.49936 87.82530 87.16495 86.51818 85.88481 85.26457 84.65717 84.06224 83.47941 82.90825 82.34834 81.79921 81.26041 80.73147 80.21191 79.70126 79.19905 78.70481 78.21809 77.73841 77.26535 76.79844 76.33728 75.88142 75.43046 74.98398 74.54159 74.10290 73.66751 73.23505 72.80514 72.37742 71.95152 71.52708 71.10375 70.68117 70.25899 69.83686 69.41443 68.99136 68.56728 68.14186 67.71473 67.28555 66.85395 66.41957 65.98203 65.54098 65.09602 64.64677 64.19283 63.73381 63.26927 62.79881 62.32198 61.83834 61.34741 60.84874 60.34182 59.82614 59.30119 58.76641 58.22124 57.66510 57.09737 56.51742 55.92460 55.31822 54.69758 54.06192 53.41049 52.74248 52.05706 51.35336 50.63049 49.88749 49.12341 48.33724 47.52793 46.69441 45.83557 44.95027 44.03734 43.09558 42.12377 41.12070 40.08512 39.01580 37.91151 36.77106 35.59329 34.37710 33.12147 31.82549 30.48836 29.10944 27.68828 26.22463 24.71850 23.17018 21.58028 19.94975 18.27992 16.57251 14.82966 13.05392 11.24828 9.41612 7.56121 5.68764 3.79980 1.90233 0.00000 
100.00000 99.16838 98.33855 97.51226 96.69121 95.87701 95.07113 94.27493 93.48960 92.71619 91.95557 91.20845 90.47539 89.75678 89.05289 88.36385 87.68967 87.03027 86.38545 85.75497 85.13851 84.53570 83.94611 83.36930 82.80479 82.25208 81.71068 81.18006 80.65972 80.14912 79.64777 79.15516 78.67078 78.19414 77.72476 77.26217 76.80591 76.35553 75.91058 75.47064 75.03529 74.60412 74.17671 73.75269 73.33166 72.91324 72.49707 72.08277 71.66998 71.25834 70.84750 70.43711 70.02681 69.61626 69.20510 68.79299 68.37959 67.96452 67.54746 67.12802 66.70586 66.28061 65.85189 65.41933 64.98253 64.54112 64.09467 63.64278 63.18503 62.72098 62.25018 61.77217 61.28647 60.79258 60.28999 59.77818 59.25659 58.72465 58.18177 57.62734 57.06070 56.48118 55.88810 55.28072 54.65828 54.01998 53.36501 52.69250 52.00154 51.29120 50.56050 49.80842 49.03389 48.23582 47.41306 46.56443 45.68869 44.78459 43.85084 42.88609 41.88901 40.85821 39.79233 38.68998 37.54980 36.37046 35.15067 33.88923 32.58501 31.23703 29.84443 28.40658 26.92304 25.39366 23.81857 22.19827 20.53364 18.82597 17.07701 15.28898 13.46460 11.60705 9.72003 7.80765 5.87445 3.92530 1.96537 0.00000 
100.00000 99.15206 98.30614 97.46420 96.62817 95.79981 94.98078 94.17256 93.37647 92.59361 91.82492 91.07113 90.33279 89.61029 88.90385 88.21354 87.53933 86.88105 86.23845 85.61119 84.99888 84.40108 83.81728 83.24696 82.68959 82.14461 81.61145 81.08953 80.57830 80.07719 79.58565 79.10313 78.62910 78.16303 77.70442 77.25278 76.80761 76.36846 75.93486 75.50636 75.08255 74.66299 74.24728 73.83501 73.42579 73.01924 72.61498 72.21264 71.81185 71.41227 71.01352 70.61527 70.21715 69.81882 69.41994 69.02015 68.61911 68.21647 67.81187 67.40497 66.99540 66.58279 66.16679 65.74701 65.32307 64.89457 64.46112 64.02231 63.57771 63.12688 62.66939 62.20476 61.73252 61.25217 60.76321 60.26508 59.75726 59.23914 58.71015 58.16965 57.61698 57.05147 56.47241 55.87905 55.27061 54.64628 54.00520 53.34649 52.66922 51.97239 51.25500 50.51598 49.75420 48.96851 48.15770 47.32049 46.45558 45.56161 44.63718 43.68084 42.69111 41.66648 40.60541 39.50636 38.36778 37.18815 35.96598 34.69983 33.38837 32.03037 30.62475 29.17062 27.66735 26.11457 24.51222 22.86064 21.16061 19.41335 17.62062 15.78470 13.90846 11.99533 10.04930 8.07492 6.07721 4.06160 2.03386 0.00000 
100.00000 99.13373 98.26974 97.41027 96.55745 95.71330 94.87963 94.05810 93.25012 92.45690 91.67940 90.91839 90.17440 89.44778 88.73871 88.04719 87.37311 86.71621 86.07615 85.45252 84.84482 84.25252 83.67503 83.11177 82.56210 82.02540 81.50105 80.98841 80.48686 79.99579 79.51460 79.04271 78.57956 78.12457 77.67723 77.23702 76.80342 76.37595 75.95413 75.53752 75.12567 74.71814 74.31452 73.91439 73.51737 73.12307 72.73109 72.34108 71.95267 71.56549 71.17919 70.79342 70.40783 70.02208 69.63582 69.24870 68.86037 68.47051 68.07874 67.68473 67.28811 66.88852 66.48561 66.07900 65.66830 65.25312 64.83308 64.40776 63.97674 63.53959 63.09587 62.64510 62.18682 61.72053 61.24571 60.76184 60.26834 59.76466 59.25017 58.72425 58.18624 57.63544 57.07114 56.49258 55.89895 55.28944 54.66315 54.01918 53.35655 52.67427 51.97125 51.24640 50.49854 49.72644 48.92882 48.10435 47.25163 46.36919 45.45553 44.50907 43.52821 42.51127 41.45656 40.36235 39.22690 38.04846 36.82533 35.55582 34.23833 32.87138 31.45361 29.98387 28.46124 26.88508 25.25513 23.57152 21.83484 20.04625 18.20744 16.32077 14.38923 12.41651 10.40695 8.36555 6.29788 4.21002 2.10847 0.00000 
100.00000 99.11312 98.22884 97.34969 96.47809 95.61631 94.76638 93.93011 93.10905 92.30449 91.51744 90.74866 89.99868 89.26778 88.55607 87.86346 87.18975 86.53458 85.89750 85.27798 84.67543 84.08920 83.51864 82.96304 82.42171 81.89393 81.37902 80.87627 80.38502 79.90459 79.43435 78.97366 78.52193 78.07858 77.64303 77.21474 76.79319 76.37788 75.96832 75.56404 75.16458 74.76950 74.37838 73.99080 73.60637 73.22468 72.84537 72.46806 72.09237 71.71796 71.34446 70.97153 70.59882 70.22598 69.85268 69.47858 69.10332 68.72657 68.34799 67.96722 67.58392 67.19772 66.80827 66.41520 66.01813 65.61668 65.21046 64.79905 64.38205 63.95902 63.52952 63.09310 62.64927 62.19754 61.73741 61.26833 60.78975 60.30109 59.80175 59.29107 58.76840 58.23305 57.68427 57.12129 56.54331 55.94948 55.33890 54.71063 54.06367 53.39698 52.70946 51.99994 51.26721 50.50998 49.72691 48.91657 48.07748 47.20808 46.30675 45.37180 44.40146 43.39391 42.34728 41.25965 40.12906 38.95354 37.73112 36.45984 35.13783 33.76327 32.33451 30.85007 29.30869 27.70944 26.05175 24.33549 22.56104 20.72938 18.84215 16.90172 14.91121 12.87455 10.79647 8.68246 6.53874 4.37215 2.19000 0.00000 
100.00000 99.08992 98.18281 97.28156 96.38894 95.50748 94.63948 93.78692 92.95151 92.13460 91.33724 90.56018 89.80391 89.06863 88.35435 87.66089 86.98791 86.33491 85.70134 85.08653 84.48977 83.91030 83.34735 82.80013 82.26783 81.74968 81.24490 80.75273 80.27243 79.80329 79.34462 78.89575 78.45603 78.02487 77.60165 77.18582 76.77684 76.37418 75.97734 75.58584 75.19921 74.81701 74.43881 74.06418 73.69273 73.32405 72.95778 72.59352 72.23093 71.86963 71.50929 71.14954 70.79005 70.43048 70.07049 69.70974 69.34789 68.98461 68.61956 68.25239 67.88275 67.51031 67.13469 66.75554 66.37249 65.98515 65.59314 65.19607 64.79351 64.38504 63.97023 63.54862 63.11974 62.68310 62.23818 61.78446 61.32137 60.84835 60.36477 59.87001 59.36338 58.84419 58.31170 57.76512 57.20364 56.62639 56.03246 55.42088 54.79063 54.14063 53.46975 52.77679 52.06048 51.31947 50.55235 49.75763 48.93373 48.07900 47.19170 46.27000 45.31200 44.31572 43.27909 42.19999 41.07624 39.90560 38.68583 37.41467 36.08992 34.70943 33.27115 31.77324 30.21406 28.59229 26.90699 25.15769 23.34448 21.46812 19.53011 17.53278 15.47936 13.37404 11.22193 9.02910 6.80250 4.54982 2.27940 0.00000 
100.00000 99.06374 98.13091 97.20483 96.28863 95.38522 94.49714 93.62663 92.77549 91.94518 91.13676 90.35096 89.58817 88.84852 88.13187 87.43790 86.76611 86.11588 85.48647 84.87709 84.28687 83.71494 83.16040 82.62235 82.09988 81.59214 81.09825 80.61740 80.14878 79.69162 79.24518 78.80876 78.38168 77.96329 77.55298 77.15016 76.75427 76.36476 75.98112 75.60287 75.22953 74.86064 74.49577 74.13450 73.77642 73.42114 73.06827 72.71745 72.36830 72.02048 71.67363 71.32742 70.98149 70.63552 70.28918 69.94212 69.59402 69.24455 68.89337 68.54014 68.18453 67.82619 67.46476 67.09991 66.73125 66.35842 65.98103 65.59869 65.21100 64.81754 64.41787 64.01155 63.59810 63.17705 62.74788 62.31007 61.86306 61.40627 60.93911 60.46092 59.97104 59.46876 58.95333 58.42397 57.87986 57.32010 56.74377 56.14990 55.53743 54.90527 54.25224 53.57710 52.87854 52.15517 51.40549 50.62796 49.82090 48.98257 48.11112 47.20458 46.26090 45.27794 44.25344 43.18506 42.07036 40.90685 39.69198 38.42316 37.09782 35.71341 34.26748 32.75773 31.18208 29.53872 27.82627 26.04383 24.19110 22.26854 20.27740 18.21995 16.09945 13.92032 11.68811 9.40952 7.09233 4.74525 2.37779 0.00000 
100.00000 99.03415 98.07227 97.11821 96.17556 95.24762 94.33728 93.44697 92.57867 91.73389 90.91370 90.11875 89.34934 88.60544 87.88675 87.19277 86.52281 85.87607 85.25164 84.64853 84.06575 83.50226 82.95703 82.42904 81.91728 81.42080 80.93864 80.46991 80.01373 79.56930 79.13581 78.71252 78.29872 77.89373 77.49692 77.10767 76.72540 76.34956 75.97962 75.61509 75.25549 74.90035 74.54924 74.20173 73.85742 73.51592 73.17683 72.83980 72.50446 72.17047 71.83746 71.50512 71.17309 70.84106 70.50869 70.17566 69.84164 69.50631 69.16934 68.83040 68.48915 68.14527 67.79840 67.44820 67.09430 66.73636 66.37398 66.00679 65.63439 65.25636 64.87228 64.48171 64.08419 63.67923 63.26634 62.84499 62.41463 61.97470 61.52458 61.06364 60.59121 60.10658 59.60900 59.09769 58.57181 58.03048 57.47274 56.89761 56.30403 55.69087 55.05692 54.40092 53.72151 53.01725 52.28659 51.52790 50.73944 49.91936 49.06569 48.17637 47.24917 46.28178 45.27175 44.21650 43.11336 41.95953 40.75213 39.48823 38.16483 36.77896 35.32768 33.80818 32.21783 30.55428 28.81558 27.00029 25.10761 23.13755 21.09106 18.97018 16.77820 14.51970 12.20070 9.82857 7.41205 4.96107 2.48651 0.00000 
100.00000 99.00060 98.00583 97.02017 96.04779 95.09245 94.15739 93.24532 92.35835 91.49805 90.66543 89.86105 89.08503 88.33717 87.61696 86.92365 86.25634 85.61400 84.99551 84.39971 83.82539 83.27138 82.73648 82.21955 81.71949 81.23520 80.76567 80.30993 79.86703 79.43610 79.01631 78.60687 78.20703 77.81609 77.43338 77.05828 76.69019 76.32854 75.97281 75.62248 75.27708 74.93613 74.59920 74.26587 73.93572 73.60838 73.28345 72.96057 72.63939 72.31957 72.00075 71.68260 71.36481 71.04704 70.72898 70.41030 70.09069 69.76983 69.44740 69.12308 68.79653 68.46745 68.13548 67.80029 67.46153 67.11885 66.77187 66.42022 66.06352 65.70135 65.33331 64.95894 64.57782 64.18946 63.79336 63.38903 62.97590 62.55342 62.12098 61.67796 61.22368 60.75745 60.27851 59.78609 59.27933 58.75735 58.21920 57.66388 57.09031 56.49734 55.88376 55.24825 54.58943 53.90581 53.19580 52.45769 51.68967 50.88980 50.05602 49.18610 48.27771 47.32834 46.33534 45.29591 44.20711 43.06583 41.86886 40.61285 39.29438 37.90997 36.45616 34.92952 33.32682 31.64503 29.88152 28.03416 26.10152 24.08301 21.97912 19.79155 17.52347 15.17961 12.76641 10.29202 7.76625 5.20045 2.60720 0.00000 
100.00000 98.96242 97.93029 96.90887 95.90300 94.91700 93.95454 93.01859 92.11140 91.23454 90.38894 89.57500 88.79261 88.04130 87.32030 86.62857 85.96495 85.32813 84.71676 84.12944 83.56479 83.02142 82.49802 81.99327 81.50596 81.03491 80.57899 80.13716 79.70843 79.29185 78.88654 78.49169 78.10652 77.73029 77.36232 77.00196 76.64862 76.30170 75.96069 75.62505 75.29430 74.96799 74.64567 74.32691 74.01133 73.69852 73.38811 73.07975 72.77308 72.46776 72.16346 71.85985 71.55661 71.25343 70.94999 70.64599 70.34110 70.03503 69.72746 69.41808 69.10657 68.79262 68.47589 68.15607 67.83280 67.50574 67.17454 66.83882 66.49822 66.15233 65.80075 65.44305 65.07880 64.70752 64.32875 63.94196 63.54663 63.14220 62.72807 62.30363 61.86821 61.42112 60.96162 60.48891 60.00216 59.50049 58.98293 58.44849 57.89607 57.32452 56.73260 56.11898 55.48224 54.82085 54.13318 53.41747 52.67183 51.89424 51.08254 50.23438 49.34729 48.41858 47.44542 46.42476 45.35339 44.22789 43.04468 41.79998 40.48991 39.11044 37.65749 36.12699 34.51494 32.81754 31.03134 29.15336 27.18133 25.11390 22.95087 20.69345 18.34453 15.90888 13.39334 10.80685 8.16050 5.46729 2.74185 0.00000 
100.00000 98.91879 97.84406 96.78201 95.73834 94.71802 93.72519 92.76311 91.83413 90.93978 90.08083 89.25742 88.46913 87.71517 86.99439 86.30544 85.64679 85.01686 84.41400 83.83656 83.28294 82.75157 82.24094 81.74962 81.27625 80.81954 80.37829 79.95138 79.53774 79.13638 78.74640 78.36691 77.99713 77.63630 77.28372 76.93872 76.60069 76.26906 75.94326 75.62280 75.30718 74.99595 74.68865 74.38489 74.08425 73.78635 73.49083 73.19733 72.90551 72.61503 72.32558 72.03682 71.74846 71.46018 71.17168 70.88265 70.59280 70.30183 70.00944 69.71532 69.41916 69.12067 68.81952 68.51539 68.20795 67.89688 67.58182 67.26242 66.93831 66.60911 66.27441 65.93382 65.58690 65.23320 64.87224 64.50353 64.12656 63.74077 63.34558 62.94038 62.52452 62.09731 61.65801 61.20586 60.74002 60.25959 59.76365 59.25116 58.72105 58.17216 57.60322 57.01291 56.39977 55.76225 55.09868 54.40725 53.68601 52.93288 52.14558 51.32167 50.45854 49.55335 48.60305 47.60439 46.55386 45.44772 44.28202 43.05255 41.75488 40.38442 38.93642 37.40604 35.78843 34.07889 32.27296 30.36663 28.35658 26.24042 24.01703 21.68687 19.25234 16.71807 14.09121 11.38156 8.60161 5.76636 2.89293 0.00000 
100.00000 98.86868 97.74514 96.63679 95.55034 94.49156 93.46512 92.47455 91.52226 90.60965 89.73721 88.90473 88.11137 87.35588 86.63670 85.95202 85.29996 84.67855 84.08585 83.51991 82.97890 82.46103 81.96461 81.48807 81.02992 80.58877 80.16332 79.75237 79.35482 78.96962 78.59581 78.23251 77.87887 77.53415 77.19760 76.86858 76.54646 76.23064 75.92060 75.61580 75.31577 75.02005 74.72820 74.43982 74.15451 73.87189 73.59161 73.31332 73.03669 72.76138 72.48709 72.21351 71.94032 71.66725 71.39398 71.12024 70.84573 70.57016 70.29324 70.01469 69.73420 69.45147 69.16622 68.87811 68.58685 68.29211 67.99355 67.69083 67.38359 67.07147 66.75408 66.43102 66.10188 65.76622 65.42358 65.07347 64.71540 64.34883 63.97319 63.58788 63.19226 62.78566 62.36736 61.93660 61.49254 61.03431 60.56098 60.07154 59.56491 59.03991 58.49531 57.92974 57.34175 56.72978 56.09211 55.42690 54.73217 54.00574 53.24528 52.44826 51.61192 50.73328 49.80911 48.83593 47.80998 46.72718 45.58319 44.37335 43.09270 41.73600 40.29777 38.77234 37.15391 35.43668 33.61502 31.68366 29.63795 27.47418 25.18998 22.78469 20.25991 17.61988 14.87188 12.02657 9.09803 6.10361 3.06350 0.00000 
100.00000 98.81079 97.63104 96.46967 95.33468 94.23277 93.16919 92.14772 91.17073 90.23936 89.35367 88.51293 87.71576 86.96033 86.24452 85.56603 84.92251 84.31159 83.73096 83.17839 82.65175 82.14907 81.66846 81.20819 80.76665 80.34234 79.93390 79.54004 79.15961 78.79152 78.43479 78.08849 77.75178 77.42387 77.10404 76.79162 76.48598 76.18654 75.89275 75.60410 75.32012 75.04035 74.76437 74.49176 74.22216 73.95519 73.69050 73.42775 73.16663 72.90681 72.64799 72.38987 72.13217 71.87459 71.61686 71.35869 71.09980 70.83993 70.57878 70.31608 70.05155 69.78491 69.51585 69.24410 68.96933 68.69125 68.40953 68.12384 67.83385 67.53919 67.23950 66.93440 66.62347 66.30631 65.98247 65.65147 65.31284 64.96605 64.61056 64.24577 63.87107 63.48581 63.08927 62.68070 62.25931 61.82422 61.37451 60.90920 60.42719 59.92735 59.40843 58.86906 58.30781 57.72307 57.11314 56.47615 55.81007 55.11270 54.38162 53.61423 52.80765 51.95879 51.06424 50.12031 49.12298 48.06788 46.95026 45.76500 44.50660 43.16915 41.74638 40.23168 38.61820 36.89892 35.06681 33.11507 31.03741 28.82842 26.48402 24.00203 21.38276 18.62965 15.74988 12.75483 9.66033 6.48654 3.25748 0.00000 
100.00000 98.74346 97.49855 96.27619 95.08596 93.93566 92.83117 91.77643 90.77361 89.82339 88.92521 88.07760 87.27844 86.52518 85.81504 85.14511 84.51250 83.91438 83.34805 82.81096 82.30071 81.81508 81.35201 80.90962 80.48619 80.08011 79.68994 79.31434 78.95211 78.60214 78.26339 77.93495 77.61594 77.30558 77.00314 76.70795 76.41938 76.13685 75.85984 75.58782 75.32034 75.05694 74.79723 74.54079 74.28726 74.03628 73.78752 73.54064 73.29534 73.05131 72.80826 72.56591 72.32397 72.08218 71.84026 71.59794 71.35496 71.11105 70.86595 70.61940 70.37112 70.12084 69.86828 69.61317 69.35521 69.09411 68.82957 68.56126 68.28886 68.01203 67.73043 67.44368 67.15139 66.85317 66.54859 66.23720 65.91852 65.59207 65.25730 64.91366 64.56054 64.19731 63.82328 63.43772 63.03985 62.62882 62.20373 61.76361 61.30739 60.83395 60.34205 59.83035 59.29740 58.74163 58.16130 57.55455 56.91934 56.25342 55.55434 54.81943 54.04573 53.23004 52.36880 51.45815 50.49381 49.47113 48.38500 47.22985 45.99959 44.68765 43.28694 41.78985 40.18834 38.47402 36.63825 34.67243 32.56823 30.31808 27.91567 25.35666 22.63945 19.76610 16.74317 13.58255 10.30191 6.92476 3.47986 0.00000 
100.00000 98.66448 97.34352 96.05060 94.79730 93.59274 92.44340 91.35322 90.32392 89.35540 88.44620 87.59384 86.79524 86.04695 85.34537 84.68689 84.06802 83.48541 82.93595 82.41673 81.92508 81.45856 81.01493 80.59216 80.18841 79.80201 79.43145 79.07533 78.73242 78.40157 78.08176 77.77202 77.47151 77.17943 76.89505 76.61771 76.34680 76.08173 75.82199 75.56707 75.31653 75.06994 74.82688 74.58698 74.34988 74.11523 73.88272 73.65203 73.42286 73.19491 72.96792 72.74161 72.51572 72.28997 72.06413 71.83793 71.61112 71.38345 71.15467 70.92452 70.69276 70.45913 70.22336 69.98518 69.74432 69.50051 69.25345 69.00284 68.74838 68.48974 68.22659 67.95858 67.68533 67.40648 67.12160 66.83028 66.53207 66.22647 65.91300 65.59110 65.26020 64.91968 64.56889 64.20712 63.83361 63.44755 63.04806 62.63418 62.20489 61.75908 61.29554 60.81295 60.30989 59.78479 59.23594 58.66149 58.05937 57.42735 56.76295 56.06346 55.32587 54.54688 53.72284 52.84971 51.92303 50.93788 49.88882 48.76983 47.57430 46.29497 44.92390 43.45246 41.87133 40.17058 38.33978 36.36818 34.24502 31.96001 29.50395 26.86951 24.05231 21.05213 17.87416 14.53030 11.04002 7.43074 3.73722 0.00000 
100.00000 98.57096 97.16045 95.78539 94.45991 93.19462 91.99649 90.86915 89.81346 88.82813 87.91035 87.05634 86.26175 85.52204 84.83263 84.18910 83.58730 83.02333 82.49364 81.99497 81.52437 81.07919 80.65702 80.25572 79.87333 79.50814 79.15855 78.82317 78.50071 78.19003 77.89008 77.59993 77.31871 77.04563 76.77999 76.52112 76.26842 76.02134 75.77937 75.54202 75.30885 75.07945 74.85344 74.63044 74.41011 74.19213 73.97618 73.76197 73.54921 73.33764 73.12698 72.91698 72.70738 72.49795 72.28844 72.07860 71.86821 71.65703 71.44482 71.23135 71.01636 70.79963 70.58091 70.35994 70.13647 69.91023 69.68096 69.44836 69.21215 68.97203 68.72769 68.47878 68.22496 67.96588 67.70114 67.43034 67.15306 66.86884 66.57719 66.27761 65.96954 65.65240 65.32555 64.98833 64.64000 64.27978 63.90683 63.52022 63.11898 62.70200 62.26814 61.81609 61.34447 60.85175 60.33625 59.79613 59.22936 58.63371 58.00671 57.34563 56.64745 55.90881 55.12600 54.29486 53.41077 52.46859 51.46260 50.38638 49.23285 47.99407 46.66127 45.22478 43.67396 41.99723 40.18214 38.21550 36.08368 33.77303 31.27062 28.56512 25.64817 22.51595 19.17107 15.62448 11.89714 8.02095 4.03828 0.00000 
100.00000 98.45892 96.94192 95.47061 94.06235 92.72935 91.47878 90.31344 89.23265 88.23331 87.31075 86.45942 85.67342 84.94685 84.27402 83.64963 83.06877 82.52701 82.02034 81.54516 81.09827 80.67683 80.27829 79.90039 79.54112 79.19869 78.87150 78.55812 78.25727 77.96780 77.68867 77.41896 77.15781 76.90445 76.65820 76.41840 76.18449 75.95591 75.73218 75.51284 75.29746 75.08565 74.87704 74.67129 74.46806 74.26705 74.06796 73.87052 73.67446 73.47951 73.28544 73.09200 72.89895 72.70607 72.51313 72.31990 72.12617 71.93172 71.73631 71.53974 71.34178 71.14220 70.94078 70.73728 70.53145 70.32306 70.11185 69.89756 69.67991 69.45863 69.23341 69.00395 68.76993 68.53100 68.28680 68.03695 67.78106 67.51869 67.24939 66.97267 66.68802 66.39488 66.09266 65.78071 65.45834 65.12481 64.77931 64.42097 64.04884 63.66188 63.25896 62.83886 62.40022 61.94155 61.46124 60.95748 60.42828 59.87147 59.28459 58.66495 58.00953 57.31498 56.57753 55.79299 54.95663 54.06316 53.10662 52.08030 50.97666 49.78720 48.50237 47.11147 45.60253 43.96227 42.17607 40.22803 38.10117 35.77784 33.24038 30.47220 27.45931 24.19245 20.66969 16.89940 12.90314 8.71763 4.39495 0.00000 
100.00000 98.32280 96.67770 95.09280 93.58952 92.18164 90.87588 89.67318 88.57040 87.56174 86.63994 85.79720 85.02568 84.31792 83.66700 83.06663 82.51117 81.99563 81.51556 81.06709 80.64677 80.25161 79.87895 79.52646 79.19209 78.87403 78.57067 78.28058 78.00249 77.73527 77.47790 77.22947 76.98916 76.75623 76.53000 76.30986 76.09526 75.88568 75.68065 75.47974 75.28255 75.08870 74.89785 74.70967 74.52385 74.34010 74.15816 73.97776 73.79864 73.62058 73.44334 73.26669 73.09042 72.91432 72.73817 72.56178 72.38492 72.20741 72.02904 71.84960 71.66888 71.48669 71.30280 71.11700 70.92907 70.73878 70.54590 70.35018 70.15138 69.94922 69.74345 69.53376 69.31987 69.10145 68.87817 68.64968 68.41560 68.17554 67.92906 67.67573 67.41505 67.14651 66.86955 66.58356 66.28790 65.98186 65.66470 65.33557 64.99359 64.63777 64.26703 63.88022 63.47603 63.05305 62.60972 62.14430 61.65488 61.13933 60.59528 60.02008 59.41079 58.76407 58.07620 57.34297 56.55964 55.72083 54.82046 53.85158 52.80633 51.67574 50.44957 49.11622 47.66244 46.07327 44.33186 42.41940 40.31516 37.99680 35.44089 32.62399 29.52443 26.12486 22.41584 18.40030 14.09838 9.55149 4.82391 0.00000 
100.00000 98.15459 96.35328 94.63337 93.02129 91.53184 90.16991 88.93303 87.81405 86.80330 85.89010 85.06377 84.31420 83.63218 83.00945 82.43874 81.91369 81.42879 80.97923 80.56088 80.17015 79.80391 79.45946 79.13445 78.82680 78.53472 78.25661 77.99108 77.73688 77.49292 77.25822 77.03190 76.81317 76.60134 76.39575 76.19583 76.00106 75.81095 75.62506 75.44299 75.26435 75.08881 74.91604 74.74574 74.57762 74.41141 74.24687 74.08376 73.92183 73.76088 73.60070 73.44106 73.28179 73.12267 72.96353 72.80416 72.64439 72.48403 72.32289 72.16078 71.99752 71.83292 71.66678 71.49891 71.32910 71.15715 70.98284 70.80595 70.62625 70.44350 70.25745 70.06784 69.87439 69.67682 69.47481 69.26805 69.05618 68.83885 68.61566 68.38619 68.15000 67.90662 67.65551 67.39613 67.12788 66.85010 66.56209 66.26308 65.95222 65.62861 65.29123 64.93900 64.57068 64.18495 63.78033 63.35516 62.90764 62.43573 61.93715 61.40936 60.84950 60.25435 59.62026 58.94309 58.21816 57.44011 56.60282 55.69926 54.72137 53.65986 52.50400 51.24140 49.85776 48.33654 46.65873 44.80255 42.74330 40.45333 37.90238 35.05846 31.88958 28.36673 24.46851 20.18759 15.53859 10.56603 5.34919 0.00000 
100.00000 97.94227 95.94745 94.06613 92.33042 90.75454 89.33890 88.07497 86.94949 85.94733 85.05340 84.25358 83.53520 82.88717 82.29990 81.76521 81.27609 80.82661 80.41172 80.02709 79.66905 79.33445 79.02058 78.72510 78.44598 78.18146 77.93000 77.69027 77.46107 77.24135 77.03020 76.82677 76.63034 76.44024 76.25587 76.07670 75.90224 75.73204 75.56570 75.40283 75.24310 75.08620 74.93181 74.77967 74.62952 74.48111 74.33421 74.18861 74.04410 73.90048 73.75755 73.61513 73.47304 73.33111 73.18915 73.04701 72.90450 72.76148 72.61776 72.47317 72.32756 72.18075 72.03256 71.88281 71.73133 71.57793 71.42241 71.26458 71.10422 70.94113 70.77507 70.60581 70.43310 70.25667 70.07626 69.89157 69.70228 69.50807 69.30857 69.10342 68.89221 68.67449 68.44980 68.21763 67.97744 67.72862 67.47053 67.20247 66.92366 66.63326 66.33034 66.01389 65.68279 65.33579 64.97151 64.58843 64.18484 63.75883 63.30827 62.83075 62.32355 61.78360 61.20742 60.59101 59.92983 59.21866 58.45147 57.62129 56.72006 55.73835 54.66518 53.48766 52.19067 50.75641 49.16397 47.38879 45.40217 43.17084 40.65686 37.81791 34.60871 30.98398 26.90389 22.34295 17.30238 11.82486 6.00683 0.00000 
100.00000 97.66703 95.42815 93.35327 91.47972 89.81701 88.35617 87.07849 85.96160 84.98315 84.12260 83.36195 82.68586 82.08140 81.53780 81.04611 80.59887 80.18988 79.81395 79.46672 79.14454 78.84429 78.56333 78.29941 78.05057 77.81516 77.59171 77.37896 77.17580 76.98126 76.79448 76.61468 76.44121 76.27344 76.11083 75.95290 75.79920 75.64931 75.50289 75.35958 75.21908 75.08110 74.94537 74.81166 74.67971 74.54933 74.42030 74.29243 74.16552 74.03942 73.91394 73.78891 73.66419 73.53960 73.41501 73.29026 73.16519 73.03967 72.91353 72.78665 72.65885 72.53000 72.39993 72.26850 72.13554 72.00088 71.86435 71.72578 71.58498 71.44177 71.29593 71.14727 70.99556 70.84056 70.68204 70.51973 70.35335 70.18261 70.00719 69.82676 69.64095 69.44938 69.25161 69.04720 68.83566 68.61645 68.38899 68.15265 67.90673 67.65046 67.38302 67.10348 66.81083 66.50393 66.18153 65.84224 65.48448 65.10652 64.70638 64.28184 63.83037 63.34912 62.83482 62.28373 61.69153 61.05325 60.36312 59.61441 58.79924 57.90834 56.93073 55.85341 54.66086 53.33449 51.85198 50.18649 48.30575 46.17103 43.73631 40.94761 37.74338 34.05657 29.82015 24.97795 19.50313 13.42420 6.85326 0.00000 
100.00000 97.29769 94.74487 92.43907 90.41819 88.67761 87.19031 85.92122 84.83529 83.90107 83.09190 82.38580 81.76490 81.21478 80.72382 80.28258 79.88342 79.52011 79.18749 78.88134 78.59811 78.33485 78.08907 77.85865 77.64178 77.43692 77.24274 77.05809 76.88195 76.71344 76.55179 76.39631 76.24640 76.10151 75.96116 75.82490 75.69236 75.56317 75.43700 75.31356 75.19257 75.07378 74.95697 74.84190 74.72839 74.61624 74.50527 74.39531 74.28619 74.17778 74.06990 73.96244 73.85523 73.74816 73.64108 73.53386 73.42638 73.31851 73.21011 73.10106 72.99124 72.88050 72.76872 72.65576 72.54148 72.42573 72.30837 72.18925 72.06821 71.94507 71.81967 71.69183 71.56135 71.42803 71.29165 71.15200 71.00883 70.86187 70.71087 70.55552 70.39551 70.23049 70.06010 69.88395 69.70159 69.51257 69.31637 69.11244 68.90017 68.67888 68.44783 68.20622 67.95315 67.68760 67.40848 67.11453 66.80437 66.47642 66.12892 65.75988 65.36701 64.94772 64.49905 64.01757 63.49932 62.93971 62.33338 61.67402 60.95418 60.16503 59.29601 58.33442 57.26489 56.06871 54.72298 53.19947 51.46330 49.47124 47.16973 44.49286 41.36064 37.67880 33.34217 28.24558 22.30798 15.51556 7.98202 0.00000 
100.00000 96.77887 93.81456 91.23996 89.07635 87.28493 85.80623 84.58081 83.55727 82.69395 81.95815 81.32444 80.77316 80.28903 79.86011 79.47697 79.13215 78.81964 78.53460 78.27305 78.03174 77.80796 77.59947 77.40435 77.22099 77.04803 76.88428 76.72872 76.58048 76.43878 76.30295 76.17240 76.04659 75.92507 75.80740 75.69323 75.58220 75.47402 75.36841 75.26511 75.16388 75.06453 74.96684 74.87064 74.77574 74.68200 74.58926 74.49737 74.40620 74.31562 74.22550 74.13573 74.04618 73.95675 73.86731 73.77776 73.68800 73.59790 73.50737 73.41630 73.32458 73.23209 73.13873 73.04437 72.94892 72.85223 72.75420 72.65468 72.55355 72.45067 72.34589 72.23906 72.13001 72.01857 71.90458 71.78782 71.66811 71.54522 71.41893 71.28897 71.15510 71.01701 70.87439 70.72692 70.57422 70.41590 70.25152 70.08061 69.90265 69.71707 69.52324 69.32046 69.10796 68.88489 68.65028 68.40307 68.14206 67.86589 67.57304 67.26176 66.93008 66.57573 66.19611 65.78819 65.34849 64.87293 64.35669 63.79411 63.17845 62.50162 61.75388 60.92338 59.99557 58.95250 57.77175 56.42511 54.87677 53.08091 50.97854 48.49346 45.52753 41.95582 37.62416 32.35421 25.96765 18.34804 9.55927 0.00000 
100.00000 96.00322 92.49454 89.62985 87.36235 85.57952 84.16887 83.03853 82.11902 81.35934 80.72230 80.18066 79.71429 79.30809 78.95062 78.63307 78.34858 78.09173 77.85821 77.64453 77.44784 77.26581 77.09650 76.93830 76.78983 76.64994 76.51763 76.39206 76.27249 76.15828 76.04886 75.94376 75.84253 75.74478 75.65019 75.55843 75.46923 75.38234 75.29753 75.21460 75.13336 75.05363 74.97526 74.89808 74.82197 74.74679 74.67242 74.59874 74.52565 74.45303 74.38079 74.30883 74.23705 74.16537 74.09368 74.02191 73.94997 73.87776 73.80521 73.73222 73.65870 73.58458 73.50975 73.43413 73.35762 73.28012 73.20153 73.12176 73.04069 72.95820 72.87419 72.78853 72.70108 72.61172 72.52029 72.42664 72.33060 72.23201 72.13067 72.02638 71.91893 71.80807 71.69357 71.57514 71.45250 71.32531 71.19322 71.05586 70.91278 70.76354 70.60761 70.44443 70.27337 70.09372 69.90470 69.70544 69.49493 69.27207 69.03560 68.78407 68.51584 68.22903 67.92147 67.59062 67.23356 66.84682 66.42635 65.96730 65.46389 64.90913 64.29453 63.60964 62.84154 61.97399 60.98643 59.85247 58.53776 56.99709 55.17004 52.97493 50.30018 46.99282 42.84444 37.57946 30.86037 22.34969 11.90701 0.00000 
100.00000 94.73947 90.53054 87.42257 85.16367 83.50195 82.25122 81.28541 80.52094 79.90209 79.39105 78.96163 78.59524 78.27842 78.00122 77.75611 77.53737 77.34051 77.16200 76.99902 76.84929 76.71095 76.58245 76.46253 76.35011 76.24428 76.14427 76.04942 75.95916 75.87299 75.79048 75.71126 75.63499 75.56137 75.49015 75.42108 75.35396 75.28859 75.22480 75.16243 75.10134 75.04140 74.98249 74.92448 74.86728 74.81079 74.75491 74.69955 74.64464 74.59009 74.53582 74.48177 74.42785 74.37401 74.32017 74.26626 74.21223 74.15800 74.10350 74.04868 73.99347 73.93780 73.88159 73.82479 73.76732 73.70911 73.65008 73.59016 73.52925 73.46729 73.40417 73.33981 73.27410 73.20695 73.13824 73.06786 72.99568 72.92156 72.84538 72.76697 72.68618 72.60281 72.51669 72.42761 72.33534 72.23963 72.14023 72.03682 71.92911 71.81672 71.69926 71.57631 71.44739 71.31195 71.16939 71.01905 70.86017 70.69188 70.51323 70.32309 70.12020 69.90311 69.67012 69.41928 69.14830 68.85447 68.53459 68.18487 67.80069 67.37650 66.90546 66.37914 65.78695 65.11549 64.34753 63.46056 62.42473 61.19966 59.72963 57.93602 55.70547 52.87081 49.18134 44.25881 37.54469 28.28333 15.71908 0.00000 
100.00000 92.42411 87.46559 84.36622 82.36780 81.01338 80.04866 79.33096 78.77725 78.33703 77.97820 77.67957 77.42664 77.20915 77.01971 76.85281 76.70429 76.57094 76.45026 76.34027 76.23936 76.14624 76.05984 75.97927 75.90380 75.83281 75.76575 75.70220 75.64174 75.58405 75.52883 75.47583 75.42481 75.37559 75.32797 75.28180 75.23695 75.19327 75.15065 75.10900 75.06820 75.02817 74.98883 74.95010 74.91191 74.87419 74.83689 74.79994 74.76329 74.72688 74.69066 74.65458 74.61860 74.58266 74.54673 74.51076 74.47470 74.43851 74.40214 74.36556 74.32871 74.29156 74.25405 74.21615 74.17779 74.13894 74.09954 74.05955 74.01890 73.97754 73.93541 73.89244 73.84858 73.80375 73.75788 73.71089 73.66270 73.61321 73.56234 73.50997 73.45601 73.40033 73.34280 73.28328 73.22163 73.15768 73.09124 73.02213 72.95011 72.87497 72.79642 72.71418 72.62793 72.53730 72.44188 72.34123 72.23482 72.12208 72.00235 71.87487 71.73878 71.59309 71.43664 71.26810 71.08589 70.88816 70.67271 70.43689 70.17752 69.89071 69.57169 69.21451 68.81165 68.35351 67.82763 67.21752 66.50095 65.64721 64.61278 63.33408 61.71486 59.60363 56.75128 52.72977 46.77626 37.51986 22.68598 0.00000 
100.00000 87.49140 82.54147 80.20891 78.92795 78.13510 77.59907 77.21253 76.92009 76.69056 76.50515 76.35182 76.22258 76.11185 76.01567 75.93113 75.85603 75.78870 75.72785 75.67244 75.62166 75.57482 75.53140 75.49092 75.45303 75.41740 75.38376 75.35188 75.32156 75.29264 75.26497 75.23841 75.21285 75.18820 75.16435 75.14123 75.11877 75.09690 75.07557 75.05471 75.03429 75.01425 74.99456 74.97518 74.95607 74.93720 74.91853 74.90004 74.88170 74.86348 74.84536 74.82731 74.80931 74.79133 74.77335 74.75536 74.73731 74.71921 74.70101 74.68271 74.66428 74.64569 74.62692 74.60796 74.58877 74.56933 74.54962 74.52961 74.50927 74.48857 74.46749 74.44599 74.42405 74.40161 74.37866 74.35514 74.33102 74.30625 74.28079 74.25458 74.22757 74.19970 74.17090 74.14110 74.11024 74.07821 74.04495 74.01033 73.97427 73.93663 73.89728 73.85608 73.81286 73.76745 73.71962 73.66917 73.61582 73.55928 73.49922 73.43526 73.36697 73.29383 73.21527 73.13060 73.03902 72.93959 72.83119 72.71246 72.58178 72.43715 72.27610 72.09556 71.89162 71.65927 71.39196 71.08096 70.71434 70.27544 69.74021 69.07264 68.21627 67.07757 65.49039 63.13272 59.31072 52.33389 37.50497 0.00000 
75.00000 75.00000 75.00000 75.00000 75.00000 75.00000 75.00000 75.00000 75.00000 75.00000 75.00000 75.00000 75.00000 75.00000 75.00000 75.00000 75.00000 75.00000 75.00000 75.00000 75.00000 75.00000 75.00000 75.00000 75.00000 75.00000 75.00000 75.00000 75.00000 75.00000 75.00000 75.00000 75.00000 75.00000 75.00000 75.00000 75.00000 75.00000 75.00000 75.00000 75.00000 75.00000 75.00000 75.00000 75.00000 75.00000 75.00000 75.00000 75.00000 75.00000 75.00000 75.00000 75.00000 75.00000 75.00000 75.00000 75.00000 75.00000 75.00000 75.00000 75.00000 75.00000 75.00000 75.00000 75.00000 75.00000 75.00000 75.00000 75.00000 75.00000 75.00000 75.00000 75.00000 75.00000 75.00000 75.00000 75.00000 75.00000 75.00000 75.00000 75.00000 75.00000 75.00000 75.00000 75.00000 75.00000 75.00000 75.00000 75.00000 75.00000 75.00000 75.00000 75.00000 75.00000 75.00000 75.00000 75.00000 75.00000 75.00000 75.00000 75.00000 75.00000 75.00000 75.00000 75.00000 75.00000 75.00000 75.00000 75.00000 75.00000 75.00000 75.00000 75.00000 75.00000 75.00000 75.00000 75.00000 75.00000 75.00000 75.00000 75.00000 75.00000 75.00000 75.00000 75.00000 75.00000 75.00000 75.00000 
